#
# There is insufficient memory for the Java Runtime Environment to continue.
# Native memory allocation (mmap) failed to map 1117782016 bytes. Error detail: G1 virtual space
# Possible reasons:
#   The system is out of physical RAM or swap space
#   This process is running with CompressedOops enabled, and the Java Heap may be blocking the growth of the native heap
# Possible solutions:
#   Reduce memory load on the system
#   Increase physical memory or swap space
#   Check if swap backing store is full
#   Decrease Java heap size (-Xmx/-Xms)
#   Decrease number of Java threads
#   Decrease Java thread stack sizes (-Xss)
#   Set larger code cache with -XX:ReservedCodeCacheSize=
#   JVM is running with Zero Based Compressed Oops mode in which the Java heap is
#     placed in the first 32GB address space. The Java Heap base address is the
#     maximum limit for the native heap growth. Please use -XX:HeapBaseMinAddress
#     to set the Java Heap base and to place the Java Heap above 32GB virtual address.
# This output file may be truncated or incomplete.
#
#  Out of Memory Error (os_windows.cpp:3554), pid=536984, tid=536688
#
# JRE version: OpenJDK Runtime Environment Temurin-25.0.3+9 (25.0.3+9) (build 25.0.3+9-LTS)
# Java VM: OpenJDK 64-Bit Server VM Temurin-25.0.3+9 (25.0.3+9-LTS, mixed mode, sharing, tiered, compressed oops, compressed class ptrs, g1 gc, windows-amd64)
# No core dump will be written. Minidumps are not enabled by default on client versions of Windows
#

---------------  S U M M A R Y ------------

Command Line: -Xss64m C:\Users\Darsh Gupta\AppData\Local\freerouting\app\freerouting-executable.jar -de D:\CodeProjects\drone-arm\tmp\main_board.dsn -do D:\CodeProjects\drone-arm\tmp\main_board_routed.ses -mp 10 -mt 4

Host: AMD Ryzen 7 7735HS with Radeon Graphics        , 16 cores, 15G,  Windows 11 , 64 bit Build 26100 (10.0.26100.8875)
Time: Tue Aug 25 12:55:33 2026 India Standard Time elapsed time: 47.396324 seconds (0d 0h 0m 47s)

---------------  T H R E A D  ---------------

Current thread (0x000001a5b2aaf390):  VMThread "VM Thread"          [id=536688, stack(0x00000076e5a00000,0x00000076e5b00000) (1024K)]

Stack: [0x00000076e5a00000,0x00000076e5b00000]
Native frames: (J=compiled Java code, j=interpreted, Vv=VM code, C=native code)
V  [jvm.dll+0x7aa709]  (no source info available)
V  [jvm.dll+0x7749ed]  (no source info available)
V  [jvm.dll+0x9f7433]  (no source info available)
V  [jvm.dll+0x9f9a21]  (no source info available)
V  [jvm.dll+0x9fa133]  (no source info available)
V  [jvm.dll+0x2fd266]  (no source info available)
V  [jvm.dll+0x7a6935]  (no source info available)
V  [jvm.dll+0x799d87]  (no source info available)
V  [jvm.dll+0x3f5d88]  (no source info available)
V  [jvm.dll+0x3fdcf6]  (no source info available)
V  [jvm.dll+0x3ea45e]  (no source info available)
V  [jvm.dll+0x3ea718]  (no source info available)
V  [jvm.dll+0x3c1575]  (no source info available)
V  [jvm.dll+0x3c160a]  (no source info available)
V  [jvm.dll+0x40ead6]  (no source info available)
V  [jvm.dll+0x40d3e8]  (no source info available)
V  [jvm.dll+0x3c0ca7]  (no source info available)
V  [jvm.dll+0x40c7cf]  (no source info available)
V  [jvm.dll+0xa00382]  (no source info available)
V  [jvm.dll+0xa016a1]  (no source info available)
V  [jvm.dll+0xa01c18]  (no source info available)
V  [jvm.dll+0xa01eb3]  (no source info available)
V  [jvm.dll+0x99894d]  (no source info available)
V  [jvm.dll+0x7a8ce5]  (no source info available)
C  [ucrtbase.dll+0x2cd30]  (no source info available)
C  [KERNEL32.DLL+0x2e957]  (no source info available)
C  [ntdll.dll+0xaad6c]  (no source info available)

VM_Operation (0x00000076e48328c8): G1CollectForAllocation, mode: safepoint, requested by thread 0x000001a590c880c0


---------------  P R O C E S S  ---------------

Threads class SMR info:
_java_thread_list=0x000001a5d356d5f0, length=21, elements={
0x000001a590c880c0, 0x000001a5b2ac6020, 0x000001a5b2ac7940, 0x000001a5b2acc270,
0x000001a5b2acde40, 0x000001a5b2acf570, 0x000001a5b2ad3450, 0x000001a5b2b02560,
0x000001a5b2b06cb0, 0x000001a5b30d2c30, 0x000001a5b3100d30, 0x000001a5b8048430,
0x000001a5b80493b0, 0x000001a5b890eb00, 0x000001a5b8048bf0, 0x000001a5b89bb440,
0x000001a5b30f91c0, 0x000001a5b30f3400, 0x000001a5b30f1c90, 0x000001a5b30f2c30,
0x000001a5b8914200
}

Java Threads: ( => current thread )
  0x000001a590c880c0 JavaThread "main"                              [_thread_blocked, id=536680, stack(0x00000076e1400000,0x00000076e5400000) (65536K)]
  0x000001a5b2ac6020 JavaThread "Reference Handler"          daemon [_thread_blocked, id=521780, stack(0x00000076e5b00000,0x00000076e9b00000) (65536K)]
  0x000001a5b2ac7940 JavaThread "Finalizer"                  daemon [_thread_blocked, id=533576, stack(0x00000076e9b00000,0x00000076edb00000) (65536K)]
  0x000001a5b2acc270 JavaThread "Signal Dispatcher"          daemon [_thread_blocked, id=532076, stack(0x00000076edb00000,0x00000076f1b00000) (65536K)]
  0x000001a5b2acde40 JavaThread "Attach Listener"            daemon [_thread_blocked, id=535292, stack(0x00000076f1b00000,0x00000076f5b00000) (65536K)]
  0x000001a5b2acf570 JavaThread "Service Thread"             daemon [_thread_blocked, id=536420, stack(0x00000076f5b00000,0x00000076f9b00000) (65536K)]
  0x000001a5b2ad3450 JavaThread "Monitor Deflation Thread"   daemon [_thread_blocked, id=536388, stack(0x00000076f9b00000,0x00000076fdb00000) (65536K)]
  0x000001a5b2b02560 JavaThread "C2 CompilerThread0"         daemon [_thread_blocked, id=508496, stack(0x00000076fdb00000,0x00000076fdc00000) (1024K)]
  0x000001a5b2b06cb0 JavaThread "C1 CompilerThread0"         daemon [_thread_blocked, id=536196, stack(0x00000076fdc00000,0x00000076fdd00000) (1024K)]
  0x000001a5b30d2c30 JavaThread "Notification Thread"        daemon [_thread_blocked, id=536584, stack(0x0000007680000000,0x0000007684000000) (65536K)]
  0x000001a5b3100d30 JavaThread "Common-Cleaner"             daemon [_thread_blocked, id=535416, stack(0x0000007684000000,0x0000007688000000) (65536K)]
  0x000001a5b8048430 JavaThread "Java2D Disposer"            daemon [_thread_blocked, id=537224, stack(0x0000007688000000,0x000000768c000000) (65536K)]
  0x000001a5b80493b0 JavaThread "AWT-Windows"                daemon [_thread_blocked, id=536580, stack(0x0000007690000000,0x0000007694000000) (65536K)]
  0x000001a5b890eb00 JavaThread "Thread-0"                          [_thread_blocked, id=536848, stack(0x0000007694000000,0x0000007698000000) (65536K)]
  0x000001a5b8048bf0 JavaThread "Thread-1"                          [_thread_blocked, id=533556, stack(0x000000768c000000,0x0000007690000000) (65536K)]
  0x000001a5b89bb440 JavaThread "Thread-2"                          [_thread_blocked, id=536728, stack(0x0000007698000000,0x000000769c000000) (65536K)]
  0x000001a5b30f91c0 JavaThread "ForkJoinPool.commonPool-worker-1" daemon [_thread_blocked, id=499972, stack(0x00000076acc00000,0x00000076b0c00000) (65536K)]
  0x000001a5b30f3400 JavaThread "Thread-4"                          [_thread_blocked, id=536732, stack(0x00000076a0b00000,0x00000076a4b00000) (65536K)]
  0x000001a5b30f1c90 JavaThread "AWT-Shutdown"                      [_thread_blocked, id=450360, stack(0x00000076a4c00000,0x00000076a8c00000) (65536K)]
  0x000001a5b30f2c30 JavaThread "AWT-EventQueue-0"                  [_thread_blocked, id=534372, stack(0x00000076a8c00000,0x00000076acc00000) (65536K)]
  0x000001a5b8914200 JavaThread "D3D Screen Updater"         daemon [_thread_blocked, id=535944, stack(0x00000076b0c00000,0x00000076b4c00000) (65536K)]
Total: 21

Other Threads:
=>0x000001a5b2aaf390 VMThread "VM Thread"                           [id=536688, stack(0x00000076e5a00000,0x00000076e5b00000) (1024K)]
  0x000001a5b297a870 WatcherThread "VM Periodic Task Thread"        [id=536748, stack(0x00000076e5900000,0x00000076e5a00000) (1024K)]
  0x000001a593163e30 WorkerThread "GC Thread#0"                     [id=535436, stack(0x00000076e5400000,0x00000076e5500000) (1024K)]
  0x000001a5b8a79060 WorkerThread "GC Thread#1"                     [id=536708, stack(0x00000076a0000000,0x00000076a0100000) (1024K)]
  0x000001a5b8a76540 WorkerThread "GC Thread#2"                     [id=536864, stack(0x00000076a0100000,0x00000076a0200000) (1024K)]
  0x000001a5b8a77230 WorkerThread "GC Thread#3"                     [id=535748, stack(0x00000076a0200000,0x00000076a0300000) (1024K)]
  0x000001a5b8a77f20 WorkerThread "GC Thread#4"                     [id=535896, stack(0x00000076a0300000,0x00000076a0400000) (1024K)]
  0x000001a5b8a794b0 WorkerThread "GC Thread#5"                     [id=535008, stack(0x00000076a0400000,0x00000076a0500000) (1024K)]
  0x000001a5b8a760f0 WorkerThread "GC Thread#6"                     [id=537040, stack(0x00000076a0500000,0x00000076a0600000) (1024K)]
  0x000001a5b8a77680 WorkerThread "GC Thread#7"                     [id=530576, stack(0x00000076a0600000,0x00000076a0700000) (1024K)]
  0x000001a5b8a78370 WorkerThread "GC Thread#8"                     [id=530584, stack(0x00000076a0700000,0x00000076a0800000) (1024K)]
  0x000001a5b8a79900 WorkerThread "GC Thread#9"                     [id=536372, stack(0x00000076a0800000,0x00000076a0900000) (1024K)]
  0x000001a5b8a76990 WorkerThread "GC Thread#10"                    [id=533964, stack(0x00000076a0900000,0x00000076a0a00000) (1024K)]
  0x000001a5d383f190 WorkerThread "GC Thread#11"                    [id=506112, stack(0x000000769c200000,0x000000769c300000) (1024K)]
  0x000001a5d3840720 WorkerThread "GC Thread#12"                    [id=535908, stack(0x000000769c300000,0x000000769c400000) (1024K)]
  0x000001a59317cff0 ConcurrentGCThread "G1 Main Marker"            [id=533692, stack(0x00000076e5500000,0x00000076e5600000) (1024K)]
  0x000001a59317d990 WorkerThread "G1 Conc#0"                       [id=534056, stack(0x00000076e5600000,0x00000076e5700000) (1024K)]
  0x000001a5d383e8f0 WorkerThread "G1 Conc#1"                       [id=537032, stack(0x000000769c400000,0x000000769c500000) (1024K)]
  0x000001a5d383fa30 WorkerThread "G1 Conc#2"                       [id=529956, stack(0x000000769c500000,0x000000769c600000) (1024K)]
  0x000001a5b296b0e0 ConcurrentGCThread "G1 Refine#0"               [id=527912, stack(0x00000076e5700000,0x00000076e5800000) (1024K)]
  0x000001a5b296baf0 ConcurrentGCThread "G1 Service"                [id=532836, stack(0x00000076e5800000,0x00000076e5900000) (1024K)]
Total: 21

Threads with active compile tasks:
C2 CompilerThread0  61746 5307       4       app.freerouting.board.PolylineTrace::combine_at_start (769 bytes)
Total: 1

VM state: at safepoint (normal execution)

VM Mutex/Monitor currently owned by a thread:  ([mutex/lock_event])
[0x00007ffa9a5a96a8] Threads_lock - owner thread: 0x000001a5b2aaf390
[0x00007ffa9a5a9828] Heap_lock - owner thread: 0x000001a590c880c0

Heap address: 0x000000070ca00000, size: 3894 MB, Compressed Oops mode: Zero based, Oop shift amount: 3

CDS archive(s) mapped at: [0x0000000019000000-0x0000000019dd0000-0x0000000019dd0000), size 14483456, SharedBaseAddress: 0x0000000019000000, ArchiveRelocationMode: 1.
Compressed class space mapped at: 0x000000001a000000-0x000000005a000000, reserved size: 1073741824
UseCompressedClassPointers 1, UseCompactObjectHeaders 0
Narrow klass pointer bits 32, Max shift 3
Narrow klass base: 0x0000000019000000, Narrow klass shift: 0
Encoding Range: [0x0000000019000000 - 0x0000000119000000), (4294967296 bytes)
Klass Range:    [0x0000000019010000 - 0x000000005a000000), (1090453504 bytes)
Klass ID Range:  [65536 - 1090519033) (1090453497)
Protection zone: [0x0000000019000000 - 0x0000000019010000), (65536 bytes)

GC Precious Log:
 CardTable entry size: 512
 Card Set container configuration: InlinePtr #cards 4 size 8 Array Of Cards #cards 16 size 48 Howl #buckets 8 coarsen threshold 3686 Howl Bitmap #cards 512 size 80 coarsen threshold 460 Card regions per heap region 1 cards per card region 4096
 CPUs: 16 total, 16 available
 Memory: 15571M
 Large Page Support: Disabled
 NUMA Support: Disabled
 Compressed Oops: Enabled (Zero based)
 Heap Region Size: 2M
 Heap Min Capacity: 8M
 Heap Initial Capacity: 244M
 Heap Max Capacity: 3894M
 Pre-touch: Disabled
 Parallel Workers: 13
 Concurrent Workers: 3
 Concurrent Refinement Workers: 13
 Periodic GC: Disabled

Heap:
 garbage-first heap   total reserved 3987456K, committed 1136640K, used 60917K [0x000000070ca00000, 0x0000000800000000)
  region size 2048K, 1 young (2048K), 1 survivors (2048K)

Heap Regions: E=young(eden), S=young(survivor), O=old, HS=humongous(starts), HC=humongous(continues), CS=collection set, F=free, TAMS=top-at-mark-start, PB=parsable bottom
|   0|0x000000070ca00000, 0x000000070cc00000, 0x000000070cc00000|100%|HS|  |TAMS 0x000000070ca00000| PB 0x000000070ca00000| Complete |  0
|   1|0x000000070cc00000, 0x000000070ce00000, 0x000000070ce00000|100%|HC|  |TAMS 0x000000070cc00000| PB 0x000000070cc00000| Complete |  0
|   2|0x000000070ce00000, 0x000000070ce6d2f0, 0x000000070d000000| 21%| O|  |TAMS 0x000000070ce00000| PB 0x000000070ce00000| Untracked |  0
|   3|0x000000070d000000, 0x000000070d200000, 0x000000070d200000|100%| O|  |TAMS 0x000000070d000000| PB 0x000000070d000000| Untracked |  0
|   4|0x000000070d200000, 0x000000070d400000, 0x000000070d400000|100%| O|  |TAMS 0x000000070d200000| PB 0x000000070d200000| Untracked |  0
|   5|0x000000070d400000, 0x000000070d600000, 0x000000070d600000|100%|HS|  |TAMS 0x000000070d400000| PB 0x000000070d400000| Complete |  0
|   6|0x000000070d600000, 0x000000070d800000, 0x000000070d800000|100%|HC|  |TAMS 0x000000070d600000| PB 0x000000070d600000| Complete |  0
|   7|0x000000070d800000, 0x000000070da00000, 0x000000070da00000|100%|HC|  |TAMS 0x000000070d800000| PB 0x000000070d800000| Complete |  0
|   8|0x000000070da00000, 0x000000070dc00000, 0x000000070dc00000|100%|HC|  |TAMS 0x000000070da00000| PB 0x000000070da00000| Complete |  0
|   9|0x000000070dc00000, 0x000000070de00000, 0x000000070de00000|100%|HC|  |TAMS 0x000000070dc00000| PB 0x000000070dc00000| Complete |  0
|  10|0x000000070de00000, 0x000000070e000000, 0x000000070e000000|100%|HC|  |TAMS 0x000000070de00000| PB 0x000000070de00000| Complete |  0
|  11|0x000000070e000000, 0x000000070e200000, 0x000000070e200000|100%|HC|  |TAMS 0x000000070e000000| PB 0x000000070e000000| Complete |  0
|  12|0x000000070e200000, 0x000000070e400000, 0x000000070e400000|100%|HC|  |TAMS 0x000000070e200000| PB 0x000000070e200000| Complete |  0
|  13|0x000000070e400000, 0x000000070e600000, 0x000000070e600000|100%|HC|  |TAMS 0x000000070e400000| PB 0x000000070e400000| Complete |  0
|  14|0x000000070e600000, 0x000000070e800000, 0x000000070e800000|100%|HC|  |TAMS 0x000000070e600000| PB 0x000000070e600000| Complete |  0
|  15|0x000000070e800000, 0x000000070ea00000, 0x000000070ea00000|100%|HC|  |TAMS 0x000000070e800000| PB 0x000000070e800000| Complete |  0
|  16|0x000000070ea00000, 0x000000070ec00000, 0x000000070ec00000|100%|HC|  |TAMS 0x000000070ea00000| PB 0x000000070ea00000| Complete |  0
|  17|0x000000070ec00000, 0x000000070ee00000, 0x000000070ee00000|100%|HC|  |TAMS 0x000000070ec00000| PB 0x000000070ec00000| Complete |  0
|  18|0x000000070ee00000, 0x000000070f000000, 0x000000070f000000|100%|HC|  |TAMS 0x000000070ee00000| PB 0x000000070ee00000| Complete |  0
|  19|0x000000070f000000, 0x000000070f200000, 0x000000070f200000|100%|HC|  |TAMS 0x000000070f000000| PB 0x000000070f000000| Complete |  0
|  20|0x000000070f200000, 0x000000070f400000, 0x000000070f400000|100%|HC|  |TAMS 0x000000070f200000| PB 0x000000070f200000| Complete |  0
|  21|0x000000070f400000, 0x000000070f600000, 0x000000070f600000|100%|HC|  |TAMS 0x000000070f400000| PB 0x000000070f400000| Complete |  0
|  22|0x000000070f600000, 0x000000070f800000, 0x000000070f800000|100%| O|  |TAMS 0x000000070f600000| PB 0x000000070f600000| Untracked |  0
|  23|0x000000070f800000, 0x000000070fa00000, 0x000000070fa00000|100%| O|  |TAMS 0x000000070f800000| PB 0x000000070f800000| Untracked |  0
|  24|0x000000070fa00000, 0x000000070fb0c1f0, 0x000000070fc00000| 52%| O|  |TAMS 0x000000070fa00000| PB 0x000000070fa00000| Untracked |  0
|  25|0x000000070fc00000, 0x000000070fc00000, 0x000000070fe00000|  0%| F|  |TAMS 0x000000070fc00000| PB 0x000000070fc00000| Untracked |  0
|  26|0x000000070fe00000, 0x000000070fe00000, 0x0000000710000000|  0%| F|  |TAMS 0x000000070fe00000| PB 0x000000070fe00000| Untracked |  0
|  27|0x0000000710000000, 0x0000000710000000, 0x0000000710200000|  0%| F|  |TAMS 0x0000000710000000| PB 0x0000000710000000| Untracked |  0
|  28|0x0000000710200000, 0x0000000710200000, 0x0000000710400000|  0%| F|  |TAMS 0x0000000710200000| PB 0x0000000710200000| Untracked |  0
|  29|0x0000000710400000, 0x0000000710400000, 0x0000000710600000|  0%| F|  |TAMS 0x0000000710400000| PB 0x0000000710400000| Untracked |  0
|  30|0x0000000710600000, 0x0000000710600000, 0x0000000710800000|  0%| F|  |TAMS 0x0000000710600000| PB 0x0000000710600000| Untracked |  0
|  31|0x0000000710800000, 0x0000000710800000, 0x0000000710a00000|  0%| F|  |TAMS 0x0000000710800000| PB 0x0000000710800000| Untracked |  0
|  32|0x0000000710a00000, 0x0000000710a00000, 0x0000000710c00000|  0%| F|  |TAMS 0x0000000710a00000| PB 0x0000000710a00000| Untracked |  0
|  33|0x0000000710c00000, 0x0000000710c00000, 0x0000000710e00000|  0%| F|  |TAMS 0x0000000710c00000| PB 0x0000000710c00000| Untracked |  0
|  34|0x0000000710e00000, 0x0000000710e00000, 0x0000000711000000|  0%| F|  |TAMS 0x0000000710e00000| PB 0x0000000710e00000| Untracked |  0
|  35|0x0000000711000000, 0x0000000711000000, 0x0000000711200000|  0%| F|  |TAMS 0x0000000711000000| PB 0x0000000711000000| Untracked |  0
|  36|0x0000000711200000, 0x0000000711200000, 0x0000000711400000|  0%| F|  |TAMS 0x0000000711200000| PB 0x0000000711200000| Untracked |  0
|  37|0x0000000711400000, 0x0000000711400000, 0x0000000711600000|  0%| F|  |TAMS 0x0000000711400000| PB 0x0000000711400000| Untracked |  0
|  38|0x0000000711600000, 0x0000000711600000, 0x0000000711800000|  0%| F|  |TAMS 0x0000000711600000| PB 0x0000000711600000| Untracked |  0
|  39|0x0000000711800000, 0x0000000711800000, 0x0000000711a00000|  0%| F|  |TAMS 0x0000000711800000| PB 0x0000000711800000| Untracked |  0
|  40|0x0000000711a00000, 0x0000000711a00000, 0x0000000711c00000|  0%| F|  |TAMS 0x0000000711a00000| PB 0x0000000711a00000| Untracked |  0
|  41|0x0000000711c00000, 0x0000000711c00000, 0x0000000711e00000|  0%| F|  |TAMS 0x0000000711c00000| PB 0x0000000711c00000| Untracked |  0
|  42|0x0000000711e00000, 0x0000000711e00000, 0x0000000712000000|  0%| F|  |TAMS 0x0000000711e00000| PB 0x0000000711e00000| Untracked |  0
|  43|0x0000000712000000, 0x0000000712000000, 0x0000000712200000|  0%| F|  |TAMS 0x0000000712000000| PB 0x0000000712000000| Untracked |  0
|  44|0x0000000712200000, 0x0000000712200000, 0x0000000712400000|  0%| F|  |TAMS 0x0000000712200000| PB 0x0000000712200000| Untracked |  0
|  45|0x0000000712400000, 0x0000000712400000, 0x0000000712600000|  0%| F|  |TAMS 0x0000000712400000| PB 0x0000000712400000| Untracked |  0
|  46|0x0000000712600000, 0x0000000712600000, 0x0000000712800000|  0%| F|  |TAMS 0x0000000712600000| PB 0x0000000712600000| Untracked |  0
|  47|0x0000000712800000, 0x0000000712800000, 0x0000000712a00000|  0%| F|  |TAMS 0x0000000712800000| PB 0x0000000712800000| Untracked |  0
|  48|0x0000000712a00000, 0x0000000712a00000, 0x0000000712c00000|  0%| F|  |TAMS 0x0000000712a00000| PB 0x0000000712a00000| Untracked |  0
|  49|0x0000000712c00000, 0x0000000712c00000, 0x0000000712e00000|  0%| F|  |TAMS 0x0000000712c00000| PB 0x0000000712c00000| Untracked |  0
|  50|0x0000000712e00000, 0x0000000712e00000, 0x0000000713000000|  0%| F|  |TAMS 0x0000000712e00000| PB 0x0000000712e00000| Untracked |  0
|  51|0x0000000713000000, 0x0000000713000000, 0x0000000713200000|  0%| F|  |TAMS 0x0000000713000000| PB 0x0000000713000000| Untracked |  0
|  52|0x0000000713200000, 0x0000000713200000, 0x0000000713400000|  0%| F|  |TAMS 0x0000000713200000| PB 0x0000000713200000| Untracked |  0
|  53|0x0000000713400000, 0x0000000713400000, 0x0000000713600000|  0%| F|  |TAMS 0x0000000713400000| PB 0x0000000713400000| Untracked |  0
|  54|0x0000000713600000, 0x0000000713600000, 0x0000000713800000|  0%| F|  |TAMS 0x0000000713600000| PB 0x0000000713600000| Untracked |  0
|  55|0x0000000713800000, 0x0000000713800000, 0x0000000713a00000|  0%| F|  |TAMS 0x0000000713800000| PB 0x0000000713800000| Untracked |  0
|  56|0x0000000713a00000, 0x0000000713a00000, 0x0000000713c00000|  0%| F|  |TAMS 0x0000000713a00000| PB 0x0000000713a00000| Untracked |  0
|  57|0x0000000713c00000, 0x0000000713c00000, 0x0000000713e00000|  0%| F|  |TAMS 0x0000000713c00000| PB 0x0000000713c00000| Untracked |  0
|  58|0x0000000713e00000, 0x0000000713e00000, 0x0000000714000000|  0%| F|  |TAMS 0x0000000713e00000| PB 0x0000000713e00000| Untracked |  0
|  59|0x0000000714000000, 0x0000000714000000, 0x0000000714200000|  0%| F|  |TAMS 0x0000000714000000| PB 0x0000000714000000| Untracked |  0
|  60|0x0000000714200000, 0x0000000714200000, 0x0000000714400000|  0%| F|  |TAMS 0x0000000714200000| PB 0x0000000714200000| Untracked |  0
|  61|0x0000000714400000, 0x0000000714400000, 0x0000000714600000|  0%| F|  |TAMS 0x0000000714400000| PB 0x0000000714400000| Untracked |  0
|  62|0x0000000714600000, 0x0000000714600000, 0x0000000714800000|  0%| F|  |TAMS 0x0000000714600000| PB 0x0000000714600000| Untracked |  0
|  63|0x0000000714800000, 0x0000000714800000, 0x0000000714a00000|  0%| F|  |TAMS 0x0000000714800000| PB 0x0000000714800000| Untracked |  0
|  64|0x0000000714a00000, 0x0000000714a00000, 0x0000000714c00000|  0%| F|  |TAMS 0x0000000714a00000| PB 0x0000000714a00000| Untracked |  0
|  65|0x0000000714c00000, 0x0000000714c00000, 0x0000000714e00000|  0%| F|  |TAMS 0x0000000714c00000| PB 0x0000000714c00000| Untracked |  0
|  66|0x0000000714e00000, 0x0000000714e00000, 0x0000000715000000|  0%| F|  |TAMS 0x0000000714e00000| PB 0x0000000714e00000| Untracked |  0
|  67|0x0000000715000000, 0x0000000715000000, 0x0000000715200000|  0%| F|  |TAMS 0x0000000715000000| PB 0x0000000715000000| Untracked |  0
|  68|0x0000000715200000, 0x0000000715200000, 0x0000000715400000|  0%| F|  |TAMS 0x0000000715200000| PB 0x0000000715200000| Untracked |  0
|  69|0x0000000715400000, 0x0000000715400000, 0x0000000715600000|  0%| F|  |TAMS 0x0000000715400000| PB 0x0000000715400000| Untracked |  0
|  70|0x0000000715600000, 0x0000000715600000, 0x0000000715800000|  0%| F|  |TAMS 0x0000000715600000| PB 0x0000000715600000| Untracked |  0
|  71|0x0000000715800000, 0x0000000715800000, 0x0000000715a00000|  0%| F|  |TAMS 0x0000000715800000| PB 0x0000000715800000| Untracked |  0
|  72|0x0000000715a00000, 0x0000000715a00000, 0x0000000715c00000|  0%| F|  |TAMS 0x0000000715a00000| PB 0x0000000715a00000| Untracked |  0
|  73|0x0000000715c00000, 0x0000000715c00000, 0x0000000715e00000|  0%| F|  |TAMS 0x0000000715c00000| PB 0x0000000715c00000| Untracked |  0
|  74|0x0000000715e00000, 0x0000000715e00000, 0x0000000716000000|  0%| F|  |TAMS 0x0000000715e00000| PB 0x0000000715e00000| Untracked |  0
|  75|0x0000000716000000, 0x0000000716000000, 0x0000000716200000|  0%| F|  |TAMS 0x0000000716000000| PB 0x0000000716000000| Untracked |  0
|  76|0x0000000716200000, 0x0000000716200000, 0x0000000716400000|  0%| F|  |TAMS 0x0000000716200000| PB 0x0000000716200000| Untracked |  0
|  77|0x0000000716400000, 0x0000000716400000, 0x0000000716600000|  0%| F|  |TAMS 0x0000000716400000| PB 0x0000000716400000| Untracked |  0
|  78|0x0000000716600000, 0x0000000716600000, 0x0000000716800000|  0%| F|  |TAMS 0x0000000716600000| PB 0x0000000716600000| Untracked |  0
|  79|0x0000000716800000, 0x0000000716800000, 0x0000000716a00000|  0%| F|  |TAMS 0x0000000716800000| PB 0x0000000716800000| Untracked |  0
|  80|0x0000000716a00000, 0x0000000716a00000, 0x0000000716c00000|  0%| F|  |TAMS 0x0000000716a00000| PB 0x0000000716a00000| Untracked |  0
|  81|0x0000000716c00000, 0x0000000716c00000, 0x0000000716e00000|  0%| F|  |TAMS 0x0000000716c00000| PB 0x0000000716c00000| Untracked |  0
|  82|0x0000000716e00000, 0x0000000716e00000, 0x0000000717000000|  0%| F|  |TAMS 0x0000000716e00000| PB 0x0000000716e00000| Untracked |  0
|  83|0x0000000717000000, 0x0000000717000000, 0x0000000717200000|  0%| F|  |TAMS 0x0000000717000000| PB 0x0000000717000000| Untracked |  0
|  84|0x0000000717200000, 0x0000000717200000, 0x0000000717400000|  0%| F|  |TAMS 0x0000000717200000| PB 0x0000000717200000| Untracked |  0
|  85|0x0000000717400000, 0x0000000717400000, 0x0000000717600000|  0%| F|  |TAMS 0x0000000717400000| PB 0x0000000717400000| Untracked |  0
|  86|0x0000000717600000, 0x0000000717600000, 0x0000000717800000|  0%| F|  |TAMS 0x0000000717600000| PB 0x0000000717600000| Untracked |  0
|  87|0x0000000717800000, 0x0000000717800000, 0x0000000717a00000|  0%| F|  |TAMS 0x0000000717800000| PB 0x0000000717800000| Untracked |  0
|  88|0x0000000717a00000, 0x0000000717a00000, 0x0000000717c00000|  0%| F|  |TAMS 0x0000000717a00000| PB 0x0000000717a00000| Untracked |  0
|  89|0x0000000717c00000, 0x0000000717c00000, 0x0000000717e00000|  0%| F|  |TAMS 0x0000000717c00000| PB 0x0000000717c00000| Untracked |  0
|  90|0x0000000717e00000, 0x0000000717e00000, 0x0000000718000000|  0%| F|  |TAMS 0x0000000717e00000| PB 0x0000000717e00000| Untracked |  0
|  91|0x0000000718000000, 0x0000000718000000, 0x0000000718200000|  0%| F|  |TAMS 0x0000000718000000| PB 0x0000000718000000| Untracked |  0
|  92|0x0000000718200000, 0x0000000718200000, 0x0000000718400000|  0%| F|  |TAMS 0x0000000718200000| PB 0x0000000718200000| Untracked |  0
|  93|0x0000000718400000, 0x0000000718400000, 0x0000000718600000|  0%| F|  |TAMS 0x0000000718400000| PB 0x0000000718400000| Untracked |  0
|  94|0x0000000718600000, 0x0000000718600000, 0x0000000718800000|  0%| F|  |TAMS 0x0000000718600000| PB 0x0000000718600000| Untracked |  0
|  95|0x0000000718800000, 0x0000000718800000, 0x0000000718a00000|  0%| F|  |TAMS 0x0000000718800000| PB 0x0000000718800000| Untracked |  0
|  96|0x0000000718a00000, 0x0000000718a00000, 0x0000000718c00000|  0%| F|  |TAMS 0x0000000718a00000| PB 0x0000000718a00000| Untracked |  0
|  97|0x0000000718c00000, 0x0000000718c00000, 0x0000000718e00000|  0%| F|  |TAMS 0x0000000718c00000| PB 0x0000000718c00000| Untracked |  0
|  98|0x0000000718e00000, 0x0000000718e00000, 0x0000000719000000|  0%| F|  |TAMS 0x0000000718e00000| PB 0x0000000718e00000| Untracked |  0
|  99|0x0000000719000000, 0x0000000719000000, 0x0000000719200000|  0%| F|  |TAMS 0x0000000719000000| PB 0x0000000719000000| Untracked |  0
| 100|0x0000000719200000, 0x0000000719200000, 0x0000000719400000|  0%| F|  |TAMS 0x0000000719200000| PB 0x0000000719200000| Untracked |  0
| 101|0x0000000719400000, 0x0000000719400000, 0x0000000719600000|  0%| F|  |TAMS 0x0000000719400000| PB 0x0000000719400000| Untracked |  0
| 102|0x0000000719600000, 0x0000000719600000, 0x0000000719800000|  0%| F|  |TAMS 0x0000000719600000| PB 0x0000000719600000| Untracked |  0
| 103|0x0000000719800000, 0x0000000719800000, 0x0000000719a00000|  0%| F|  |TAMS 0x0000000719800000| PB 0x0000000719800000| Untracked |  0
| 104|0x0000000719a00000, 0x0000000719a00000, 0x0000000719c00000|  0%| F|  |TAMS 0x0000000719a00000| PB 0x0000000719a00000| Untracked |  0
| 105|0x0000000719c00000, 0x0000000719c00000, 0x0000000719e00000|  0%| F|  |TAMS 0x0000000719c00000| PB 0x0000000719c00000| Untracked |  0
| 106|0x0000000719e00000, 0x0000000719e00000, 0x000000071a000000|  0%| F|  |TAMS 0x0000000719e00000| PB 0x0000000719e00000| Untracked |  0
| 107|0x000000071a000000, 0x000000071a000000, 0x000000071a200000|  0%| F|  |TAMS 0x000000071a000000| PB 0x000000071a000000| Untracked |  0
| 108|0x000000071a200000, 0x000000071a200000, 0x000000071a400000|  0%| F|  |TAMS 0x000000071a200000| PB 0x000000071a200000| Untracked |  0
| 109|0x000000071a400000, 0x000000071a400000, 0x000000071a600000|  0%| F|  |TAMS 0x000000071a400000| PB 0x000000071a400000| Untracked |  0
| 110|0x000000071a600000, 0x000000071a600000, 0x000000071a800000|  0%| F|  |TAMS 0x000000071a600000| PB 0x000000071a600000| Untracked |  0
| 111|0x000000071a800000, 0x000000071a800000, 0x000000071aa00000|  0%| F|  |TAMS 0x000000071a800000| PB 0x000000071a800000| Untracked |  0
| 112|0x000000071aa00000, 0x000000071aa00000, 0x000000071ac00000|  0%| F|  |TAMS 0x000000071aa00000| PB 0x000000071aa00000| Untracked |  0
| 113|0x000000071ac00000, 0x000000071ac00000, 0x000000071ae00000|  0%| F|  |TAMS 0x000000071ac00000| PB 0x000000071ac00000| Untracked |  0
| 114|0x000000071ae00000, 0x000000071ae00000, 0x000000071b000000|  0%| F|  |TAMS 0x000000071ae00000| PB 0x000000071ae00000| Untracked |  0
| 115|0x000000071b000000, 0x000000071b000000, 0x000000071b200000|  0%| F|  |TAMS 0x000000071b000000| PB 0x000000071b000000| Untracked |  0
| 116|0x000000071b200000, 0x000000071b200000, 0x000000071b400000|  0%| F|  |TAMS 0x000000071b200000| PB 0x000000071b200000| Untracked |  0
| 117|0x000000071b400000, 0x000000071b400000, 0x000000071b600000|  0%| F|  |TAMS 0x000000071b400000| PB 0x000000071b400000| Untracked |  0
| 118|0x000000071b600000, 0x000000071b600000, 0x000000071b800000|  0%| F|  |TAMS 0x000000071b600000| PB 0x000000071b600000| Untracked |  0
| 119|0x000000071b800000, 0x000000071b800000, 0x000000071ba00000|  0%| F|  |TAMS 0x000000071b800000| PB 0x000000071b800000| Untracked |  0
| 120|0x000000071ba00000, 0x000000071ba00000, 0x000000071bc00000|  0%| F|  |TAMS 0x000000071ba00000| PB 0x000000071ba00000| Untracked |  0
| 121|0x000000071bc00000, 0x000000071bc00000, 0x000000071be00000|  0%| F|  |TAMS 0x000000071bc00000| PB 0x000000071bc00000| Untracked |  0
| 122|0x000000071be00000, 0x000000071be00000, 0x000000071c000000|  0%| F|  |TAMS 0x000000071be00000| PB 0x000000071be00000| Untracked |  0
| 123|0x000000071c000000, 0x000000071c000000, 0x000000071c200000|  0%| F|  |TAMS 0x000000071c000000| PB 0x000000071c000000| Untracked |  0
| 124|0x000000071c200000, 0x000000071c200000, 0x000000071c400000|  0%| F|  |TAMS 0x000000071c200000| PB 0x000000071c200000| Untracked |  0
| 125|0x000000071c400000, 0x000000071c400000, 0x000000071c600000|  0%| F|  |TAMS 0x000000071c400000| PB 0x000000071c400000| Untracked |  0
| 126|0x000000071c600000, 0x000000071c600000, 0x000000071c800000|  0%| F|  |TAMS 0x000000071c600000| PB 0x000000071c600000| Untracked |  0
| 127|0x000000071c800000, 0x000000071c800000, 0x000000071ca00000|  0%| F|  |TAMS 0x000000071c800000| PB 0x000000071c800000| Untracked |  0
| 128|0x000000071ca00000, 0x000000071ca00000, 0x000000071cc00000|  0%| F|  |TAMS 0x000000071ca00000| PB 0x000000071ca00000| Untracked |  0
| 129|0x000000071cc00000, 0x000000071cc00000, 0x000000071ce00000|  0%| F|  |TAMS 0x000000071cc00000| PB 0x000000071cc00000| Untracked |  0
| 130|0x000000071ce00000, 0x000000071ce00000, 0x000000071d000000|  0%| F|  |TAMS 0x000000071ce00000| PB 0x000000071ce00000| Untracked |  0
| 131|0x000000071d000000, 0x000000071d000000, 0x000000071d200000|  0%| F|  |TAMS 0x000000071d000000| PB 0x000000071d000000| Untracked |  0
| 132|0x000000071d200000, 0x000000071d200000, 0x000000071d400000|  0%| F|  |TAMS 0x000000071d200000| PB 0x000000071d200000| Untracked |  0
| 133|0x000000071d400000, 0x000000071d400000, 0x000000071d600000|  0%| F|  |TAMS 0x000000071d400000| PB 0x000000071d400000| Untracked |  0
| 134|0x000000071d600000, 0x000000071d600000, 0x000000071d800000|  0%| F|  |TAMS 0x000000071d600000| PB 0x000000071d600000| Untracked |  0
| 135|0x000000071d800000, 0x000000071d800000, 0x000000071da00000|  0%| F|  |TAMS 0x000000071d800000| PB 0x000000071d800000| Untracked |  0
| 136|0x000000071da00000, 0x000000071da00000, 0x000000071dc00000|  0%| F|  |TAMS 0x000000071da00000| PB 0x000000071da00000| Untracked |  0
| 137|0x000000071dc00000, 0x000000071dc00000, 0x000000071de00000|  0%| F|  |TAMS 0x000000071dc00000| PB 0x000000071dc00000| Untracked |  0
| 138|0x000000071de00000, 0x000000071de00000, 0x000000071e000000|  0%| F|  |TAMS 0x000000071de00000| PB 0x000000071de00000| Untracked |  0
| 139|0x000000071e000000, 0x000000071e000000, 0x000000071e200000|  0%| F|  |TAMS 0x000000071e000000| PB 0x000000071e000000| Untracked |  0
| 140|0x000000071e200000, 0x000000071e200000, 0x000000071e400000|  0%| F|  |TAMS 0x000000071e200000| PB 0x000000071e200000| Untracked |  0
| 141|0x000000071e400000, 0x000000071e400000, 0x000000071e600000|  0%| F|  |TAMS 0x000000071e400000| PB 0x000000071e400000| Untracked |  0
| 142|0x000000071e600000, 0x000000071e600000, 0x000000071e800000|  0%| F|  |TAMS 0x000000071e600000| PB 0x000000071e600000| Untracked |  0
| 143|0x000000071e800000, 0x000000071e800000, 0x000000071ea00000|  0%| F|  |TAMS 0x000000071e800000| PB 0x000000071e800000| Untracked |  0
| 144|0x000000071ea00000, 0x000000071ea00000, 0x000000071ec00000|  0%| F|  |TAMS 0x000000071ea00000| PB 0x000000071ea00000| Untracked |  0
| 145|0x000000071ec00000, 0x000000071ec00000, 0x000000071ee00000|  0%| F|  |TAMS 0x000000071ec00000| PB 0x000000071ec00000| Untracked |  0
| 146|0x000000071ee00000, 0x000000071ee00000, 0x000000071f000000|  0%| F|  |TAMS 0x000000071ee00000| PB 0x000000071ee00000| Untracked |  0
| 147|0x000000071f000000, 0x000000071f000000, 0x000000071f200000|  0%| F|  |TAMS 0x000000071f000000| PB 0x000000071f000000| Untracked |  0
| 148|0x000000071f200000, 0x000000071f200000, 0x000000071f400000|  0%| F|  |TAMS 0x000000071f200000| PB 0x000000071f200000| Untracked |  0
| 149|0x000000071f400000, 0x000000071f400000, 0x000000071f600000|  0%| F|  |TAMS 0x000000071f400000| PB 0x000000071f400000| Untracked |  0
| 150|0x000000071f600000, 0x000000071f600000, 0x000000071f800000|  0%| F|  |TAMS 0x000000071f600000| PB 0x000000071f600000| Untracked |  0
| 151|0x000000071f800000, 0x000000071f800000, 0x000000071fa00000|  0%| F|  |TAMS 0x000000071f800000| PB 0x000000071f800000| Untracked |  0
| 152|0x000000071fa00000, 0x000000071fa00000, 0x000000071fc00000|  0%| F|  |TAMS 0x000000071fa00000| PB 0x000000071fa00000| Untracked |  0
| 153|0x000000071fc00000, 0x000000071fc00000, 0x000000071fe00000|  0%| F|  |TAMS 0x000000071fc00000| PB 0x000000071fc00000| Untracked |  0
| 154|0x000000071fe00000, 0x000000071fe00000, 0x0000000720000000|  0%| F|  |TAMS 0x000000071fe00000| PB 0x000000071fe00000| Untracked |  0
| 155|0x0000000720000000, 0x0000000720000000, 0x0000000720200000|  0%| F|  |TAMS 0x0000000720000000| PB 0x0000000720000000| Untracked |  0
| 156|0x0000000720200000, 0x0000000720200000, 0x0000000720400000|  0%| F|  |TAMS 0x0000000720200000| PB 0x0000000720200000| Untracked |  0
| 157|0x0000000720400000, 0x0000000720400000, 0x0000000720600000|  0%| F|  |TAMS 0x0000000720400000| PB 0x0000000720400000| Untracked |  0
| 158|0x0000000720600000, 0x0000000720600000, 0x0000000720800000|  0%| F|  |TAMS 0x0000000720600000| PB 0x0000000720600000| Untracked |  0
| 159|0x0000000720800000, 0x0000000720800000, 0x0000000720a00000|  0%| F|  |TAMS 0x0000000720800000| PB 0x0000000720800000| Untracked |  0
| 160|0x0000000720a00000, 0x0000000720a00000, 0x0000000720c00000|  0%| F|  |TAMS 0x0000000720a00000| PB 0x0000000720a00000| Untracked |  0
| 161|0x0000000720c00000, 0x0000000720c00000, 0x0000000720e00000|  0%| F|  |TAMS 0x0000000720c00000| PB 0x0000000720c00000| Untracked |  0
| 162|0x0000000720e00000, 0x0000000720e00000, 0x0000000721000000|  0%| F|  |TAMS 0x0000000720e00000| PB 0x0000000720e00000| Untracked |  0
| 163|0x0000000721000000, 0x0000000721000000, 0x0000000721200000|  0%| F|  |TAMS 0x0000000721000000| PB 0x0000000721000000| Untracked |  0
| 164|0x0000000721200000, 0x0000000721200000, 0x0000000721400000|  0%| F|  |TAMS 0x0000000721200000| PB 0x0000000721200000| Untracked |  0
| 165|0x0000000721400000, 0x0000000721400000, 0x0000000721600000|  0%| F|  |TAMS 0x0000000721400000| PB 0x0000000721400000| Untracked |  0
| 166|0x0000000721600000, 0x0000000721600000, 0x0000000721800000|  0%| F|  |TAMS 0x0000000721600000| PB 0x0000000721600000| Untracked |  0
| 167|0x0000000721800000, 0x0000000721800000, 0x0000000721a00000|  0%| F|  |TAMS 0x0000000721800000| PB 0x0000000721800000| Untracked |  0
| 168|0x0000000721a00000, 0x0000000721a00000, 0x0000000721c00000|  0%| F|  |TAMS 0x0000000721a00000| PB 0x0000000721a00000| Untracked |  0
| 169|0x0000000721c00000, 0x0000000721c00000, 0x0000000721e00000|  0%| F|  |TAMS 0x0000000721c00000| PB 0x0000000721c00000| Untracked |  0
| 170|0x0000000721e00000, 0x0000000721e00000, 0x0000000722000000|  0%| F|  |TAMS 0x0000000721e00000| PB 0x0000000721e00000| Untracked |  0
| 171|0x0000000722000000, 0x0000000722000000, 0x0000000722200000|  0%| F|  |TAMS 0x0000000722000000| PB 0x0000000722000000| Untracked |  0
| 172|0x0000000722200000, 0x0000000722200000, 0x0000000722400000|  0%| F|  |TAMS 0x0000000722200000| PB 0x0000000722200000| Untracked |  0
| 173|0x0000000722400000, 0x0000000722400000, 0x0000000722600000|  0%| F|  |TAMS 0x0000000722400000| PB 0x0000000722400000| Untracked |  0
| 174|0x0000000722600000, 0x0000000722600000, 0x0000000722800000|  0%| F|  |TAMS 0x0000000722600000| PB 0x0000000722600000| Untracked |  0
| 175|0x0000000722800000, 0x0000000722800000, 0x0000000722a00000|  0%| F|  |TAMS 0x0000000722800000| PB 0x0000000722800000| Untracked |  0
| 176|0x0000000722a00000, 0x0000000722a00000, 0x0000000722c00000|  0%| F|  |TAMS 0x0000000722a00000| PB 0x0000000722a00000| Untracked |  0
| 177|0x0000000722c00000, 0x0000000722c00000, 0x0000000722e00000|  0%| F|  |TAMS 0x0000000722c00000| PB 0x0000000722c00000| Untracked |  0
| 178|0x0000000722e00000, 0x0000000722e00000, 0x0000000723000000|  0%| F|  |TAMS 0x0000000722e00000| PB 0x0000000722e00000| Untracked |  0
| 179|0x0000000723000000, 0x0000000723000000, 0x0000000723200000|  0%| F|  |TAMS 0x0000000723000000| PB 0x0000000723000000| Untracked |  0
| 180|0x0000000723200000, 0x0000000723200000, 0x0000000723400000|  0%| F|  |TAMS 0x0000000723200000| PB 0x0000000723200000| Untracked |  0
| 181|0x0000000723400000, 0x0000000723400000, 0x0000000723600000|  0%| F|  |TAMS 0x0000000723400000| PB 0x0000000723400000| Untracked |  0
| 182|0x0000000723600000, 0x0000000723600000, 0x0000000723800000|  0%| F|  |TAMS 0x0000000723600000| PB 0x0000000723600000| Untracked |  0
| 183|0x0000000723800000, 0x0000000723800000, 0x0000000723a00000|  0%| F|  |TAMS 0x0000000723800000| PB 0x0000000723800000| Untracked |  0
| 184|0x0000000723a00000, 0x0000000723a00000, 0x0000000723c00000|  0%| F|  |TAMS 0x0000000723a00000| PB 0x0000000723a00000| Untracked |  0
| 185|0x0000000723c00000, 0x0000000723c00000, 0x0000000723e00000|  0%| F|  |TAMS 0x0000000723c00000| PB 0x0000000723c00000| Untracked |  0
| 186|0x0000000723e00000, 0x0000000723e00000, 0x0000000724000000|  0%| F|  |TAMS 0x0000000723e00000| PB 0x0000000723e00000| Untracked |  0
| 187|0x0000000724000000, 0x0000000724000000, 0x0000000724200000|  0%| F|  |TAMS 0x0000000724000000| PB 0x0000000724000000| Untracked |  0
| 188|0x0000000724200000, 0x0000000724200000, 0x0000000724400000|  0%| F|  |TAMS 0x0000000724200000| PB 0x0000000724200000| Untracked |  0
| 189|0x0000000724400000, 0x0000000724400000, 0x0000000724600000|  0%| F|  |TAMS 0x0000000724400000| PB 0x0000000724400000| Untracked |  0
| 190|0x0000000724600000, 0x0000000724600000, 0x0000000724800000|  0%| F|  |TAMS 0x0000000724600000| PB 0x0000000724600000| Untracked |  0
| 191|0x0000000724800000, 0x0000000724800000, 0x0000000724a00000|  0%| F|  |TAMS 0x0000000724800000| PB 0x0000000724800000| Untracked |  0
| 192|0x0000000724a00000, 0x0000000724a00000, 0x0000000724c00000|  0%| F|  |TAMS 0x0000000724a00000| PB 0x0000000724a00000| Untracked |  0
| 193|0x0000000724c00000, 0x0000000724c00000, 0x0000000724e00000|  0%| F|  |TAMS 0x0000000724c00000| PB 0x0000000724c00000| Untracked |  0
| 194|0x0000000724e00000, 0x0000000724e00000, 0x0000000725000000|  0%| F|  |TAMS 0x0000000724e00000| PB 0x0000000724e00000| Untracked |  0
| 195|0x0000000725000000, 0x0000000725000000, 0x0000000725200000|  0%| F|  |TAMS 0x0000000725000000| PB 0x0000000725000000| Untracked |  0
| 196|0x0000000725200000, 0x0000000725200000, 0x0000000725400000|  0%| F|  |TAMS 0x0000000725200000| PB 0x0000000725200000| Untracked |  0
| 197|0x0000000725400000, 0x0000000725400000, 0x0000000725600000|  0%| F|  |TAMS 0x0000000725400000| PB 0x0000000725400000| Untracked |  0
| 198|0x0000000725600000, 0x0000000725600000, 0x0000000725800000|  0%| F|  |TAMS 0x0000000725600000| PB 0x0000000725600000| Untracked |  0
| 199|0x0000000725800000, 0x0000000725800000, 0x0000000725a00000|  0%| F|  |TAMS 0x0000000725800000| PB 0x0000000725800000| Untracked |  0
| 200|0x0000000725a00000, 0x0000000725a00000, 0x0000000725c00000|  0%| F|  |TAMS 0x0000000725a00000| PB 0x0000000725a00000| Untracked |  0
| 201|0x0000000725c00000, 0x0000000725c00000, 0x0000000725e00000|  0%| F|  |TAMS 0x0000000725c00000| PB 0x0000000725c00000| Untracked |  0
| 202|0x0000000725e00000, 0x0000000725e00000, 0x0000000726000000|  0%| F|  |TAMS 0x0000000725e00000| PB 0x0000000725e00000| Untracked |  0
| 203|0x0000000726000000, 0x0000000726000000, 0x0000000726200000|  0%| F|  |TAMS 0x0000000726000000| PB 0x0000000726000000| Untracked |  0
| 204|0x0000000726200000, 0x0000000726200000, 0x0000000726400000|  0%| F|  |TAMS 0x0000000726200000| PB 0x0000000726200000| Untracked |  0
| 205|0x0000000726400000, 0x0000000726400000, 0x0000000726600000|  0%| F|  |TAMS 0x0000000726400000| PB 0x0000000726400000| Untracked |  0
| 206|0x0000000726600000, 0x0000000726600000, 0x0000000726800000|  0%| F|  |TAMS 0x0000000726600000| PB 0x0000000726600000| Untracked |  0
| 207|0x0000000726800000, 0x0000000726800000, 0x0000000726a00000|  0%| F|  |TAMS 0x0000000726800000| PB 0x0000000726800000| Untracked |  0
| 208|0x0000000726a00000, 0x0000000726a00000, 0x0000000726c00000|  0%| F|  |TAMS 0x0000000726a00000| PB 0x0000000726a00000| Untracked |  0
| 209|0x0000000726c00000, 0x0000000726c00000, 0x0000000726e00000|  0%| F|  |TAMS 0x0000000726c00000| PB 0x0000000726c00000| Untracked |  0
| 210|0x0000000726e00000, 0x0000000726e00000, 0x0000000727000000|  0%| F|  |TAMS 0x0000000726e00000| PB 0x0000000726e00000| Untracked |  0
| 211|0x0000000727000000, 0x0000000727000000, 0x0000000727200000|  0%| F|  |TAMS 0x0000000727000000| PB 0x0000000727000000| Untracked |  0
| 212|0x0000000727200000, 0x0000000727200000, 0x0000000727400000|  0%| F|  |TAMS 0x0000000727200000| PB 0x0000000727200000| Untracked |  0
| 213|0x0000000727400000, 0x0000000727400000, 0x0000000727600000|  0%| F|  |TAMS 0x0000000727400000| PB 0x0000000727400000| Untracked |  0
| 214|0x0000000727600000, 0x0000000727600000, 0x0000000727800000|  0%| F|  |TAMS 0x0000000727600000| PB 0x0000000727600000| Untracked |  0
| 215|0x0000000727800000, 0x0000000727804080, 0x0000000727a00000|  0%| S|CS|TAMS 0x0000000727800000| PB 0x0000000727800000| Complete |  0
| 216|0x0000000727a00000, 0x0000000727a00000, 0x0000000727c00000|  0%| F|  |TAMS 0x0000000727a00000| PB 0x0000000727a00000| Untracked |  0
| 217|0x0000000727c00000, 0x0000000727c00000, 0x0000000727e00000|  0%| F|  |TAMS 0x0000000727c00000| PB 0x0000000727c00000| Untracked |  0
| 218|0x0000000727e00000, 0x0000000727e00000, 0x0000000728000000|  0%| F|  |TAMS 0x0000000727e00000| PB 0x0000000727e00000| Untracked |  0
| 219|0x0000000728000000, 0x0000000728000000, 0x0000000728200000|  0%| F|  |TAMS 0x0000000728000000| PB 0x0000000728000000| Untracked |  0
| 220|0x0000000728200000, 0x0000000728200000, 0x0000000728400000|  0%| F|  |TAMS 0x0000000728200000| PB 0x0000000728200000| Untracked |  0
| 221|0x0000000728400000, 0x0000000728400000, 0x0000000728600000|  0%| F|  |TAMS 0x0000000728400000| PB 0x0000000728400000| Untracked |  0
| 222|0x0000000728600000, 0x0000000728600000, 0x0000000728800000|  0%| F|  |TAMS 0x0000000728600000| PB 0x0000000728600000| Untracked |  0
| 223|0x0000000728800000, 0x0000000728800000, 0x0000000728a00000|  0%| F|  |TAMS 0x0000000728800000| PB 0x0000000728800000| Untracked |  0
| 224|0x0000000728a00000, 0x0000000728a00000, 0x0000000728c00000|  0%| F|  |TAMS 0x0000000728a00000| PB 0x0000000728a00000| Untracked |  0
| 225|0x0000000728c00000, 0x0000000728c00000, 0x0000000728e00000|  0%| F|  |TAMS 0x0000000728c00000| PB 0x0000000728c00000| Untracked |  0
| 226|0x0000000728e00000, 0x0000000728e00000, 0x0000000729000000|  0%| F|  |TAMS 0x0000000728e00000| PB 0x0000000728e00000| Untracked |  0
| 227|0x0000000729000000, 0x0000000729000000, 0x0000000729200000|  0%| F|  |TAMS 0x0000000729000000| PB 0x0000000729000000| Untracked |  0
| 228|0x0000000729200000, 0x0000000729200000, 0x0000000729400000|  0%| F|  |TAMS 0x0000000729200000| PB 0x0000000729200000| Untracked |  0
| 229|0x0000000729400000, 0x0000000729400000, 0x0000000729600000|  0%| F|  |TAMS 0x0000000729400000| PB 0x0000000729400000| Untracked |  0
| 230|0x0000000729600000, 0x0000000729600000, 0x0000000729800000|  0%| F|  |TAMS 0x0000000729600000| PB 0x0000000729600000| Untracked |  0
| 231|0x0000000729800000, 0x0000000729800000, 0x0000000729a00000|  0%| F|  |TAMS 0x0000000729800000| PB 0x0000000729800000| Untracked |  0
| 232|0x0000000729a00000, 0x0000000729a00000, 0x0000000729c00000|  0%| F|  |TAMS 0x0000000729a00000| PB 0x0000000729a00000| Untracked |  0
| 233|0x0000000729c00000, 0x0000000729c00000, 0x0000000729e00000|  0%| F|  |TAMS 0x0000000729c00000| PB 0x0000000729c00000| Untracked |  0
| 234|0x0000000729e00000, 0x0000000729e00000, 0x000000072a000000|  0%| F|  |TAMS 0x0000000729e00000| PB 0x0000000729e00000| Untracked |  0
| 235|0x000000072a000000, 0x000000072a000000, 0x000000072a200000|  0%| F|  |TAMS 0x000000072a000000| PB 0x000000072a000000| Untracked |  0
| 236|0x000000072a200000, 0x000000072a200000, 0x000000072a400000|  0%| F|  |TAMS 0x000000072a200000| PB 0x000000072a200000| Untracked |  0
| 237|0x000000072a400000, 0x000000072a400000, 0x000000072a600000|  0%| F|  |TAMS 0x000000072a400000| PB 0x000000072a400000| Untracked |  0
| 238|0x000000072a600000, 0x000000072a600000, 0x000000072a800000|  0%| F|  |TAMS 0x000000072a600000| PB 0x000000072a600000| Untracked |  0
| 239|0x000000072a800000, 0x000000072a800000, 0x000000072aa00000|  0%| F|  |TAMS 0x000000072a800000| PB 0x000000072a800000| Untracked |  0
| 240|0x000000072aa00000, 0x000000072aa00000, 0x000000072ac00000|  0%| F|  |TAMS 0x000000072aa00000| PB 0x000000072aa00000| Untracked |  0
| 241|0x000000072ac00000, 0x000000072ac00000, 0x000000072ae00000|  0%| F|  |TAMS 0x000000072ac00000| PB 0x000000072ac00000| Untracked |  0
| 242|0x000000072ae00000, 0x000000072ae00000, 0x000000072b000000|  0%| F|  |TAMS 0x000000072ae00000| PB 0x000000072ae00000| Untracked |  0
| 243|0x000000072b000000, 0x000000072b000000, 0x000000072b200000|  0%| F|  |TAMS 0x000000072b000000| PB 0x000000072b000000| Untracked |  0
| 244|0x000000072b200000, 0x000000072b200000, 0x000000072b400000|  0%| F|  |TAMS 0x000000072b200000| PB 0x000000072b200000| Untracked |  0
| 245|0x000000072b400000, 0x000000072b400000, 0x000000072b600000|  0%| F|  |TAMS 0x000000072b400000| PB 0x000000072b400000| Untracked |  0
| 246|0x000000072b600000, 0x000000072b600000, 0x000000072b800000|  0%| F|  |TAMS 0x000000072b600000| PB 0x000000072b600000| Untracked |  0
| 247|0x000000072b800000, 0x000000072b800000, 0x000000072ba00000|  0%| F|  |TAMS 0x000000072b800000| PB 0x000000072b800000| Untracked |  0
| 248|0x000000072ba00000, 0x000000072ba00000, 0x000000072bc00000|  0%| F|  |TAMS 0x000000072ba00000| PB 0x000000072ba00000| Untracked |  0
| 249|0x000000072bc00000, 0x000000072bc00000, 0x000000072be00000|  0%| F|  |TAMS 0x000000072bc00000| PB 0x000000072bc00000| Untracked |  0
| 250|0x000000072be00000, 0x000000072be00000, 0x000000072c000000|  0%| F|  |TAMS 0x000000072be00000| PB 0x000000072be00000| Untracked |  0
| 251|0x000000072c000000, 0x000000072c000000, 0x000000072c200000|  0%| F|  |TAMS 0x000000072c000000| PB 0x000000072c000000| Untracked |  0
| 252|0x000000072c200000, 0x000000072c200000, 0x000000072c400000|  0%| F|  |TAMS 0x000000072c200000| PB 0x000000072c200000| Untracked |  0
| 253|0x000000072c400000, 0x000000072c400000, 0x000000072c600000|  0%| F|  |TAMS 0x000000072c400000| PB 0x000000072c400000| Untracked |  0
| 254|0x000000072c600000, 0x000000072c600000, 0x000000072c800000|  0%| F|  |TAMS 0x000000072c600000| PB 0x000000072c600000| Untracked |  0
| 255|0x000000072c800000, 0x000000072c800000, 0x000000072ca00000|  0%| F|  |TAMS 0x000000072c800000| PB 0x000000072c800000| Untracked |  0
| 256|0x000000072ca00000, 0x000000072ca00000, 0x000000072cc00000|  0%| F|  |TAMS 0x000000072ca00000| PB 0x000000072ca00000| Untracked |  0
| 257|0x000000072cc00000, 0x000000072cc00000, 0x000000072ce00000|  0%| F|  |TAMS 0x000000072cc00000| PB 0x000000072cc00000| Untracked |  0
| 258|0x000000072ce00000, 0x000000072ce00000, 0x000000072d000000|  0%| F|  |TAMS 0x000000072ce00000| PB 0x000000072ce00000| Untracked |  0
| 259|0x000000072d000000, 0x000000072d000000, 0x000000072d200000|  0%| F|  |TAMS 0x000000072d000000| PB 0x000000072d000000| Untracked |  0
| 260|0x000000072d200000, 0x000000072d200000, 0x000000072d400000|  0%| F|  |TAMS 0x000000072d200000| PB 0x000000072d200000| Untracked |  0
| 261|0x000000072d400000, 0x000000072d400000, 0x000000072d600000|  0%| F|  |TAMS 0x000000072d400000| PB 0x000000072d400000| Untracked |  0
| 262|0x000000072d600000, 0x000000072d600000, 0x000000072d800000|  0%| F|  |TAMS 0x000000072d600000| PB 0x000000072d600000| Untracked |  0
| 263|0x000000072d800000, 0x000000072d800000, 0x000000072da00000|  0%| F|  |TAMS 0x000000072d800000| PB 0x000000072d800000| Untracked |  0
| 264|0x000000072da00000, 0x000000072da00000, 0x000000072dc00000|  0%| F|  |TAMS 0x000000072da00000| PB 0x000000072da00000| Untracked |  0
| 265|0x000000072dc00000, 0x000000072dc00000, 0x000000072de00000|  0%| F|  |TAMS 0x000000072dc00000| PB 0x000000072dc00000| Untracked |  0
| 266|0x000000072de00000, 0x000000072de00000, 0x000000072e000000|  0%| F|  |TAMS 0x000000072de00000| PB 0x000000072de00000| Untracked |  0
| 267|0x000000072e000000, 0x000000072e000000, 0x000000072e200000|  0%| F|  |TAMS 0x000000072e000000| PB 0x000000072e000000| Untracked |  0
| 268|0x000000072e200000, 0x000000072e200000, 0x000000072e400000|  0%| F|  |TAMS 0x000000072e200000| PB 0x000000072e200000| Untracked |  0
| 269|0x000000072e400000, 0x000000072e400000, 0x000000072e600000|  0%| F|  |TAMS 0x000000072e400000| PB 0x000000072e400000| Untracked |  0
| 270|0x000000072e600000, 0x000000072e600000, 0x000000072e800000|  0%| F|  |TAMS 0x000000072e600000| PB 0x000000072e600000| Untracked |  0
| 271|0x000000072e800000, 0x000000072e800000, 0x000000072ea00000|  0%| F|  |TAMS 0x000000072e800000| PB 0x000000072e800000| Untracked |  0
| 272|0x000000072ea00000, 0x000000072ea00000, 0x000000072ec00000|  0%| F|  |TAMS 0x000000072ea00000| PB 0x000000072ea00000| Untracked |  0
| 273|0x000000072ec00000, 0x000000072ec00000, 0x000000072ee00000|  0%| F|  |TAMS 0x000000072ec00000| PB 0x000000072ec00000| Untracked |  0
| 274|0x000000072ee00000, 0x000000072ee00000, 0x000000072f000000|  0%| F|  |TAMS 0x000000072ee00000| PB 0x000000072ee00000| Untracked |  0
| 275|0x000000072f000000, 0x000000072f000000, 0x000000072f200000|  0%| F|  |TAMS 0x000000072f000000| PB 0x000000072f000000| Untracked |  0
| 276|0x000000072f200000, 0x000000072f200000, 0x000000072f400000|  0%| F|  |TAMS 0x000000072f200000| PB 0x000000072f200000| Untracked |  0
| 277|0x000000072f400000, 0x000000072f400000, 0x000000072f600000|  0%| F|  |TAMS 0x000000072f400000| PB 0x000000072f400000| Untracked |  0
| 278|0x000000072f600000, 0x000000072f600000, 0x000000072f800000|  0%| F|  |TAMS 0x000000072f600000| PB 0x000000072f600000| Untracked |  0
| 279|0x000000072f800000, 0x000000072f800000, 0x000000072fa00000|  0%| F|  |TAMS 0x000000072f800000| PB 0x000000072f800000| Untracked |  0
| 280|0x000000072fa00000, 0x000000072fa00000, 0x000000072fc00000|  0%| F|  |TAMS 0x000000072fa00000| PB 0x000000072fa00000| Untracked |  0
| 281|0x000000072fc00000, 0x000000072fc00000, 0x000000072fe00000|  0%| F|  |TAMS 0x000000072fc00000| PB 0x000000072fc00000| Untracked |  0
| 282|0x000000072fe00000, 0x000000072fe00000, 0x0000000730000000|  0%| F|  |TAMS 0x000000072fe00000| PB 0x000000072fe00000| Untracked |  0
| 283|0x0000000730000000, 0x0000000730000000, 0x0000000730200000|  0%| F|  |TAMS 0x0000000730000000| PB 0x0000000730000000| Untracked |  0
| 284|0x0000000730200000, 0x0000000730200000, 0x0000000730400000|  0%| F|  |TAMS 0x0000000730200000| PB 0x0000000730200000| Untracked |  0
| 285|0x0000000730400000, 0x0000000730400000, 0x0000000730600000|  0%| F|  |TAMS 0x0000000730400000| PB 0x0000000730400000| Untracked |  0
| 286|0x0000000730600000, 0x0000000730600000, 0x0000000730800000|  0%| F|  |TAMS 0x0000000730600000| PB 0x0000000730600000| Untracked |  0
| 287|0x0000000730800000, 0x0000000730800000, 0x0000000730a00000|  0%| F|  |TAMS 0x0000000730800000| PB 0x0000000730800000| Untracked |  0
| 288|0x0000000730a00000, 0x0000000730a00000, 0x0000000730c00000|  0%| F|  |TAMS 0x0000000730a00000| PB 0x0000000730a00000| Untracked |  0
| 289|0x0000000730c00000, 0x0000000730c00000, 0x0000000730e00000|  0%| F|  |TAMS 0x0000000730c00000| PB 0x0000000730c00000| Untracked |  0
| 290|0x0000000730e00000, 0x0000000730e00000, 0x0000000731000000|  0%| F|  |TAMS 0x0000000730e00000| PB 0x0000000730e00000| Untracked |  0
| 291|0x0000000731000000, 0x0000000731000000, 0x0000000731200000|  0%| F|  |TAMS 0x0000000731000000| PB 0x0000000731000000| Untracked |  0
| 292|0x0000000731200000, 0x0000000731200000, 0x0000000731400000|  0%| F|  |TAMS 0x0000000731200000| PB 0x0000000731200000| Untracked |  0
| 293|0x0000000731400000, 0x0000000731400000, 0x0000000731600000|  0%| F|  |TAMS 0x0000000731400000| PB 0x0000000731400000| Untracked |  0
| 294|0x0000000731600000, 0x0000000731600000, 0x0000000731800000|  0%| F|  |TAMS 0x0000000731600000| PB 0x0000000731600000| Untracked |  0
| 295|0x0000000731800000, 0x0000000731800000, 0x0000000731a00000|  0%| F|  |TAMS 0x0000000731800000| PB 0x0000000731800000| Untracked |  0
| 296|0x0000000731a00000, 0x0000000731a00000, 0x0000000731c00000|  0%| F|  |TAMS 0x0000000731a00000| PB 0x0000000731a00000| Untracked |  0
| 297|0x0000000731c00000, 0x0000000731c00000, 0x0000000731e00000|  0%| F|  |TAMS 0x0000000731c00000| PB 0x0000000731c00000| Untracked |  0
| 298|0x0000000731e00000, 0x0000000731e00000, 0x0000000732000000|  0%| F|  |TAMS 0x0000000731e00000| PB 0x0000000731e00000| Untracked |  0
| 299|0x0000000732000000, 0x0000000732000000, 0x0000000732200000|  0%| F|  |TAMS 0x0000000732000000| PB 0x0000000732000000| Untracked |  0
| 300|0x0000000732200000, 0x0000000732200000, 0x0000000732400000|  0%| F|  |TAMS 0x0000000732200000| PB 0x0000000732200000| Untracked |  0
| 301|0x0000000732400000, 0x0000000732400000, 0x0000000732600000|  0%| F|  |TAMS 0x0000000732400000| PB 0x0000000732400000| Untracked |  0
| 302|0x0000000732600000, 0x0000000732600000, 0x0000000732800000|  0%| F|  |TAMS 0x0000000732600000| PB 0x0000000732600000| Untracked |  0
| 303|0x0000000732800000, 0x0000000732800000, 0x0000000732a00000|  0%| F|  |TAMS 0x0000000732800000| PB 0x0000000732800000| Untracked |  0
| 304|0x0000000732a00000, 0x0000000732a00000, 0x0000000732c00000|  0%| F|  |TAMS 0x0000000732a00000| PB 0x0000000732a00000| Untracked |  0
| 305|0x0000000732c00000, 0x0000000732c00000, 0x0000000732e00000|  0%| F|  |TAMS 0x0000000732c00000| PB 0x0000000732c00000| Untracked |  0
| 306|0x0000000732e00000, 0x0000000732e00000, 0x0000000733000000|  0%| F|  |TAMS 0x0000000732e00000| PB 0x0000000732e00000| Untracked |  0
| 307|0x0000000733000000, 0x0000000733000000, 0x0000000733200000|  0%| F|  |TAMS 0x0000000733000000| PB 0x0000000733000000| Untracked |  0
| 308|0x0000000733200000, 0x0000000733200000, 0x0000000733400000|  0%| F|  |TAMS 0x0000000733200000| PB 0x0000000733200000| Untracked |  0
| 309|0x0000000733400000, 0x0000000733400000, 0x0000000733600000|  0%| F|  |TAMS 0x0000000733400000| PB 0x0000000733400000| Untracked |  0
| 310|0x0000000733600000, 0x0000000733600000, 0x0000000733800000|  0%| F|  |TAMS 0x0000000733600000| PB 0x0000000733600000| Untracked |  0
| 311|0x0000000733800000, 0x0000000733800000, 0x0000000733a00000|  0%| F|  |TAMS 0x0000000733800000| PB 0x0000000733800000| Untracked |  0
| 312|0x0000000733a00000, 0x0000000733a00000, 0x0000000733c00000|  0%| F|  |TAMS 0x0000000733a00000| PB 0x0000000733a00000| Untracked |  0
| 313|0x0000000733c00000, 0x0000000733c00000, 0x0000000733e00000|  0%| F|  |TAMS 0x0000000733c00000| PB 0x0000000733c00000| Untracked |  0
| 314|0x0000000733e00000, 0x0000000733e00000, 0x0000000734000000|  0%| F|  |TAMS 0x0000000733e00000| PB 0x0000000733e00000| Untracked |  0
| 315|0x0000000734000000, 0x0000000734000000, 0x0000000734200000|  0%| F|  |TAMS 0x0000000734000000| PB 0x0000000734000000| Untracked |  0
| 316|0x0000000734200000, 0x0000000734200000, 0x0000000734400000|  0%| F|  |TAMS 0x0000000734200000| PB 0x0000000734200000| Untracked |  0
| 317|0x0000000734400000, 0x0000000734400000, 0x0000000734600000|  0%| F|  |TAMS 0x0000000734400000| PB 0x0000000734400000| Untracked |  0
| 318|0x0000000734600000, 0x0000000734600000, 0x0000000734800000|  0%| F|  |TAMS 0x0000000734600000| PB 0x0000000734600000| Untracked |  0
| 319|0x0000000734800000, 0x0000000734800000, 0x0000000734a00000|  0%| F|  |TAMS 0x0000000734800000| PB 0x0000000734800000| Untracked |  0
| 320|0x0000000734a00000, 0x0000000734a00000, 0x0000000734c00000|  0%| F|  |TAMS 0x0000000734a00000| PB 0x0000000734a00000| Untracked |  0
| 321|0x0000000734c00000, 0x0000000734c00000, 0x0000000734e00000|  0%| F|  |TAMS 0x0000000734c00000| PB 0x0000000734c00000| Untracked |  0
| 322|0x0000000734e00000, 0x0000000734e00000, 0x0000000735000000|  0%| F|  |TAMS 0x0000000734e00000| PB 0x0000000734e00000| Untracked |  0
| 323|0x0000000735000000, 0x0000000735000000, 0x0000000735200000|  0%| F|  |TAMS 0x0000000735000000| PB 0x0000000735000000| Untracked |  0
| 324|0x0000000735200000, 0x0000000735200000, 0x0000000735400000|  0%| F|  |TAMS 0x0000000735200000| PB 0x0000000735200000| Untracked |  0
| 325|0x0000000735400000, 0x0000000735400000, 0x0000000735600000|  0%| F|  |TAMS 0x0000000735400000| PB 0x0000000735400000| Untracked |  0
| 326|0x0000000735600000, 0x0000000735600000, 0x0000000735800000|  0%| F|  |TAMS 0x0000000735600000| PB 0x0000000735600000| Untracked |  0
| 327|0x0000000735800000, 0x0000000735800000, 0x0000000735a00000|  0%| F|  |TAMS 0x0000000735800000| PB 0x0000000735800000| Untracked |  0
| 328|0x0000000735a00000, 0x0000000735a00000, 0x0000000735c00000|  0%| F|  |TAMS 0x0000000735a00000| PB 0x0000000735a00000| Untracked |  0
| 329|0x0000000735c00000, 0x0000000735c00000, 0x0000000735e00000|  0%| F|  |TAMS 0x0000000735c00000| PB 0x0000000735c00000| Untracked |  0
| 330|0x0000000735e00000, 0x0000000735e00000, 0x0000000736000000|  0%| F|  |TAMS 0x0000000735e00000| PB 0x0000000735e00000| Untracked |  0
| 331|0x0000000736000000, 0x0000000736000000, 0x0000000736200000|  0%| F|  |TAMS 0x0000000736000000| PB 0x0000000736000000| Untracked |  0
| 332|0x0000000736200000, 0x0000000736200000, 0x0000000736400000|  0%| F|  |TAMS 0x0000000736200000| PB 0x0000000736200000| Untracked |  0
| 333|0x0000000736400000, 0x0000000736400000, 0x0000000736600000|  0%| F|  |TAMS 0x0000000736400000| PB 0x0000000736400000| Untracked |  0
| 334|0x0000000736600000, 0x0000000736600000, 0x0000000736800000|  0%| F|  |TAMS 0x0000000736600000| PB 0x0000000736600000| Untracked |  0
| 335|0x0000000736800000, 0x0000000736800000, 0x0000000736a00000|  0%| F|  |TAMS 0x0000000736800000| PB 0x0000000736800000| Untracked |  0
| 336|0x0000000736a00000, 0x0000000736a00000, 0x0000000736c00000|  0%| F|  |TAMS 0x0000000736a00000| PB 0x0000000736a00000| Untracked |  0
| 337|0x0000000736c00000, 0x0000000736c00000, 0x0000000736e00000|  0%| F|  |TAMS 0x0000000736c00000| PB 0x0000000736c00000| Untracked |  0
| 338|0x0000000736e00000, 0x0000000736e00000, 0x0000000737000000|  0%| F|  |TAMS 0x0000000736e00000| PB 0x0000000736e00000| Untracked |  0
| 339|0x0000000737000000, 0x0000000737000000, 0x0000000737200000|  0%| F|  |TAMS 0x0000000737000000| PB 0x0000000737000000| Untracked |  0
| 340|0x0000000737200000, 0x0000000737200000, 0x0000000737400000|  0%| F|  |TAMS 0x0000000737200000| PB 0x0000000737200000| Untracked |  0
| 341|0x0000000737400000, 0x0000000737400000, 0x0000000737600000|  0%| F|  |TAMS 0x0000000737400000| PB 0x0000000737400000| Untracked |  0
| 342|0x0000000737600000, 0x0000000737600000, 0x0000000737800000|  0%| F|  |TAMS 0x0000000737600000| PB 0x0000000737600000| Untracked |  0
| 343|0x0000000737800000, 0x0000000737800000, 0x0000000737a00000|  0%| F|  |TAMS 0x0000000737800000| PB 0x0000000737800000| Untracked |  0
| 344|0x0000000737a00000, 0x0000000737a00000, 0x0000000737c00000|  0%| F|  |TAMS 0x0000000737a00000| PB 0x0000000737a00000| Untracked |  0
| 345|0x0000000737c00000, 0x0000000737c00000, 0x0000000737e00000|  0%| F|  |TAMS 0x0000000737c00000| PB 0x0000000737c00000| Untracked |  0
| 346|0x0000000737e00000, 0x0000000737e00000, 0x0000000738000000|  0%| F|  |TAMS 0x0000000737e00000| PB 0x0000000737e00000| Untracked |  0
| 347|0x0000000738000000, 0x0000000738000000, 0x0000000738200000|  0%| F|  |TAMS 0x0000000738000000| PB 0x0000000738000000| Untracked |  0
| 348|0x0000000738200000, 0x0000000738200000, 0x0000000738400000|  0%| F|  |TAMS 0x0000000738200000| PB 0x0000000738200000| Untracked |  0
| 349|0x0000000738400000, 0x0000000738400000, 0x0000000738600000|  0%| F|  |TAMS 0x0000000738400000| PB 0x0000000738400000| Untracked |  0
| 350|0x0000000738600000, 0x0000000738600000, 0x0000000738800000|  0%| F|  |TAMS 0x0000000738600000| PB 0x0000000738600000| Untracked |  0
| 351|0x0000000738800000, 0x0000000738800000, 0x0000000738a00000|  0%| F|  |TAMS 0x0000000738800000| PB 0x0000000738800000| Untracked |  0
| 352|0x0000000738a00000, 0x0000000738a00000, 0x0000000738c00000|  0%| F|  |TAMS 0x0000000738a00000| PB 0x0000000738a00000| Untracked |  0
| 353|0x0000000738c00000, 0x0000000738c00000, 0x0000000738e00000|  0%| F|  |TAMS 0x0000000738c00000| PB 0x0000000738c00000| Untracked |  0
| 354|0x0000000738e00000, 0x0000000738e00000, 0x0000000739000000|  0%| F|  |TAMS 0x0000000738e00000| PB 0x0000000738e00000| Untracked |  0
| 355|0x0000000739000000, 0x0000000739000000, 0x0000000739200000|  0%| F|  |TAMS 0x0000000739000000| PB 0x0000000739000000| Untracked |  0
| 356|0x0000000739200000, 0x0000000739200000, 0x0000000739400000|  0%| F|  |TAMS 0x0000000739200000| PB 0x0000000739200000| Untracked |  0
| 357|0x0000000739400000, 0x0000000739400000, 0x0000000739600000|  0%| F|  |TAMS 0x0000000739400000| PB 0x0000000739400000| Untracked |  0
| 358|0x0000000739600000, 0x0000000739600000, 0x0000000739800000|  0%| F|  |TAMS 0x0000000739600000| PB 0x0000000739600000| Untracked |  0
| 359|0x0000000739800000, 0x0000000739800000, 0x0000000739a00000|  0%| F|  |TAMS 0x0000000739800000| PB 0x0000000739800000| Untracked |  0
| 360|0x0000000739a00000, 0x0000000739a00000, 0x0000000739c00000|  0%| F|  |TAMS 0x0000000739a00000| PB 0x0000000739a00000| Untracked |  0
| 361|0x0000000739c00000, 0x0000000739c00000, 0x0000000739e00000|  0%| F|  |TAMS 0x0000000739c00000| PB 0x0000000739c00000| Untracked |  0
| 362|0x0000000739e00000, 0x0000000739e00000, 0x000000073a000000|  0%| F|  |TAMS 0x0000000739e00000| PB 0x0000000739e00000| Untracked |  0
| 363|0x000000073a000000, 0x000000073a000000, 0x000000073a200000|  0%| F|  |TAMS 0x000000073a000000| PB 0x000000073a000000| Untracked |  0
| 364|0x000000073a200000, 0x000000073a200000, 0x000000073a400000|  0%| F|  |TAMS 0x000000073a200000| PB 0x000000073a200000| Untracked |  0
| 365|0x000000073a400000, 0x000000073a400000, 0x000000073a600000|  0%| F|  |TAMS 0x000000073a400000| PB 0x000000073a400000| Untracked |  0
| 366|0x000000073a600000, 0x000000073a600000, 0x000000073a800000|  0%| F|  |TAMS 0x000000073a600000| PB 0x000000073a600000| Untracked |  0
| 367|0x000000073a800000, 0x000000073a800000, 0x000000073aa00000|  0%| F|  |TAMS 0x000000073a800000| PB 0x000000073a800000| Untracked |  0
| 368|0x000000073aa00000, 0x000000073aa00000, 0x000000073ac00000|  0%| F|  |TAMS 0x000000073aa00000| PB 0x000000073aa00000| Untracked |  0
| 369|0x000000073ac00000, 0x000000073ac00000, 0x000000073ae00000|  0%| F|  |TAMS 0x000000073ac00000| PB 0x000000073ac00000| Untracked |  0
| 370|0x000000073ae00000, 0x000000073ae00000, 0x000000073b000000|  0%| F|  |TAMS 0x000000073ae00000| PB 0x000000073ae00000| Untracked |  0
| 371|0x000000073b000000, 0x000000073b000000, 0x000000073b200000|  0%| F|  |TAMS 0x000000073b000000| PB 0x000000073b000000| Untracked |  0
| 372|0x000000073b200000, 0x000000073b200000, 0x000000073b400000|  0%| F|  |TAMS 0x000000073b200000| PB 0x000000073b200000| Untracked |  0
| 373|0x000000073b400000, 0x000000073b400000, 0x000000073b600000|  0%| F|  |TAMS 0x000000073b400000| PB 0x000000073b400000| Untracked |  0
| 374|0x000000073b600000, 0x000000073b600000, 0x000000073b800000|  0%| F|  |TAMS 0x000000073b600000| PB 0x000000073b600000| Untracked |  0
| 375|0x000000073b800000, 0x000000073b800000, 0x000000073ba00000|  0%| F|  |TAMS 0x000000073b800000| PB 0x000000073b800000| Untracked |  0
| 376|0x000000073ba00000, 0x000000073ba00000, 0x000000073bc00000|  0%| F|  |TAMS 0x000000073ba00000| PB 0x000000073ba00000| Untracked |  0
| 377|0x000000073bc00000, 0x000000073bc00000, 0x000000073be00000|  0%| F|  |TAMS 0x000000073bc00000| PB 0x000000073bc00000| Untracked |  0
| 378|0x000000073be00000, 0x000000073be00000, 0x000000073c000000|  0%| F|  |TAMS 0x000000073be00000| PB 0x000000073be00000| Untracked |  0
| 379|0x000000073c000000, 0x000000073c000000, 0x000000073c200000|  0%| F|  |TAMS 0x000000073c000000| PB 0x000000073c000000| Untracked |  0
| 380|0x000000073c200000, 0x000000073c200000, 0x000000073c400000|  0%| F|  |TAMS 0x000000073c200000| PB 0x000000073c200000| Untracked |  0
| 381|0x000000073c400000, 0x000000073c400000, 0x000000073c600000|  0%| F|  |TAMS 0x000000073c400000| PB 0x000000073c400000| Untracked |  0
| 382|0x000000073c600000, 0x000000073c600000, 0x000000073c800000|  0%| F|  |TAMS 0x000000073c600000| PB 0x000000073c600000| Untracked |  0
| 383|0x000000073c800000, 0x000000073c800000, 0x000000073ca00000|  0%| F|  |TAMS 0x000000073c800000| PB 0x000000073c800000| Untracked |  0
| 384|0x000000073ca00000, 0x000000073ca00000, 0x000000073cc00000|  0%| F|  |TAMS 0x000000073ca00000| PB 0x000000073ca00000| Untracked |  0
| 385|0x000000073cc00000, 0x000000073cc00000, 0x000000073ce00000|  0%| F|  |TAMS 0x000000073cc00000| PB 0x000000073cc00000| Untracked |  0
| 386|0x000000073ce00000, 0x000000073ce00000, 0x000000073d000000|  0%| F|  |TAMS 0x000000073ce00000| PB 0x000000073ce00000| Untracked |  0
| 387|0x000000073d000000, 0x000000073d000000, 0x000000073d200000|  0%| F|  |TAMS 0x000000073d000000| PB 0x000000073d000000| Untracked |  0
| 388|0x000000073d200000, 0x000000073d200000, 0x000000073d400000|  0%| F|  |TAMS 0x000000073d200000| PB 0x000000073d200000| Untracked |  0
| 389|0x000000073d400000, 0x000000073d400000, 0x000000073d600000|  0%| F|  |TAMS 0x000000073d400000| PB 0x000000073d400000| Untracked |  0
| 390|0x000000073d600000, 0x000000073d600000, 0x000000073d800000|  0%| F|  |TAMS 0x000000073d600000| PB 0x000000073d600000| Untracked |  0
| 391|0x000000073d800000, 0x000000073d800000, 0x000000073da00000|  0%| F|  |TAMS 0x000000073d800000| PB 0x000000073d800000| Untracked |  0
| 392|0x000000073da00000, 0x000000073da00000, 0x000000073dc00000|  0%| F|  |TAMS 0x000000073da00000| PB 0x000000073da00000| Untracked |  0
| 393|0x000000073dc00000, 0x000000073dc00000, 0x000000073de00000|  0%| F|  |TAMS 0x000000073dc00000| PB 0x000000073dc00000| Untracked |  0
| 394|0x000000073de00000, 0x000000073de00000, 0x000000073e000000|  0%| F|  |TAMS 0x000000073de00000| PB 0x000000073de00000| Untracked |  0
| 395|0x000000073e000000, 0x000000073e000000, 0x000000073e200000|  0%| F|  |TAMS 0x000000073e000000| PB 0x000000073e000000| Untracked |  0
| 396|0x000000073e200000, 0x000000073e200000, 0x000000073e400000|  0%| F|  |TAMS 0x000000073e200000| PB 0x000000073e200000| Untracked |  0
| 397|0x000000073e400000, 0x000000073e400000, 0x000000073e600000|  0%| F|  |TAMS 0x000000073e400000| PB 0x000000073e400000| Untracked |  0
| 398|0x000000073e600000, 0x000000073e600000, 0x000000073e800000|  0%| F|  |TAMS 0x000000073e600000| PB 0x000000073e600000| Untracked |  0
| 399|0x000000073e800000, 0x000000073e800000, 0x000000073ea00000|  0%| F|  |TAMS 0x000000073e800000| PB 0x000000073e800000| Untracked |  0
| 400|0x000000073ea00000, 0x000000073ea00000, 0x000000073ec00000|  0%| F|  |TAMS 0x000000073ea00000| PB 0x000000073ea00000| Untracked |  0
| 401|0x000000073ec00000, 0x000000073ec00000, 0x000000073ee00000|  0%| F|  |TAMS 0x000000073ec00000| PB 0x000000073ec00000| Untracked |  0
| 402|0x000000073ee00000, 0x000000073ee00000, 0x000000073f000000|  0%| F|  |TAMS 0x000000073ee00000| PB 0x000000073ee00000| Untracked |  0
| 403|0x000000073f000000, 0x000000073f000000, 0x000000073f200000|  0%| F|  |TAMS 0x000000073f000000| PB 0x000000073f000000| Untracked |  0
| 404|0x000000073f200000, 0x000000073f200000, 0x000000073f400000|  0%| F|  |TAMS 0x000000073f200000| PB 0x000000073f200000| Untracked |  0
| 405|0x000000073f400000, 0x000000073f400000, 0x000000073f600000|  0%| F|  |TAMS 0x000000073f400000| PB 0x000000073f400000| Untracked |  0
| 406|0x000000073f600000, 0x000000073f600000, 0x000000073f800000|  0%| F|  |TAMS 0x000000073f600000| PB 0x000000073f600000| Untracked |  0
| 407|0x000000073f800000, 0x000000073f800000, 0x000000073fa00000|  0%| F|  |TAMS 0x000000073f800000| PB 0x000000073f800000| Untracked |  0
| 408|0x000000073fa00000, 0x000000073fa00000, 0x000000073fc00000|  0%| F|  |TAMS 0x000000073fa00000| PB 0x000000073fa00000| Untracked |  0
| 409|0x000000073fc00000, 0x000000073fc00000, 0x000000073fe00000|  0%| F|  |TAMS 0x000000073fc00000| PB 0x000000073fc00000| Untracked |  0
| 410|0x000000073fe00000, 0x000000073fe00000, 0x0000000740000000|  0%| F|  |TAMS 0x000000073fe00000| PB 0x000000073fe00000| Untracked |  0
| 411|0x0000000740000000, 0x0000000740000000, 0x0000000740200000|  0%| F|  |TAMS 0x0000000740000000| PB 0x0000000740000000| Untracked |  0
| 412|0x0000000740200000, 0x0000000740200000, 0x0000000740400000|  0%| F|  |TAMS 0x0000000740200000| PB 0x0000000740200000| Untracked |  0
| 413|0x0000000740400000, 0x0000000740400000, 0x0000000740600000|  0%| F|  |TAMS 0x0000000740400000| PB 0x0000000740400000| Untracked |  0
| 414|0x0000000740600000, 0x0000000740600000, 0x0000000740800000|  0%| F|  |TAMS 0x0000000740600000| PB 0x0000000740600000| Untracked |  0
| 415|0x0000000740800000, 0x0000000740800000, 0x0000000740a00000|  0%| F|  |TAMS 0x0000000740800000| PB 0x0000000740800000| Untracked |  0
| 416|0x0000000740a00000, 0x0000000740a00000, 0x0000000740c00000|  0%| F|  |TAMS 0x0000000740a00000| PB 0x0000000740a00000| Untracked |  0
| 417|0x0000000740c00000, 0x0000000740c00000, 0x0000000740e00000|  0%| F|  |TAMS 0x0000000740c00000| PB 0x0000000740c00000| Untracked |  0
| 418|0x0000000740e00000, 0x0000000740e00000, 0x0000000741000000|  0%| F|  |TAMS 0x0000000740e00000| PB 0x0000000740e00000| Untracked |  0
| 419|0x0000000741000000, 0x0000000741000000, 0x0000000741200000|  0%| F|  |TAMS 0x0000000741000000| PB 0x0000000741000000| Untracked |  0
| 420|0x0000000741200000, 0x0000000741200000, 0x0000000741400000|  0%| F|  |TAMS 0x0000000741200000| PB 0x0000000741200000| Untracked |  0
| 421|0x0000000741400000, 0x0000000741400000, 0x0000000741600000|  0%| F|  |TAMS 0x0000000741400000| PB 0x0000000741400000| Untracked |  0
| 422|0x0000000741600000, 0x0000000741600000, 0x0000000741800000|  0%| F|  |TAMS 0x0000000741600000| PB 0x0000000741600000| Untracked |  0
| 423|0x0000000741800000, 0x0000000741800000, 0x0000000741a00000|  0%| F|  |TAMS 0x0000000741800000| PB 0x0000000741800000| Untracked |  0
| 424|0x0000000741a00000, 0x0000000741a00000, 0x0000000741c00000|  0%| F|  |TAMS 0x0000000741a00000| PB 0x0000000741a00000| Untracked |  0
| 425|0x0000000741c00000, 0x0000000741c00000, 0x0000000741e00000|  0%| F|  |TAMS 0x0000000741c00000| PB 0x0000000741c00000| Untracked |  0
| 426|0x0000000741e00000, 0x0000000741e00000, 0x0000000742000000|  0%| F|  |TAMS 0x0000000741e00000| PB 0x0000000741e00000| Untracked |  0
| 427|0x0000000742000000, 0x0000000742000000, 0x0000000742200000|  0%| F|  |TAMS 0x0000000742000000| PB 0x0000000742000000| Untracked |  0
| 428|0x0000000742200000, 0x0000000742200000, 0x0000000742400000|  0%| F|  |TAMS 0x0000000742200000| PB 0x0000000742200000| Untracked |  0
| 429|0x0000000742400000, 0x0000000742400000, 0x0000000742600000|  0%| F|  |TAMS 0x0000000742400000| PB 0x0000000742400000| Untracked |  0
| 430|0x0000000742600000, 0x0000000742600000, 0x0000000742800000|  0%| F|  |TAMS 0x0000000742600000| PB 0x0000000742600000| Untracked |  0
| 431|0x0000000742800000, 0x0000000742800000, 0x0000000742a00000|  0%| F|  |TAMS 0x0000000742800000| PB 0x0000000742800000| Untracked |  0
| 432|0x0000000742a00000, 0x0000000742a00000, 0x0000000742c00000|  0%| F|  |TAMS 0x0000000742a00000| PB 0x0000000742a00000| Untracked |  0
| 433|0x0000000742c00000, 0x0000000742c00000, 0x0000000742e00000|  0%| F|  |TAMS 0x0000000742c00000| PB 0x0000000742c00000| Untracked |  0
| 434|0x0000000742e00000, 0x0000000742e00000, 0x0000000743000000|  0%| F|  |TAMS 0x0000000742e00000| PB 0x0000000742e00000| Untracked |  0
| 435|0x0000000743000000, 0x0000000743000000, 0x0000000743200000|  0%| F|  |TAMS 0x0000000743000000| PB 0x0000000743000000| Untracked |  0
| 436|0x0000000743200000, 0x0000000743200000, 0x0000000743400000|  0%| F|  |TAMS 0x0000000743200000| PB 0x0000000743200000| Untracked |  0
| 437|0x0000000743400000, 0x0000000743400000, 0x0000000743600000|  0%| F|  |TAMS 0x0000000743400000| PB 0x0000000743400000| Untracked |  0
| 438|0x0000000743600000, 0x0000000743600000, 0x0000000743800000|  0%| F|  |TAMS 0x0000000743600000| PB 0x0000000743600000| Untracked |  0
| 439|0x0000000743800000, 0x0000000743800000, 0x0000000743a00000|  0%| F|  |TAMS 0x0000000743800000| PB 0x0000000743800000| Untracked |  0
| 440|0x0000000743a00000, 0x0000000743a00000, 0x0000000743c00000|  0%| F|  |TAMS 0x0000000743a00000| PB 0x0000000743a00000| Untracked |  0
| 441|0x0000000743c00000, 0x0000000743c00000, 0x0000000743e00000|  0%| F|  |TAMS 0x0000000743c00000| PB 0x0000000743c00000| Untracked |  0
| 442|0x0000000743e00000, 0x0000000743e00000, 0x0000000744000000|  0%| F|  |TAMS 0x0000000743e00000| PB 0x0000000743e00000| Untracked |  0
| 443|0x0000000744000000, 0x0000000744000000, 0x0000000744200000|  0%| F|  |TAMS 0x0000000744000000| PB 0x0000000744000000| Untracked |  0
| 444|0x0000000744200000, 0x0000000744200000, 0x0000000744400000|  0%| F|  |TAMS 0x0000000744200000| PB 0x0000000744200000| Untracked |  0
| 445|0x0000000744400000, 0x0000000744400000, 0x0000000744600000|  0%| F|  |TAMS 0x0000000744400000| PB 0x0000000744400000| Untracked |  0
| 446|0x0000000744600000, 0x0000000744600000, 0x0000000744800000|  0%| F|  |TAMS 0x0000000744600000| PB 0x0000000744600000| Untracked |  0
| 447|0x0000000744800000, 0x0000000744800000, 0x0000000744a00000|  0%| F|  |TAMS 0x0000000744800000| PB 0x0000000744800000| Untracked |  0
| 448|0x0000000744a00000, 0x0000000744a00000, 0x0000000744c00000|  0%| F|  |TAMS 0x0000000744a00000| PB 0x0000000744a00000| Untracked |  0
| 449|0x0000000744c00000, 0x0000000744c00000, 0x0000000744e00000|  0%| F|  |TAMS 0x0000000744c00000| PB 0x0000000744c00000| Untracked |  0
| 450|0x0000000744e00000, 0x0000000744e00000, 0x0000000745000000|  0%| F|  |TAMS 0x0000000744e00000| PB 0x0000000744e00000| Untracked |  0
| 451|0x0000000745000000, 0x0000000745000000, 0x0000000745200000|  0%| F|  |TAMS 0x0000000745000000| PB 0x0000000745000000| Untracked |  0
| 452|0x0000000745200000, 0x0000000745200000, 0x0000000745400000|  0%| F|  |TAMS 0x0000000745200000| PB 0x0000000745200000| Untracked |  0
| 453|0x0000000745400000, 0x0000000745400000, 0x0000000745600000|  0%| F|  |TAMS 0x0000000745400000| PB 0x0000000745400000| Untracked |  0
| 454|0x0000000745600000, 0x0000000745600000, 0x0000000745800000|  0%| F|  |TAMS 0x0000000745600000| PB 0x0000000745600000| Untracked |  0
| 455|0x0000000745800000, 0x0000000745800000, 0x0000000745a00000|  0%| F|  |TAMS 0x0000000745800000| PB 0x0000000745800000| Untracked |  0
| 456|0x0000000745a00000, 0x0000000745a00000, 0x0000000745c00000|  0%| F|  |TAMS 0x0000000745a00000| PB 0x0000000745a00000| Untracked |  0
| 457|0x0000000745c00000, 0x0000000745c00000, 0x0000000745e00000|  0%| F|  |TAMS 0x0000000745c00000| PB 0x0000000745c00000| Untracked |  0
| 458|0x0000000745e00000, 0x0000000745e00000, 0x0000000746000000|  0%| F|  |TAMS 0x0000000745e00000| PB 0x0000000745e00000| Untracked |  0
| 459|0x0000000746000000, 0x0000000746000000, 0x0000000746200000|  0%| F|  |TAMS 0x0000000746000000| PB 0x0000000746000000| Untracked |  0
| 460|0x0000000746200000, 0x0000000746200000, 0x0000000746400000|  0%| F|  |TAMS 0x0000000746200000| PB 0x0000000746200000| Untracked |  0
| 461|0x0000000746400000, 0x0000000746400000, 0x0000000746600000|  0%| F|  |TAMS 0x0000000746400000| PB 0x0000000746400000| Untracked |  0
| 462|0x0000000746600000, 0x0000000746600000, 0x0000000746800000|  0%| F|  |TAMS 0x0000000746600000| PB 0x0000000746600000| Untracked |  0
| 463|0x0000000746800000, 0x0000000746800000, 0x0000000746a00000|  0%| F|  |TAMS 0x0000000746800000| PB 0x0000000746800000| Untracked |  0
| 464|0x0000000746a00000, 0x0000000746a00000, 0x0000000746c00000|  0%| F|  |TAMS 0x0000000746a00000| PB 0x0000000746a00000| Untracked |  0
| 465|0x0000000746c00000, 0x0000000746c00000, 0x0000000746e00000|  0%| F|  |TAMS 0x0000000746c00000| PB 0x0000000746c00000| Untracked |  0
| 466|0x0000000746e00000, 0x0000000746e00000, 0x0000000747000000|  0%| F|  |TAMS 0x0000000746e00000| PB 0x0000000746e00000| Untracked |  0
| 467|0x0000000747000000, 0x0000000747000000, 0x0000000747200000|  0%| F|  |TAMS 0x0000000747000000| PB 0x0000000747000000| Untracked |  0
| 468|0x0000000747200000, 0x0000000747200000, 0x0000000747400000|  0%| F|  |TAMS 0x0000000747200000| PB 0x0000000747200000| Untracked |  0
| 469|0x0000000747400000, 0x0000000747400000, 0x0000000747600000|  0%| F|  |TAMS 0x0000000747400000| PB 0x0000000747400000| Untracked |  0
| 470|0x0000000747600000, 0x0000000747600000, 0x0000000747800000|  0%| F|  |TAMS 0x0000000747600000| PB 0x0000000747600000| Untracked |  0
| 471|0x0000000747800000, 0x0000000747800000, 0x0000000747a00000|  0%| F|  |TAMS 0x0000000747800000| PB 0x0000000747800000| Untracked |  0
| 472|0x0000000747a00000, 0x0000000747a00000, 0x0000000747c00000|  0%| F|  |TAMS 0x0000000747a00000| PB 0x0000000747a00000| Untracked |  0
| 473|0x0000000747c00000, 0x0000000747c00000, 0x0000000747e00000|  0%| F|  |TAMS 0x0000000747c00000| PB 0x0000000747c00000| Untracked |  0
| 474|0x0000000747e00000, 0x0000000747e00000, 0x0000000748000000|  0%| F|  |TAMS 0x0000000747e00000| PB 0x0000000747e00000| Untracked |  0
| 475|0x0000000748000000, 0x0000000748000000, 0x0000000748200000|  0%| F|  |TAMS 0x0000000748000000| PB 0x0000000748000000| Untracked |  0
| 476|0x0000000748200000, 0x0000000748200000, 0x0000000748400000|  0%| F|  |TAMS 0x0000000748200000| PB 0x0000000748200000| Untracked |  0
| 477|0x0000000748400000, 0x0000000748400000, 0x0000000748600000|  0%| F|  |TAMS 0x0000000748400000| PB 0x0000000748400000| Untracked |  0
| 478|0x0000000748600000, 0x0000000748600000, 0x0000000748800000|  0%| F|  |TAMS 0x0000000748600000| PB 0x0000000748600000| Untracked |  0
| 479|0x0000000748800000, 0x0000000748800000, 0x0000000748a00000|  0%| F|  |TAMS 0x0000000748800000| PB 0x0000000748800000| Untracked |  0
| 480|0x0000000748a00000, 0x0000000748a00000, 0x0000000748c00000|  0%| F|  |TAMS 0x0000000748a00000| PB 0x0000000748a00000| Untracked |  0
| 481|0x0000000748c00000, 0x0000000748c00000, 0x0000000748e00000|  0%| F|  |TAMS 0x0000000748c00000| PB 0x0000000748c00000| Untracked |  0
| 482|0x0000000748e00000, 0x0000000748e00000, 0x0000000749000000|  0%| F|  |TAMS 0x0000000748e00000| PB 0x0000000748e00000| Untracked |  0
| 483|0x0000000749000000, 0x0000000749000000, 0x0000000749200000|  0%| F|  |TAMS 0x0000000749000000| PB 0x0000000749000000| Untracked |  0
| 484|0x0000000749200000, 0x0000000749200000, 0x0000000749400000|  0%| F|  |TAMS 0x0000000749200000| PB 0x0000000749200000| Untracked |  0
| 485|0x0000000749400000, 0x0000000749400000, 0x0000000749600000|  0%| F|  |TAMS 0x0000000749400000| PB 0x0000000749400000| Untracked |  0
| 486|0x0000000749600000, 0x0000000749600000, 0x0000000749800000|  0%| F|  |TAMS 0x0000000749600000| PB 0x0000000749600000| Untracked |  0
| 487|0x0000000749800000, 0x0000000749800000, 0x0000000749a00000|  0%| F|  |TAMS 0x0000000749800000| PB 0x0000000749800000| Untracked |  0
| 488|0x0000000749a00000, 0x0000000749a00000, 0x0000000749c00000|  0%| F|  |TAMS 0x0000000749a00000| PB 0x0000000749a00000| Untracked |  0
| 489|0x0000000749c00000, 0x0000000749c00000, 0x0000000749e00000|  0%| F|  |TAMS 0x0000000749c00000| PB 0x0000000749c00000| Untracked |  0
| 490|0x0000000749e00000, 0x0000000749e00000, 0x000000074a000000|  0%| F|  |TAMS 0x0000000749e00000| PB 0x0000000749e00000| Untracked |  0
| 491|0x000000074a000000, 0x000000074a000000, 0x000000074a200000|  0%| F|  |TAMS 0x000000074a000000| PB 0x000000074a000000| Untracked |  0
| 492|0x000000074a200000, 0x000000074a200000, 0x000000074a400000|  0%| F|  |TAMS 0x000000074a200000| PB 0x000000074a200000| Untracked |  0
| 493|0x000000074a400000, 0x000000074a400000, 0x000000074a600000|  0%| F|  |TAMS 0x000000074a400000| PB 0x000000074a400000| Untracked |  0
| 494|0x000000074a600000, 0x000000074a600000, 0x000000074a800000|  0%| F|  |TAMS 0x000000074a600000| PB 0x000000074a600000| Untracked |  0
| 495|0x000000074a800000, 0x000000074a800000, 0x000000074aa00000|  0%| F|  |TAMS 0x000000074a800000| PB 0x000000074a800000| Untracked |  0
| 496|0x000000074aa00000, 0x000000074aa00000, 0x000000074ac00000|  0%| F|  |TAMS 0x000000074aa00000| PB 0x000000074aa00000| Untracked |  0
| 497|0x000000074ac00000, 0x000000074ac00000, 0x000000074ae00000|  0%| F|  |TAMS 0x000000074ac00000| PB 0x000000074ac00000| Untracked |  0
| 498|0x000000074ae00000, 0x000000074ae00000, 0x000000074b000000|  0%| F|  |TAMS 0x000000074ae00000| PB 0x000000074ae00000| Untracked |  0
| 499|0x000000074b000000, 0x000000074b000000, 0x000000074b200000|  0%| F|  |TAMS 0x000000074b000000| PB 0x000000074b000000| Untracked |  0
| 500|0x000000074b200000, 0x000000074b200000, 0x000000074b400000|  0%| F|  |TAMS 0x000000074b200000| PB 0x000000074b200000| Untracked |  0
| 501|0x000000074b400000, 0x000000074b400000, 0x000000074b600000|  0%| F|  |TAMS 0x000000074b400000| PB 0x000000074b400000| Untracked |  0
| 502|0x000000074b600000, 0x000000074b600000, 0x000000074b800000|  0%| F|  |TAMS 0x000000074b600000| PB 0x000000074b600000| Untracked |  0
| 503|0x000000074b800000, 0x000000074b800000, 0x000000074ba00000|  0%| F|  |TAMS 0x000000074b800000| PB 0x000000074b800000| Untracked |  0
| 504|0x000000074ba00000, 0x000000074ba00000, 0x000000074bc00000|  0%| F|  |TAMS 0x000000074ba00000| PB 0x000000074ba00000| Untracked |  0
| 505|0x000000074bc00000, 0x000000074bc00000, 0x000000074be00000|  0%| F|  |TAMS 0x000000074bc00000| PB 0x000000074bc00000| Untracked |  0
| 506|0x000000074be00000, 0x000000074be00000, 0x000000074c000000|  0%| F|  |TAMS 0x000000074be00000| PB 0x000000074be00000| Untracked |  0
| 507|0x000000074c000000, 0x000000074c000000, 0x000000074c200000|  0%| F|  |TAMS 0x000000074c000000| PB 0x000000074c000000| Untracked |  0
| 508|0x000000074c200000, 0x000000074c200000, 0x000000074c400000|  0%| F|  |TAMS 0x000000074c200000| PB 0x000000074c200000| Untracked |  0
| 509|0x000000074c400000, 0x000000074c400000, 0x000000074c600000|  0%| F|  |TAMS 0x000000074c400000| PB 0x000000074c400000| Untracked |  0
| 510|0x000000074c600000, 0x000000074c600000, 0x000000074c800000|  0%| F|  |TAMS 0x000000074c600000| PB 0x000000074c600000| Untracked |  0
| 511|0x000000074c800000, 0x000000074c800000, 0x000000074ca00000|  0%| F|  |TAMS 0x000000074c800000| PB 0x000000074c800000| Untracked |  0
| 512|0x000000074ca00000, 0x000000074ca00000, 0x000000074cc00000|  0%| F|  |TAMS 0x000000074ca00000| PB 0x000000074ca00000| Untracked |  0
| 513|0x000000074cc00000, 0x000000074cc00000, 0x000000074ce00000|  0%| F|  |TAMS 0x000000074cc00000| PB 0x000000074cc00000| Untracked |  0
| 514|0x000000074ce00000, 0x000000074ce00000, 0x000000074d000000|  0%| F|  |TAMS 0x000000074ce00000| PB 0x000000074ce00000| Untracked |  0
| 515|0x000000074d000000, 0x000000074d000000, 0x000000074d200000|  0%| F|  |TAMS 0x000000074d000000| PB 0x000000074d000000| Untracked |  0
| 516|0x000000074d200000, 0x000000074d200000, 0x000000074d400000|  0%| F|  |TAMS 0x000000074d200000| PB 0x000000074d200000| Untracked |  0
| 517|0x000000074d400000, 0x000000074d400000, 0x000000074d600000|  0%| F|  |TAMS 0x000000074d400000| PB 0x000000074d400000| Untracked |  0
| 518|0x000000074d600000, 0x000000074d600000, 0x000000074d800000|  0%| F|  |TAMS 0x000000074d600000| PB 0x000000074d600000| Untracked |  0
| 519|0x000000074d800000, 0x000000074d800000, 0x000000074da00000|  0%| F|  |TAMS 0x000000074d800000| PB 0x000000074d800000| Untracked |  0
| 520|0x000000074da00000, 0x000000074da00000, 0x000000074dc00000|  0%| F|  |TAMS 0x000000074da00000| PB 0x000000074da00000| Untracked |  0
| 521|0x000000074dc00000, 0x000000074dc00000, 0x000000074de00000|  0%| F|  |TAMS 0x000000074dc00000| PB 0x000000074dc00000| Untracked |  0
| 522|0x000000074de00000, 0x000000074de00000, 0x000000074e000000|  0%| F|  |TAMS 0x000000074de00000| PB 0x000000074de00000| Untracked |  0
| 523|0x000000074e000000, 0x000000074e000000, 0x000000074e200000|  0%| F|  |TAMS 0x000000074e000000| PB 0x000000074e000000| Untracked |  0
| 524|0x000000074e200000, 0x000000074e200000, 0x000000074e400000|  0%| F|  |TAMS 0x000000074e200000| PB 0x000000074e200000| Untracked |  0
| 525|0x000000074e400000, 0x000000074e400000, 0x000000074e600000|  0%| F|  |TAMS 0x000000074e400000| PB 0x000000074e400000| Untracked |  0
| 526|0x000000074e600000, 0x000000074e600000, 0x000000074e800000|  0%| F|  |TAMS 0x000000074e600000| PB 0x000000074e600000| Untracked |  0
| 527|0x000000074e800000, 0x000000074e800000, 0x000000074ea00000|  0%| F|  |TAMS 0x000000074e800000| PB 0x000000074e800000| Untracked |  0
| 528|0x000000074ea00000, 0x000000074ea00000, 0x000000074ec00000|  0%| F|  |TAMS 0x000000074ea00000| PB 0x000000074ea00000| Untracked |  0
| 529|0x000000074ec00000, 0x000000074ec00000, 0x000000074ee00000|  0%| F|  |TAMS 0x000000074ec00000| PB 0x000000074ec00000| Untracked |  0
| 530|0x000000074ee00000, 0x000000074ee00000, 0x000000074f000000|  0%| F|  |TAMS 0x000000074ee00000| PB 0x000000074ee00000| Untracked |  0
| 531|0x000000074f000000, 0x000000074f000000, 0x000000074f200000|  0%| F|  |TAMS 0x000000074f000000| PB 0x000000074f000000| Untracked |  0
| 532|0x000000074f200000, 0x000000074f200000, 0x000000074f400000|  0%| F|  |TAMS 0x000000074f200000| PB 0x000000074f200000| Untracked |  0
| 533|0x000000074f400000, 0x000000074f400000, 0x000000074f600000|  0%| F|  |TAMS 0x000000074f400000| PB 0x000000074f400000| Untracked |  0
| 534|0x000000074f600000, 0x000000074f600000, 0x000000074f800000|  0%| F|  |TAMS 0x000000074f600000| PB 0x000000074f600000| Untracked |  0
| 535|0x000000074f800000, 0x000000074f800000, 0x000000074fa00000|  0%| F|  |TAMS 0x000000074f800000| PB 0x000000074f800000| Untracked |  0
| 536|0x000000074fa00000, 0x000000074fa00000, 0x000000074fc00000|  0%| F|  |TAMS 0x000000074fa00000| PB 0x000000074fa00000| Untracked |  0
| 537|0x000000074fc00000, 0x000000074fc00000, 0x000000074fe00000|  0%| F|  |TAMS 0x000000074fc00000| PB 0x000000074fc00000| Untracked |  0
| 538|0x000000074fe00000, 0x000000074fe00000, 0x0000000750000000|  0%| F|  |TAMS 0x000000074fe00000| PB 0x000000074fe00000| Untracked |  0
| 539|0x0000000750000000, 0x0000000750000000, 0x0000000750200000|  0%| F|  |TAMS 0x0000000750000000| PB 0x0000000750000000| Untracked |  0
| 540|0x0000000750200000, 0x0000000750200000, 0x0000000750400000|  0%| F|  |TAMS 0x0000000750200000| PB 0x0000000750200000| Untracked |  0
| 541|0x0000000750400000, 0x0000000750400000, 0x0000000750600000|  0%| F|  |TAMS 0x0000000750400000| PB 0x0000000750400000| Untracked |  0
| 542|0x0000000750600000, 0x0000000750600000, 0x0000000750800000|  0%| F|  |TAMS 0x0000000750600000| PB 0x0000000750600000| Untracked |  0
| 543|0x0000000750800000, 0x0000000750800000, 0x0000000750a00000|  0%| F|  |TAMS 0x0000000750800000| PB 0x0000000750800000| Untracked |  0
| 544|0x0000000750a00000, 0x0000000750a00000, 0x0000000750c00000|  0%| F|  |TAMS 0x0000000750a00000| PB 0x0000000750a00000| Untracked |  0
| 545|0x0000000750c00000, 0x0000000750c00000, 0x0000000750e00000|  0%| F|  |TAMS 0x0000000750c00000| PB 0x0000000750c00000| Untracked |  0
| 546|0x0000000750e00000, 0x0000000750e00000, 0x0000000751000000|  0%| F|  |TAMS 0x0000000750e00000| PB 0x0000000750e00000| Untracked |  0
| 547|0x0000000751000000, 0x0000000751000000, 0x0000000751200000|  0%| F|  |TAMS 0x0000000751000000| PB 0x0000000751000000| Untracked |  0
|1940|0x00000007ff200000, 0x00000007ff400000, 0x00000007ff400000|100%| O|  |TAMS 0x00000007ff200000| PB 0x00000007ff200000| Untracked |  0
|1941|0x00000007ff400000, 0x00000007ff600000, 0x00000007ff600000|100%| O|  |TAMS 0x00000007ff400000| PB 0x00000007ff400000| Untracked |  0
|1942|0x00000007ff600000, 0x00000007ff800000, 0x00000007ff800000|100%| O|  |TAMS 0x00000007ff600000| PB 0x00000007ff600000| Untracked |  0
|1943|0x00000007ff800000, 0x00000007ffa00000, 0x00000007ffa00000|100%| O|  |TAMS 0x00000007ff800000| PB 0x00000007ff800000| Untracked |  0
|1944|0x00000007ffa00000, 0x00000007ffc00000, 0x00000007ffc00000|100%| O|  |TAMS 0x00000007ffa00000| PB 0x00000007ffa00000| Untracked |  0
|1945|0x00000007ffc00000, 0x00000007ffe00000, 0x00000007ffe00000|100%| O|  |TAMS 0x00000007ffc00000| PB 0x00000007ffc00000| Untracked |  0
|1946|0x00000007ffe00000, 0x00000007ffe00000, 0x0000000800000000|  0%| F|  |TAMS 0x00000007ffe00000| PB 0x00000007ffe00000| Untracked |  0

Card table byte_map: [0x000001a5abc20000,0x000001a5ac3c0000] _byte_map_base: 0x000001a5a83bb000

Marking Bits: (CMBitMap*) 0x000001a5931643c0
 Bits: [0x000001a5ac3c0000, 0x000001a5b0098000)

Polling page: 0x000001a590e50000

Metaspace:
Metaspace        used 32003K, committed 32640K, reserved 1114112K
 class space     used 3902K, committed 4160K, reserved 1048576K

Usage:
  Non-class:     27.44 MB used.
      Class:      3.81 MB used.
       Both:     31.25 MB used.

Virtual space:
  Non-class space:       64.00 MB reserved,      27.81 MB ( 43%) committed,  1 nodes.
      Class space:        1.00 GB reserved,       4.06 MB ( <1%) committed,  1 nodes.
             Both:        1.06 GB reserved,      31.88 MB (  3%) committed. 

Chunk freelists:
   Non-Class:  4.17 MB
       Class:  11.92 MB
        Both:  16.08 MB

MaxMetaspaceSize: unlimited
CompressedClassSpaceSize: 1.00 GB
Initial GC threshold: 21.00 MB
Current GC threshold: 35.12 MB
CDS: on
 - commit_granule_bytes: 65536.
 - commit_granule_words: 8192.
 - virtual_space_node_default_size: 8388608.
 - enlarge_chunks_in_place: 1.
UseCompressedClassPointers 1, UseCompactObjectHeaders 0
Narrow klass pointer bits 32, Max shift 3
Narrow klass base: 0x0000000019000000, Narrow klass shift: 0
Encoding Range: [0x0000000019000000 - 0x0000000119000000), (4294967296 bytes)
Klass Range:    [0x0000000019010000 - 0x000000005a000000), (1090453504 bytes)
Klass ID Range:  [65536 - 1090519033) (1090453497)
Protection zone: [0x0000000019000000 - 0x0000000019010000), (65536 bytes)


Internal statistics:

num_allocs_failed_limit: 3.
num_arena_births: 768.
num_arena_deaths: 0.
num_vsnodes_births: 2.
num_vsnodes_deaths: 0.
num_space_committed: 510.
num_space_uncommitted: 0.
num_chunks_returned_to_freelist: 3.
num_chunks_taken_from_freelist: 1401.
num_chunk_merges: 0.
num_chunk_splits: 929.
num_chunks_enlarged: 613.
num_inconsistent_stats: 0.

CodeHeap 'non-profiled nmethods': size=119168Kb used=1827Kb max_used=1827Kb free=117340Kb
 bounds [0x000001a5a37a0000, 0x000001a5a3a10000, 0x000001a5aac00000]
CodeHeap 'profiled nmethods': size=119168Kb used=8419Kb max_used=8419Kb free=110749Kb
 bounds [0x000001a59bbf0000, 0x000001a59c430000, 0x000001a5a3050000]
CodeHeap 'non-nmethods': size=7488Kb used=1842Kb max_used=2797Kb free=5645Kb
 bounds [0x000001a5a3050000, 0x000001a5a3330000, 0x000001a5a37a0000]
CodeCache: size=245824Kb, used=12088Kb, max_used=13043Kb, free=233734Kb
 total_blobs=6142, nmethods=5177, adapters=854, full_count=0
Compilation: enabled, stopped_count=0, restarted_count=0

Compilation events (20 events):
Event: 31.912 Thread 0x000001a5b2b02560 nmethod 5256 0x000001a5a3958208 code [0x000001a5a3958340, 0x000001a5a39597c0]
Event: 31.912 Thread 0x000001a5b2b02560 5270       4       app.freerouting.geometry.planar.IntOctagon::to_Simplex (68 bytes)
Event: 31.917 Thread 0x000001a5b2b02560 nmethod 5270 0x000001a5a3959808 code [0x000001a5a3959900, 0x000001a5a395a548]
Event: 31.917 Thread 0x000001a5b2b02560 5289       4       app.freerouting.geometry.planar.Polyline::bounding_octagon (253 bytes)
Event: 31.921 Thread 0x000001a5b2b02560 nmethod 5289 0x000001a5a395a588 code [0x000001a5a395a6a0, 0x000001a5a395b470]
Event: 31.921 Thread 0x000001a5b2b02560 5288       4       app.freerouting.geometry.planar.Polyline::remove_consecutive_parallel_lines (93 bytes)
Event: 31.934 Thread 0x000001a5b2b02560 nmethod 5288 0x000001a5a395b488 code [0x000001a5a395b5a0, 0x000001a5a395c538]
Event: 31.934 Thread 0x000001a5b2b02560 5293       4       app.freerouting.geometry.planar.Polyline::offset_shapes (969 bytes)
Event: 33.488 Thread 0x000001a5b2b02560 nmethod 5293 0x000001a5a395c888 code [0x000001a5a395c9a0, 0x000001a5a3964da0]
Event: 33.489 Thread 0x000001a5b2b02560 5300       4       app.freerouting.board.ShapeSearchTree::overlapping_objects (74 bytes)
Event: 33.495 Thread 0x000001a5b2b02560 nmethod 5300 0x000001a5a3964e08 code [0x000001a5a3964f00, 0x000001a5a3965458]
Event: 33.495 Thread 0x000001a5b2b02560 5302       4       app.freerouting.board.Trace::get_normal_contacts (273 bytes)
Event: 33.535 Thread 0x000001a5b2b02560 nmethod 5302 0x000001a5a3965488 code [0x000001a5a3965580, 0x000001a5a3968600]
Event: 33.535 Thread 0x000001a5b2b02560 5355 %     4       java.util.TreeMap::getFirstEntry @ 9 (26 bytes)
Event: 33.536 Thread 0x000001a5b2b02560 nmethod 5355% 0x000001a5a3968688 code [0x000001a5a3968780, 0x000001a5a3968870]
Event: 33.536 Thread 0x000001a5b2b02560 5299       4       java.util.Arrays::fill (21 bytes)
Event: 33.537 Thread 0x000001a5b2b02560 nmethod 5299 0x000001a5a3968988 code [0x000001a5a3968a80, 0x000001a5a3968ba0]
Event: 33.537 Thread 0x000001a5b2b02560 5307       4       app.freerouting.board.PolylineTrace::combine_at_start (769 bytes)
Event: 33.821 Thread 0x000001a5b2b06cb0 5356       1       sun.java2d.SurfaceData::isSurfaceLost (5 bytes)
Event: 33.821 Thread 0x000001a5b2b06cb0 nmethod 5356 0x000001a5a3968c88 code [0x000001a5a3968d80, 0x000001a5a3968e48]

GC Heap Usage History (20 events):
Event: 33.481 {heap After GC invocations=304 (full 0):
 garbage-first heap   total reserved 3987456K, committed 1015808K, used 60897K [0x000000070ca00000, 0x0000000800000000)
  region size 2048K, 1 young (2048K), 1 survivors (2048K)
}
Event: 33.589 {heap Before GC invocations=304 (full 0):
 garbage-first heap   total reserved 3987456K, committed 1015808K, used 667105K [0x000000070ca00000, 0x0000000800000000)
  region size 2048K, 297 young (608256K), 1 survivors (2048K)
}
Event: 33.594 {heap After GC invocations=305 (full 0):
 garbage-first heap   total reserved 3987456K, committed 1015808K, used 60895K [0x000000070ca00000, 0x0000000800000000)
  region size 2048K, 1 young (2048K), 1 survivors (2048K)
}
Event: 33.693 {heap Before GC invocations=305 (full 0):
 garbage-first heap   total reserved 3987456K, committed 1015808K, used 667103K [0x000000070ca00000, 0x0000000800000000)
  region size 2048K, 297 young (608256K), 1 survivors (2048K)
}
Event: 33.699 {heap After GC invocations=306 (full 0):
 garbage-first heap   total reserved 3987456K, committed 1015808K, used 60911K [0x000000070ca00000, 0x0000000800000000)
  region size 2048K, 1 young (2048K), 1 survivors (2048K)
}
Event: 33.808 {heap Before GC invocations=306 (full 0):
 garbage-first heap   total reserved 3987456K, committed 1015808K, used 667119K [0x000000070ca00000, 0x0000000800000000)
  region size 2048K, 297 young (608256K), 1 survivors (2048K)
}
Event: 33.814 {heap After GC invocations=307 (full 0):
 garbage-first heap   total reserved 3987456K, committed 1136640K, used 60909K [0x000000070ca00000, 0x0000000800000000)
  region size 2048K, 1 young (2048K), 1 survivors (2048K)
}
Event: 41.151 {heap Before GC invocations=307 (full 0):
 garbage-first heap   total reserved 3987456K, committed 1136640K, used 740845K [0x000000070ca00000, 0x0000000800000000)
  region size 2048K, 333 young (681984K), 1 survivors (2048K)
}
Event: 44.532 {heap After GC invocations=308 (full 0):
 garbage-first heap   total reserved 3987456K, committed 1136640K, used 60903K [0x000000070ca00000, 0x0000000800000000)
  region size 2048K, 1 young (2048K), 1 survivors (2048K)
}
Event: 44.815 {heap Before GC invocations=308 (full 0):
 garbage-first heap   total reserved 3987456K, committed 1136640K, used 114151K [0x000000070ca00000, 0x0000000800000000)
  region size 2048K, 27 young (55296K), 1 survivors (2048K)
}
Event: 44.822 {heap After GC invocations=309 (full 0):
 garbage-first heap   total reserved 3987456K, committed 1136640K, used 60909K [0x000000070ca00000, 0x0000000800000000)
  region size 2048K, 1 young (2048K), 1 survivors (2048K)
}
Event: 45.097 {heap Before GC invocations=309 (full 0):
 garbage-first heap   total reserved 3987456K, committed 1136640K, used 114157K [0x000000070ca00000, 0x0000000800000000)
  region size 2048K, 27 young (55296K), 1 survivors (2048K)
}
Event: 45.102 {heap After GC invocations=310 (full 0):
 garbage-first heap   total reserved 3987456K, committed 1136640K, used 60925K [0x000000070ca00000, 0x0000000800000000)
  region size 2048K, 1 young (2048K), 1 survivors (2048K)
}
Event: 45.241 {heap Before GC invocations=310 (full 0):
 garbage-first heap   total reserved 3987456K, committed 1136640K, used 114173K [0x000000070ca00000, 0x0000000800000000)
  region size 2048K, 27 young (55296K), 1 survivors (2048K)
}
Event: 45.247 {heap After GC invocations=311 (full 0):
 garbage-first heap   total reserved 3987456K, committed 1136640K, used 60925K [0x000000070ca00000, 0x0000000800000000)
  region size 2048K, 1 young (2048K), 1 survivors (2048K)
}
Event: 45.255 {heap Before GC invocations=311 (full 0):
 garbage-first heap   total reserved 3987456K, committed 1136640K, used 114173K [0x000000070ca00000, 0x0000000800000000)
  region size 2048K, 27 young (55296K), 1 survivors (2048K)
}
Event: 45.262 {heap After GC invocations=312 (full 0):
 garbage-first heap   total reserved 3987456K, committed 1136640K, used 60925K [0x000000070ca00000, 0x0000000800000000)
  region size 2048K, 1 young (2048K), 1 survivors (2048K)
}
Event: 45.270 {heap Before GC invocations=312 (full 0):
 garbage-first heap   total reserved 3987456K, committed 1136640K, used 114173K [0x000000070ca00000, 0x0000000800000000)
  region size 2048K, 27 young (55296K), 1 survivors (2048K)
}
Event: 45.277 {heap After GC invocations=313 (full 0):
 garbage-first heap   total reserved 3987456K, committed 1136640K, used 60925K [0x000000070ca00000, 0x0000000800000000)
  region size 2048K, 1 young (2048K), 1 survivors (2048K)
}
Event: 45.451 {heap Before GC invocations=313 (full 0):
 garbage-first heap   total reserved 3987456K, committed 1136640K, used 740861K [0x000000070ca00000, 0x0000000800000000)
  region size 2048K, 333 young (681984K), 1 survivors (2048K)
}

Metaspace Usage History (20 events):
Event: 33.481 {metaspace After GC invocations=304 (full 0):
 Metaspace       used 32003K, committed 32640K, reserved 1114112K
  class space    used 3902K, committed 4160K, reserved 1048576K
}
Event: 33.589 {metaspace Before GC invocations=304 (full 0):
 Metaspace       used 32003K, committed 32640K, reserved 1114112K
  class space    used 3902K, committed 4160K, reserved 1048576K
}
Event: 33.594 {metaspace After GC invocations=305 (full 0):
 Metaspace       used 32003K, committed 32640K, reserved 1114112K
  class space    used 3902K, committed 4160K, reserved 1048576K
}
Event: 33.693 {metaspace Before GC invocations=305 (full 0):
 Metaspace       used 32003K, committed 32640K, reserved 1114112K
  class space    used 3902K, committed 4160K, reserved 1048576K
}
Event: 33.699 {metaspace After GC invocations=306 (full 0):
 Metaspace       used 32003K, committed 32640K, reserved 1114112K
  class space    used 3902K, committed 4160K, reserved 1048576K
}
Event: 33.808 {metaspace Before GC invocations=306 (full 0):
 Metaspace       used 32003K, committed 32640K, reserved 1114112K
  class space    used 3902K, committed 4160K, reserved 1048576K
}
Event: 33.814 {metaspace After GC invocations=307 (full 0):
 Metaspace       used 32003K, committed 32640K, reserved 1114112K
  class space    used 3902K, committed 4160K, reserved 1048576K
}
Event: 41.652 {metaspace Before GC invocations=307 (full 0):
 Metaspace       used 32003K, committed 32640K, reserved 1114112K
  class space    used 3902K, committed 4160K, reserved 1048576K
}
Event: 44.532 {metaspace After GC invocations=308 (full 0):
 Metaspace       used 32003K, committed 32640K, reserved 1114112K
  class space    used 3902K, committed 4160K, reserved 1048576K
}
Event: 44.816 {metaspace Before GC invocations=308 (full 0):
 Metaspace       used 32003K, committed 32640K, reserved 1114112K
  class space    used 3902K, committed 4160K, reserved 1048576K
}
Event: 44.822 {metaspace After GC invocations=309 (full 0):
 Metaspace       used 32003K, committed 32640K, reserved 1114112K
  class space    used 3902K, committed 4160K, reserved 1048576K
}
Event: 45.097 {metaspace Before GC invocations=309 (full 0):
 Metaspace       used 32003K, committed 32640K, reserved 1114112K
  class space    used 3902K, committed 4160K, reserved 1048576K
}
Event: 45.102 {metaspace After GC invocations=310 (full 0):
 Metaspace       used 32003K, committed 32640K, reserved 1114112K
  class space    used 3902K, committed 4160K, reserved 1048576K
}
Event: 45.241 {metaspace Before GC invocations=310 (full 0):
 Metaspace       used 32003K, committed 32640K, reserved 1114112K
  class space    used 3902K, committed 4160K, reserved 1048576K
}
Event: 45.247 {metaspace After GC invocations=311 (full 0):
 Metaspace       used 32003K, committed 32640K, reserved 1114112K
  class space    used 3902K, committed 4160K, reserved 1048576K
}
Event: 45.255 {metaspace Before GC invocations=311 (full 0):
 Metaspace       used 32003K, committed 32640K, reserved 1114112K
  class space    used 3902K, committed 4160K, reserved 1048576K
}
Event: 45.262 {metaspace After GC invocations=312 (full 0):
 Metaspace       used 32003K, committed 32640K, reserved 1114112K
  class space    used 3902K, committed 4160K, reserved 1048576K
}
Event: 45.270 {metaspace Before GC invocations=312 (full 0):
 Metaspace       used 32003K, committed 32640K, reserved 1114112K
  class space    used 3902K, committed 4160K, reserved 1048576K
}
Event: 45.277 {metaspace After GC invocations=313 (full 0):
 Metaspace       used 32003K, committed 32640K, reserved 1114112K
  class space    used 3902K, committed 4160K, reserved 1048576K
}
Event: 45.451 {metaspace Before GC invocations=313 (full 0):
 Metaspace       used 32003K, committed 32640K, reserved 1114112K
  class space    used 3902K, committed 4160K, reserved 1048576K
}

Dll operation events (12 events):
Event: 0.042 Loaded shared library C:\Program Files\Eclipse Adoptium\jdk-25.0.3.9-hotspot\bin\java.dll
Event: 0.122 Loaded shared library C:\Program Files\Eclipse Adoptium\jdk-25.0.3.9-hotspot\bin\net.dll
Event: 0.126 Loaded shared library C:\Program Files\Eclipse Adoptium\jdk-25.0.3.9-hotspot\bin\nio.dll
Event: 0.154 Loaded shared library C:\Program Files\Eclipse Adoptium\jdk-25.0.3.9-hotspot\bin\zip.dll
Event: 0.205 Loaded shared library C:\Program Files\Eclipse Adoptium\jdk-25.0.3.9-hotspot\bin\jimage.dll
Event: 0.696 Loaded shared library C:\Program Files\Eclipse Adoptium\jdk-25.0.3.9-hotspot\bin\awt.dll
Event: 1.473 Loaded shared library C:\Program Files\Eclipse Adoptium\jdk-25.0.3.9-hotspot\bin\sunmscapi.dll
Event: 1.559 Loaded shared library C:\Program Files\Eclipse Adoptium\jdk-25.0.3.9-hotspot\bin\extnet.dll
Event: 3.752 Loaded shared library C:\Program Files\Eclipse Adoptium\jdk-25.0.3.9-hotspot\bin\freetype.dll
Event: 4.038 Loaded shared library C:\Program Files\Eclipse Adoptium\jdk-25.0.3.9-hotspot\bin\fontmanager.dll
Event: 29.734 Loaded shared library C:\Windows\System32\ucrtbase.dll
Event: 29.745 Loaded shared library C:\Program Files\Eclipse Adoptium\jdk-25.0.3.9-hotspot\bin\syslookup.dll

Deoptimization events (20 events):
Event: 33.754 Thread 0x000001a590c880c0 DEOPT PACKING pc=0x000001a59c3c72e8 sp=0x00000076e4a337d0
Event: 33.755 Thread 0x000001a590c880c0 DEOPT UNPACKING pc=0x000001a5a30a1702 sp=0x00000076e4a32c00 mode 0
Event: 33.786 Thread 0x000001a590c880c0 DEOPT PACKING pc=0x000001a59c3c72e8 sp=0x00000076e49fcaf0
Event: 33.786 Thread 0x000001a590c880c0 DEOPT UNPACKING pc=0x000001a5a30a1702 sp=0x00000076e49fbf20 mode 0
Event: 34.012 Thread 0x000001a590c880c0 DEOPT PACKING pc=0x000001a59c3c72e8 sp=0x00000076e49c5c70
Event: 34.012 Thread 0x000001a590c880c0 DEOPT UNPACKING pc=0x000001a5a30a1702 sp=0x00000076e49c50a0 mode 0
Event: 39.384 Thread 0x000001a590c880c0 DEOPT PACKING pc=0x000001a59c3c72e8 sp=0x00000076e498eef0
Event: 40.088 Thread 0x000001a590c880c0 DEOPT UNPACKING pc=0x000001a5a30a1702 sp=0x00000076e498e320 mode 0
Event: 45.104 Thread 0x000001a590c880c0 DEOPT PACKING pc=0x000001a59c3c72e8 sp=0x00000076e4958210
Event: 45.104 Thread 0x000001a590c880c0 DEOPT UNPACKING pc=0x000001a5a30a1702 sp=0x00000076e4957640 mode 0
Event: 45.281 Thread 0x000001a590c880c0 DEOPT PACKING pc=0x000001a59c3c72e8 sp=0x00000076e4921390
Event: 45.281 Thread 0x000001a590c880c0 DEOPT UNPACKING pc=0x000001a5a30a1702 sp=0x00000076e49207c0 mode 0
Event: 45.306 Thread 0x000001a590c880c0 DEOPT PACKING pc=0x000001a59c3c72e8 sp=0x00000076e48ea610
Event: 45.306 Thread 0x000001a590c880c0 DEOPT UNPACKING pc=0x000001a5a30a1702 sp=0x00000076e48e9a40 mode 0
Event: 45.332 Thread 0x000001a590c880c0 DEOPT PACKING pc=0x000001a59c3c72e8 sp=0x00000076e48b3890
Event: 45.332 Thread 0x000001a590c880c0 DEOPT UNPACKING pc=0x000001a5a30a1702 sp=0x00000076e48b2cc0 mode 0
Event: 45.357 Thread 0x000001a590c880c0 DEOPT PACKING pc=0x000001a59c3c72e8 sp=0x00000076e487cbb0
Event: 45.357 Thread 0x000001a590c880c0 DEOPT UNPACKING pc=0x000001a5a30a1702 sp=0x00000076e487bfe0 mode 0
Event: 45.383 Thread 0x000001a590c880c0 DEOPT PACKING pc=0x000001a59c3c72e8 sp=0x00000076e4845d30
Event: 45.383 Thread 0x000001a590c880c0 DEOPT UNPACKING pc=0x000001a5a30a1702 sp=0x00000076e4845160 mode 0

Classes loaded (20 events):
Event: 30.179 Loading class java/lang/invoke/VarHandles$1
Event: 30.180 Loading class java/lang/invoke/VarHandles$1 done
Event: 30.197 Loading class java/lang/invoke/BoundMethodHandle$Species_LLJ
Event: 30.197 Loading class java/lang/invoke/BoundMethodHandle$Species_LLJ done
Event: 30.199 Loading class sun/font/StandardGlyphVector
Event: 30.201 Loading class java/awt/font/GlyphVector
Event: 30.201 Loading class java/awt/font/GlyphVector done
Event: 30.201 Loading class sun/font/StandardGlyphVector done
Event: 30.202 Loading class java/awt/font/TextLine$TextLineMetrics
Event: 30.202 Loading class java/awt/font/TextLine$TextLineMetrics done
Event: 30.351 Loading class sun/font/StrikeCache$WeakDisposerRef
Event: 30.351 Loading class sun/font/StrikeCache$WeakDisposerRef done
Event: 30.426 Loading class sun/swing/MenuItemLayoutHelper$RectSize
Event: 30.492 Loading class sun/swing/MenuItemLayoutHelper$RectSize done
Event: 30.507 Loading class javax/swing/CellRendererPane
Event: 30.564 Loading class javax/swing/CellRendererPane done
Event: 30.708 Loading class javax/swing/Autoscroller
Event: 30.773 Loading class javax/swing/Autoscroller done
Event: 31.576 Loading class jdk/internal/math/FormattedFPDecimal
Event: 31.577 Loading class jdk/internal/math/FormattedFPDecimal done

Classes unloaded (0 events):
No events

Classes redefined (0 events):
No events

Internal exceptions (20 events):
Event: 30.095 Thread 0x000001a590c880c0 Exception <a 'java/lang/NoSuchMethodError'{0x000000072a30f0c8}: 'int java.lang.invoke.DirectMethodHandle$Holder.invokeSpecial(java.lang.Object, java.lang.Object, int, long)'> (0x000000072a30f0c8) 
thrown [s\src\hotspot\share\interpreter\linkResolver.cpp, line 804]
Event: 30.095 Thread 0x000001a590c880c0 Exception <a 'java/lang/NoSuchMethodError'{0x000000072a10b3c0}: 'int java.lang.invoke.Invokers$Holder.exactInvoker(java.lang.Object, java.lang.Object, int, long)'> (0x000000072a10b3c0) 
thrown [s\src\hotspot\share\interpreter\linkResolver.cpp, line 804]
Event: 30.095 Thread 0x000001a590c880c0 Exception <a 'java/lang/NoSuchMethodError'{0x000000072a10fdd0}: 'int java.lang.invoke.DelegatingMethodHandle$Holder.delegate(java.lang.Object, java.lang.Object, int, long)'> (0x000000072a10fdd0) 
thrown [s\src\hotspot\share\interpreter\linkResolver.cpp, line 804]
Event: 30.096 Thread 0x000001a590c880c0 Exception <a 'java/lang/NoSuchMethodError'{0x0000000729f15ec8}: 'long java.lang.invoke.DirectMethodHandle$Holder.invokeSpecial(java.lang.Object, java.lang.Object, long, long)'> (0x0000000729f15ec8) 
thrown [s\src\hotspot\share\interpreter\linkResolver.cpp, line 804]
Event: 30.173 Thread 0x000001a590c880c0 Exception <a 'java/lang/NoSuchMethodError'{0x0000000724a008f8}: 'void java.lang.invoke.DirectMethodHandle$Holder.invokeSpecial(java.lang.Object, java.lang.Object, float, java.lang.Object, java.lang.Object, java.lang.Object, int, int, int, int, int, float, float, int, int, java.lang.Object, java.lang.Object)'> (0x0000000724a008f8) 
thrown [s\src\hotspot\share\interpreter\linkResolver.cpp, line 804]
Event: 30.177 Thread 0x000001a590c880c0 Exception <a 'java/lang/NoSuchMethodError'{0x0000000723800768}: 'int java.lang.invoke.DirectMethodHandle$Holder.invokeSpecial(java.lang.Object, java.lang.Object, int, java.lang.Object)'> (0x0000000723800768) 
thrown [s\src\hotspot\share\interpreter\linkResolver.cpp, line 804]
Event: 30.178 Thread 0x000001a590c880c0 Exception <a 'java/lang/NoSuchMethodError'{0x0000000723910a80}: 'java.lang.Object java.lang.invoke.Invokers$Holder.invokeExact_MT(java.lang.Object, long, java.lang.Object)'> (0x0000000723910a80) 
thrown [s\src\hotspot\share\interpreter\linkResolver.cpp, line 804]
Event: 30.180 Thread 0x000001a590c880c0 Exception <a 'java/lang/NoSuchMethodError'{0x0000000723508ff0}: 'void java.lang.invoke.DelegatingMethodHandle$Holder.reinvoke_L(java.lang.Object, java.lang.Object, java.lang.Object, long, long)'> (0x0000000723508ff0) 
thrown [s\src\hotspot\share\interpreter\linkResolver.cpp, line 804]
Event: 30.191 Thread 0x000001a590c880c0 Exception <a 'java/lang/NoSuchMethodError'{0x0000000720d05858}: 'int java.lang.invoke.Invokers$Holder.invokeExact_MT(java.lang.Object, java.lang.Object, java.lang.Object, int, java.lang.Object, java.lang.Object)'> (0x0000000720d05858) 
thrown [s\src\hotspot\share\interpreter\linkResolver.cpp, line 804]
Event: 30.196 Thread 0x000001a590c880c0 Exception <a 'java/lang/NoSuchMethodError'{0x000000071fb0e250}: 'int java.lang.invoke.DelegatingMethodHandle$Holder.reinvoke_L(java.lang.Object, java.lang.Object, java.lang.Object, long)'> (0x000000071fb0e250) 
thrown [s\src\hotspot\share\interpreter\linkResolver.cpp, line 804]
Event: 30.198 Thread 0x000001a590c880c0 Exception <a 'java/lang/NoSuchMethodError'{0x000000071f70cbf8}: 'java.lang.Object java.lang.invoke.DirectMethodHandle$Holder.invokeStatic(java.lang.Object, java.lang.Object, java.lang.Object, java.lang.Object, java.lang.Object, long)'> (0x000000071f70cbf8) 
thrown [s\src\hotspot\share\interpreter\linkResolver.cpp, line 804]
Event: 31.433 Thread 0x000001a590c880c0 Exception <a 'java/lang/NoSuchMethodError'{0x000000072961a0d8}: 'java.lang.Object java.lang.invoke.DelegatingMethodHandle$Holder.reinvoke_L(java.lang.Object, java.lang.Object, int, int, java.lang.Object, java.lang.Object, int, int, java.lang.Object, java.lang.Object, int)'> (0x000000072961a0d8) 
thrown [s\src\hotspot\share\interpreter\linkResolver.cpp, line 804]
Event: 31.434 Thread 0x000001a590c880c0 Exception <a 'java/lang/NoSuchMethodError'{0x000000072910c340}: 'java.lang.Object java.lang.invoke.DelegatingMethodHandle$Holder.reinvoke_L(java.lang.Object, java.lang.Object, int, int, int, java.lang.Object, java.lang.Object, int)'> (0x000000072910c340) 
thrown [s\src\hotspot\share\interpreter\linkResolver.cpp, line 804]
Event: 31.435 Thread 0x000001a590c880c0 Exception <a 'java/lang/NoSuchMethodError'{0x000000072912eae8}: 'java.lang.Object java.lang.invoke.DirectMethodHandle$Holder.invokeSpecial(java.lang.Object, java.lang.Object, int, int, java.lang.Object, java.lang.Object)'> (0x000000072912eae8) 
thrown [s\src\hotspot\share\interpreter\linkResolver.cpp, line 804]
Event: 31.435 Thread 0x000001a590c880c0 Exception <a 'java/lang/NoSuchMethodError'{0x0000000729137350}: 'java.lang.Object java.lang.invoke.DirectMethodHandle$Holder.invokeSpecial(java.lang.Object, java.lang.Object, java.lang.Object, int, int, java.lang.Object, java.lang.Object)'> (0x0000000729137350) 
thrown [s\src\hotspot\share\interpreter\linkResolver.cpp, line 804]
Event: 31.435 Thread 0x000001a590c880c0 Exception <a 'java/lang/NoSuchMethodError'{0x000000072913f648}: 'java.lang.Object java.lang.invoke.DelegatingMethodHandle$Holder.reinvoke_L(java.lang.Object, java.lang.Object, int, int, java.lang.Object, java.lang.Object)'> (0x000000072913f648) 
thrown [s\src\hotspot\share\interpreter\linkResolver.cpp, line 804]
Event: 31.436 Thread 0x000001a590c880c0 Exception <a 'java/lang/NoSuchMethodError'{0x0000000728a30a20}: 'java.lang.Object java.lang.invoke.DelegatingMethodHandle$Holder.reinvoke_L(java.lang.Object, java.lang.Object, int, java.lang.Object, java.lang.Object, int)'> (0x0000000728a30a20) 
thrown [s\src\hotspot\share\interpreter\linkResolver.cpp, line 804]
Event: 31.438 Thread 0x000001a590c880c0 Exception <a 'java/lang/NoSuchMethodError'{0x0000000728722150}: 'java.lang.Object java.lang.invoke.DelegatingMethodHandle$Holder.reinvoke_L(java.lang.Object, java.lang.Object, int, java.lang.Object, java.lang.Object, java.lang.Object)'> (0x0000000728722150) 
thrown [s\src\hotspot\share\interpreter\linkResolver.cpp, line 804]
Event: 31.438 Thread 0x000001a590c880c0 Exception <a 'java/lang/NoSuchMethodError'{0x00000007287327d0}: 'java.lang.Object java.lang.invoke.Invokers$Holder.linkToTargetMethod(int, java.lang.Object, java.lang.Object, java.lang.Object, java.lang.Object)'> (0x00000007287327d0) 
thrown [s\src\hotspot\share\interpreter\linkResolver.cpp, line 804]
Event: 31.439 Thread 0x000001a590c880c0 Exception <a 'java/lang/NoSuchMethodError'{0x000000072801dac0}: 'java.lang.Object java.lang.invoke.DelegatingMethodHandle$Holder.reinvoke_L(java.lang.Object, java.lang.Object, int, int, int, java.lang.Object, java.lang.Object)'> (0x000000072801dac0) 
thrown [s\src\hotspot\share\interpreter\linkResolver.cpp, line 804]

VM Operations (20 events):
Event: 33.481 Executing safepoint VM operation: G1CollectForAllocation (G1 Evacuation Pause) done
Event: 33.589 Executing safepoint VM operation: G1CollectForAllocation (G1 Evacuation Pause)
Event: 33.594 Executing safepoint VM operation: G1CollectForAllocation (G1 Evacuation Pause) done
Event: 33.693 Executing safepoint VM operation: G1CollectForAllocation (G1 Evacuation Pause)
Event: 33.699 Executing safepoint VM operation: G1CollectForAllocation (G1 Evacuation Pause) done
Event: 33.808 Executing safepoint VM operation: G1CollectForAllocation (G1 Evacuation Pause)
Event: 33.814 Executing safepoint VM operation: G1CollectForAllocation (G1 Evacuation Pause) done
Event: 40.157 Executing safepoint VM operation: G1CollectForAllocation (G1 Evacuation Pause)
Event: 44.673 Executing safepoint VM operation: G1CollectForAllocation (G1 Evacuation Pause) done
Event: 44.762 Executing safepoint VM operation: G1CollectForAllocation (G1 Evacuation Pause)
Event: 44.822 Executing safepoint VM operation: G1CollectForAllocation (G1 Evacuation Pause) done
Event: 44.833 Executing safepoint VM operation: G1CollectForAllocation (G1 Evacuation Pause)
Event: 45.102 Executing safepoint VM operation: G1CollectForAllocation (G1 Evacuation Pause) done
Event: 45.110 Executing safepoint VM operation: G1CollectForAllocation (G1 Evacuation Pause)
Event: 45.247 Executing safepoint VM operation: G1CollectForAllocation (G1 Evacuation Pause) done
Event: 45.255 Executing safepoint VM operation: G1CollectForAllocation (G1 Evacuation Pause)
Event: 45.262 Executing safepoint VM operation: G1CollectForAllocation (G1 Evacuation Pause) done
Event: 45.269 Executing safepoint VM operation: G1CollectForAllocation (G1 Evacuation Pause)
Event: 45.277 Executing safepoint VM operation: G1CollectForAllocation (G1 Evacuation Pause) done
Event: 45.392 Executing safepoint VM operation: G1CollectForAllocation (G1 Evacuation Pause)

Memory protections (0 events):
No events

Nmethod flushes (0 events):
No events

Events (20 events):
Event: 7.630 Thread 0x000001a5b890eb00 Thread added: 0x000001a5b30f91c0
Event: 7.630 Thread 0x000001a5b89bb440 Thread added: 0x000001a5b30f89f0
Event: 7.631 Thread 0x000001a5b30f8220 Thread exited: 0x000001a5b30f8220
Event: 7.631 Thread 0x000001a5b30f89f0 Thread exited: 0x000001a5b30f89f0
Event: 7.631 Thread 0x000001a5b30f91c0 Thread exited: 0x000001a5b30f91c0
Event: 8.101 Thread 0x000001a5b30f2c30 Thread added: 0x000001a5b30f91c0
Event: 8.105 Thread 0x000001a5b30fd9a0 Thread exited: 0x000001a5b30fd9a0
Event: 8.105 Thread 0x000001a5b30f6ab0 Thread exited: 0x000001a5b30f6ab0
Event: 8.105 Thread 0x000001a5b30f2c30 Thread exited: 0x000001a5b30f2c30
Event: 8.667 Thread 0x000001a5b381bf90 Thread exited: 0x000001a5b381bf90
Event: 10.707 Thread 0x000001a5b2b06cb0 Thread added: 0x000001a5d3844f20
Event: 11.127 Thread 0x000001a590c880c0 Thread added: 0x000001a5b30f3400
Event: 11.181 Thread 0x000001a5b2b06cb0 Thread added: 0x000001a5d3848790
Event: 12.947 Thread 0x000001a5d3848790 Thread exited: 0x000001a5d3848790
Event: 14.317 Thread 0x000001a5d3844f20 Thread exited: 0x000001a5d3844f20
Event: 16.403 Thread 0x000001a5b80493b0 Thread added: 0x000001a5b30f1c90
Event: 16.704 Thread 0x000001a5b80493b0 Thread added: 0x000001a5b30f2c30
Event: 22.947 Thread 0x000001a5b30f2c30 Thread added: 0x000001a5b8914200
Event: 29.601 Thread 0x000001a5b2b06cb0 Thread added: 0x000001a5d3846750
Event: 32.098 Thread 0x000001a5d3846750 Thread exited: 0x000001a5d3846750


Dynamic libraries:
0x00007ff695290000 - 0x00007ff69529e000 	C:\Program Files\Eclipse Adoptium\jdk-25.0.3.9-hotspot\bin\java.exe
0x00007ffb307a0000 - 0x00007ffb30a06000 	C:\WINDOWS\SYSTEM32\ntdll.dll
0x00007ffb2f9b0000 - 0x00007ffb2fa79000 	C:\WINDOWS\System32\KERNEL32.DLL
0x00007ffb2df70000 - 0x00007ffb2e36e000 	C:\WINDOWS\System32\KERNELBASE.dll
0x00007ffb2dd50000 - 0x00007ffb2de9c000 	C:\WINDOWS\System32\ucrtbase.dll
0x00007ffb28cf0000 - 0x00007ffb28d06000 	C:\Program Files\Eclipse Adoptium\jdk-25.0.3.9-hotspot\bin\jli.dll
0x00007ffb289d0000 - 0x00007ffb289ee000 	C:\Program Files\Eclipse Adoptium\jdk-25.0.3.9-hotspot\bin\VCRUNTIME140.dll
0x00007ffb2e810000 - 0x00007ffb2e9d7000 	C:\WINDOWS\System32\USER32.dll
0x00007ffb1a380000 - 0x00007ffb1a612000 	C:\WINDOWS\WinSxS\amd64_microsoft.windows.common-controls_6595b64144ccf1df_6.0.26100.8875_none_3e0d5d42e32fe9dd\COMCTL32.dll
0x00007ffb2da70000 - 0x00007ffb2da97000 	C:\WINDOWS\System32\win32u.dll
0x00007ffb2e750000 - 0x00007ffb2e7f9000 	C:\WINDOWS\System32\msvcrt.dll
0x00007ffb2fe60000 - 0x00007ffb2fe8b000 	C:\WINDOWS\System32\GDI32.dll
0x00007ffb2dc20000 - 0x00007ffb2dd4a000 	C:\WINDOWS\System32\gdi32full.dll
0x00007ffb2d9c0000 - 0x00007ffb2da63000 	C:\WINDOWS\System32\msvcp_win.dll
0x00007ffb2e4d0000 - 0x00007ffb2e502000 	C:\WINDOWS\System32\IMM32.DLL
0x00007ffb28d30000 - 0x00007ffb28d3c000 	C:\Program Files\Eclipse Adoptium\jdk-25.0.3.9-hotspot\bin\vcruntime140_1.dll
0x00007ffafae30000 - 0x00007ffafaebd000 	C:\Program Files\Eclipse Adoptium\jdk-25.0.3.9-hotspot\bin\msvcp140.dll
0x00007ffa99770000 - 0x00007ffa9a69a000 	C:\Program Files\Eclipse Adoptium\jdk-25.0.3.9-hotspot\bin\server\jvm.dll
0x00007ffb300d0000 - 0x00007ffb30187000 	C:\WINDOWS\System32\ADVAPI32.dll
0x00007ffb2ff80000 - 0x00007ffb3002a000 	C:\WINDOWS\System32\sechost.dll
0x00007ffb2e620000 - 0x00007ffb2e738000 	C:\WINDOWS\System32\RPCRT4.dll
0x00007ffb2fef0000 - 0x00007ffb2ff70000 	C:\WINDOWS\System32\WS2_32.dll
0x00007ffb2d840000 - 0x00007ffb2d89e000 	C:\WINDOWS\SYSTEM32\POWRPROF.dll
0x00007ffb1f170000 - 0x00007ffb1f1a6000 	C:\WINDOWS\SYSTEM32\WINMM.dll
0x00007ffb24720000 - 0x00007ffb2472b000 	C:\WINDOWS\SYSTEM32\VERSION.dll
0x00007ffb2d820000 - 0x00007ffb2d834000 	C:\WINDOWS\SYSTEM32\UMPDC.dll
0x00007ffb2c670000 - 0x00007ffb2c68b000 	C:\WINDOWS\SYSTEM32\kernel.appcore.dll
0x00007ffb256f0000 - 0x00007ffb256fa000 	C:\Program Files\Eclipse Adoptium\jdk-25.0.3.9-hotspot\bin\jimage.dll
0x00007ffb1f2e0000 - 0x00007ffb1f522000 	C:\WINDOWS\SYSTEM32\DBGHELP.DLL
0x00007ffb30190000 - 0x00007ffb30513000 	C:\WINDOWS\System32\combase.dll
0x00007ffb2fb10000 - 0x00007ffb2fbe9000 	C:\WINDOWS\System32\OLEAUT32.dll
0x00007ffafd9f0000 - 0x00007ffafda2b000 	C:\WINDOWS\SYSTEM32\dbgcore.DLL
0x00007ffb2e380000 - 0x00007ffb2e42c000 	C:\WINDOWS\System32\bcryptPrimitives.dll
0x00007ffb256d0000 - 0x00007ffb256ee000 	C:\Program Files\Eclipse Adoptium\jdk-25.0.3.9-hotspot\bin\java.dll
0x00007ffb305c0000 - 0x00007ffb30759000 	C:\WINDOWS\System32\ole32.dll
0x00007ffb2eff0000 - 0x00007ffb2f782000 	C:\WINDOWS\System32\SHELL32.dll
0x00007ffb2b420000 - 0x00007ffb2bcb2000 	C:\WINDOWS\SYSTEM32\windows.storage.dll
0x00007ffb2f790000 - 0x00007ffb2f887000 	C:\WINDOWS\System32\SHCORE.dll
0x00007ffb30550000 - 0x00007ffb305b7000 	C:\WINDOWS\System32\shlwapi.dll
0x00007ffb2d8e0000 - 0x00007ffb2d909000 	C:\WINDOWS\SYSTEM32\profapi.dll
0x00007ffb256b0000 - 0x00007ffb256c1000 	C:\Program Files\Eclipse Adoptium\jdk-25.0.3.9-hotspot\bin\net.dll
0x00007ffb2cc50000 - 0x00007ffb2ccbc000 	C:\WINDOWS\system32\mswsock.dll
0x00007ffb25690000 - 0x00007ffb256a6000 	C:\Program Files\Eclipse Adoptium\jdk-25.0.3.9-hotspot\bin\nio.dll
0x00007ffb25310000 - 0x00007ffb25326000 	C:\Program Files\Eclipse Adoptium\jdk-25.0.3.9-hotspot\bin\zip.dll
0x00007ffb28dc0000 - 0x00007ffb28dd8000 	C:\WINDOWS\system32\napinsp.dll
0x00007ffb2c0a0000 - 0x00007ffb2c1f6000 	C:\WINDOWS\SYSTEM32\DNSAPI.dll
0x00007ffb2ca10000 - 0x00007ffb2ca1d000 	C:\WINDOWS\SYSTEM32\DSPARSE.dll
0x00007ffb2c010000 - 0x00007ffb2c043000 	C:\WINDOWS\SYSTEM32\IPHLPAPI.DLL
0x00007ffb2efe0000 - 0x00007ffb2efea000 	C:\WINDOWS\System32\NSI.dll
0x00007ffb28da0000 - 0x00007ffb28db3000 	C:\WINDOWS\System32\winrnr.dll
0x00007ffb14610000 - 0x00007ffb14632000 	C:\WINDOWS\system32\nlansp_c.dll
0x00007ffb25cf0000 - 0x00007ffb25d06000 	C:\WINDOWS\system32\wshbth.dll
0x00007ffb26540000 - 0x00007ffb2654b000 	C:\Windows\System32\rasadhlp.dll
0x00007ffb27670000 - 0x00007ffb276f6000 	C:\WINDOWS\System32\fwpuclnt.dll
0x00007ffaf2480000 - 0x00007ffaf2600000 	C:\Program Files\Eclipse Adoptium\jdk-25.0.3.9-hotspot\bin\awt.dll
0x00007ffb2a990000 - 0x00007ffb2aa30000 	C:\WINDOWS\SYSTEM32\apphelp.dll
0x00007ffb27220000 - 0x00007ffb272c9000 	C:\WINDOWS\system32\uxtheme.dll
0x00007ffac58d0000 - 0x00007ffac5a03000 	C:\ProgramData\A-Volute\A-Volute.Nahimic\Modules\Scheduled\x64\AudioDevProps2.dll
0x00007ffb2e9e0000 - 0x00007ffb2eb3d000 	C:\WINDOWS\System32\MSCTF.dll
0x00007ffb2ad30000 - 0x00007ffb2ad5f000 	C:\WINDOWS\system32\DWMAPI.DLL
0x00007ffa49680000 - 0x00007ffa4978c000 	C:\WINDOWS\system32\opengl32.dll
0x00007ffa498e0000 - 0x00007ffa4990d000 	C:\WINDOWS\SYSTEM32\GLU32.dll
0x00007ffb2acc0000 - 0x00007ffb2ad06000 	C:\WINDOWS\SYSTEM32\dxcore.dll
0x00007ffac3a40000 - 0x00007ffac3bf2000 	C:\WINDOWS\system32\d3d9.dll
0x00007ffac01f0000 - 0x00007ffac3a34000 	C:\WINDOWS\System32\DriverStore\FileRepository\u0403947.inf_amd64_20015c7f90828a38\B402913\amdxn64.dll
0x00007ffb2eb50000 - 0x00007ffb2efd7000 	C:\WINDOWS\System32\SETUPAPI.dll
0x00007ffb2ab70000 - 0x00007ffb2acae000 	C:\WINDOWS\SYSTEM32\dxgi.dll
0x00007ffb2d8b0000 - 0x00007ffb2d8da000 	C:\WINDOWS\SYSTEM32\BCrypt.dll
0x00007ffb1ea00000 - 0x00007ffb1ea37000 	C:\WINDOWS\System32\DriverStore\FileRepository\u0403947.inf_amd64_20015c7f90828a38\B402913\amdihk64.dll
0x00007ffb25c80000 - 0x00007ffb25cdf000 	C:\WINDOWS\SYSTEM32\directxdatabasehelper.dll
0x00007ffb2d520000 - 0x00007ffb2d571000 	C:\WINDOWS\SYSTEM32\cfgmgr32.dll
0x00007ffb2cf50000 - 0x00007ffb2cf6b000 	C:\WINDOWS\SYSTEM32\CRYPTSP.dll
0x00007ffb2c5d0000 - 0x00007ffb2c609000 	C:\WINDOWS\system32\rsaenh.dll
0x00007ffb2cd10000 - 0x00007ffb2cd42000 	C:\WINDOWS\SYSTEM32\USERENV.dll
0x00007ffb2cf70000 - 0x00007ffb2cf7c000 	C:\WINDOWS\SYSTEM32\CRYPTBASE.dll
0x00007ffb252d0000 - 0x00007ffb252de000 	C:\Program Files\Eclipse Adoptium\jdk-25.0.3.9-hotspot\bin\sunmscapi.dll
0x00007ffb2daa0000 - 0x00007ffb2dc18000 	C:\WINDOWS\System32\CRYPT32.dll
0x00007ffb2d190000 - 0x00007ffb2d1c0000 	C:\WINDOWS\SYSTEM32\ncrypt.dll
0x00007ffb2d140000 - 0x00007ffb2d17f000 	C:\WINDOWS\SYSTEM32\NTASN1.dll
0x00007ffb252c0000 - 0x00007ffb252c9000 	C:\Program Files\Eclipse Adoptium\jdk-25.0.3.9-hotspot\bin\extnet.dll
0x00007ffaf39c0000 - 0x00007ffaf3a4b000 	C:\Program Files\Eclipse Adoptium\jdk-25.0.3.9-hotspot\bin\freetype.dll
0x00007ffaccd00000 - 0x00007ffaccdf8000 	C:\Program Files\Eclipse Adoptium\jdk-25.0.3.9-hotspot\bin\fontmanager.dll
0x00007ffb0f760000 - 0x00007ffb0f768000 	C:\WINDOWS\system32\wshunix.dll
0x00007ffb15fd0000 - 0x00007ffb16117000 	C:\WINDOWS\SYSTEM32\textinputframework.dll
0x00007ffb2a7b0000 - 0x00007ffb2a8d5000 	C:\WINDOWS\SYSTEM32\CoreMessaging.dll
0x00007ffb24b30000 - 0x00007ffb24e14000 	C:\WINDOWS\SYSTEM32\CoreUIComponents.dll
0x00007ffb27a30000 - 0x00007ffb27b9a000 	C:\WINDOWS\SYSTEM32\wintypes.dll
0x00007ffb0f010000 - 0x00007ffb0f019000 	C:\Program Files\Eclipse Adoptium\jdk-25.0.3.9-hotspot\bin\syslookup.dll

JVMTI agents: none

dbghelp: loaded successfully - version: 4.0.5 - missing functions: none
symbol engine: initialized successfully - sym options: 0x614 - pdb path: .;C:\Program Files\Eclipse Adoptium\jdk-25.0.3.9-hotspot\bin;C:\WINDOWS\SYSTEM32;C:\WINDOWS\WinSxS\amd64_microsoft.windows.common-controls_6595b64144ccf1df_6.0.26100.8875_none_3e0d5d42e32fe9dd;C:\Program Files\Eclipse Adoptium\jdk-25.0.3.9-hotspot\bin\server;C:\ProgramData\A-Volute\A-Volute.Nahimic\Modules\Scheduled\x64;C:\WINDOWS\System32\DriverStore\FileRepository\u0403947.inf_amd64_20015c7f90828a38\B402913

VM Arguments:
jvm_args: -Xss64m 
java_command: C:\Users\Darsh Gupta\AppData\Local\freerouting\app\freerouting-executable.jar -de D:\CodeProjects\drone-arm\tmp\main_board.dsn -do D:\CodeProjects\drone-arm\tmp\main_board_routed.ses -mp 10 -mt 4
java_class_path (initial): C:\Users\Darsh Gupta\AppData\Local\freerouting\app\freerouting-executable.jar
Launcher Type: SUN_STANDARD

[Global flags]
     intx CICompilerCount                          = 12                                        {product} {ergonomic}
     uint ConcGCThreads                            = 3                                         {product} {ergonomic}
     uint G1ConcRefinementThreads                  = 13                                        {product} {ergonomic}
   size_t G1HeapRegionSize                         = 2097152                                   {product} {ergonomic}
   size_t InitialHeapSize                          = 255852544                                 {product} {ergonomic}
   size_t MarkStackSize                            = 4194304                                   {product} {ergonomic}
   size_t MarkStackSizeMax                         = 536870912                                 {product} {ergonomic}
   size_t MaxHeapSize                              = 4083154944                                {product} {ergonomic}
   size_t MaxNewSize                               = 2449473536                                {product} {ergonomic}
   size_t MinHeapDeltaBytes                        = 2097152                                   {product} {ergonomic}
   size_t MinHeapSize                              = 8388608                                   {product} {ergonomic}
    uintx NonNMethodCodeHeapSize                   = 7667712                                {pd product} {ergonomic}
    uintx NonProfiledCodeHeapSize                  = 122028032                              {pd product} {ergonomic}
    uintx ProfiledCodeHeapSize                     = 122028032                              {pd product} {ergonomic}
    uintx ReservedCodeCacheSize                    = 251723776                              {pd product} {ergonomic}
     bool SegmentedCodeCache                       = true                                      {product} {ergonomic}
   size_t SoftMaxHeapSize                          = 4083154944                             {manageable} {ergonomic}
     intx ThreadStackSize                          = 65536                                  {pd product} {command line}
     bool UseCompressedOops                        = true                           {product lp64_product} {ergonomic}
     bool UseG1GC                                  = true                                      {product} {ergonomic}
     bool UseLargePagesIndividualAllocation        = false                                  {pd product} {ergonomic}

Logging:
Log output configuration:
 #0: stdout all=warning uptime,level,tags foldmultilines=false
 #1: stderr all=off uptime,level,tags foldmultilines=false

Release file:
IMPLEMENTOR="Eclipse Adoptium" 
IMPLEMENTOR_VERSION="Temurin-25.0.3+9" 
JAVA_RUNTIME_VERSION="25.0.3+9-LTS" 
JAVA_VERSION="25.0.3" 
JAVA_VERSION_DATE="2026-04-21" 
LIBC="default" 
MODULES="java.base java.compiler java.datatransfer java.xml java.prefs java.desktop java.instrument java.logging java.management java.security.sasl java.naming java.rmi java.management.rmi java.net.http java.scripting java.security.jgss java.transaction.xa java.sql java.sql.rowset java.xml.crypto java.se java.smartcardio jdk.accessibility jdk.internal.jvmstat jdk.attach jdk.charsets jdk.internal.opt jdk.zipfs jdk.compiler jdk.crypto.cryptoki jdk.crypto.ec jdk.crypto.mscapi jdk.dynalink jdk.internal.ed jdk.editpad jdk.internal.vm.ci jdk.graal.compiler jdk.graal.compiler.management jdk.hotspot.agent jdk.httpserver jdk.incubator.vector jdk.internal.le jdk.internal.md jdk.jartool jdk.javadoc jdk.jcmd jdk.management jdk.management.agent jdk.jconsole jdk.jdeps jdk.jdwp.agent jdk.jdi jdk.jfr jdk.jlink jdk.jpackage jdk.jshell jdk.jsobject jdk.jstatd jdk.localedata jdk.management.jfr jdk.naming.dns jdk.naming.rmi jdk.net jdk.nio.mapmode jdk.sctp jdk.security.auth jdk.security.jgss jdk.unsupported jdk.unsupported.desktop jdk.xml.dom" 
OS_ARCH="x86_64" 
OS_NAME="Windows" 
SOURCE=".:git:cda0a1776184" 
BUILD_SOURCE="git:a612825ee82a20ac872d60958c349854c1f29a8e"
BUILD_SOURCE_REPO="https://github.com/adoptium/temurin-build.git"
SOURCE_REPO="https://github.com/adoptium/jdk25u.git"
FULL_VERSION="25.0.3+9-LTS"
SEMANTIC_VERSION="25.0.3+9"
BUILD_INFO="OS: Windows Server 2022 Version: 10.0"
JVM_VARIANT="Hotspot"
JVM_VERSION="25.0.3+9-LTS"
IMAGE_TYPE="JDK"

Environment Variables:
JAVA_HOME=C:\Program Files\Eclipse Adoptium\jdk-25.0.3.9-hotspot\
PATH=C:\Users\Darsh Gupta\.cache\codex-runtimes\codex-primary-runtime\dependencies\native\powershell;C:\Users\Darsh Gupta\.codex\tmp\arg0\codex-arg08XyEJ1;C:\Users\Darsh Gupta\.cache\codex-runtimes\codex-primary-runtime\dependencies\bin\override;C:\Program Files\Eclipse Adoptium\jdk-25.0.3.9-hotspot\bin;C:\Program Files (x86)\Common Files\Oracle\Java\java8path;C:\Program Files (x86)\Common Files\Oracle\Java\javapath;C:\Program Files\NVIDIA GPU Computing Toolkit\CUDA\v13.1\bin\x64;C:\Program Files\NVIDIA GPU Computing Toolkit\CUDA\v13.1\bin;C:\Users\Darsh Gupta\gcc\bin;C:\Users\Darsh Gupta\gcc\libexec\gcc\x86_64-w64-mingw32\14.2.0;C:\Program Files\NVIDIA GPU Computing Toolkit\CUDA\v12.1\bin;C:\Program Files\NVIDIA GPU Computing Toolkit\CUDA\v12.1\libnvvp;C:\Program Files\Microsoft MPI\Bin\;C:\Program Files\Python312\Scripts\;C:\Program Files\Python312\;C:\Windows\system32;D:\Git\bin;C:\Windows\System32\Wbem;C:\Windows\System32\WindowsPowerShell\v1.0\;C:\Windows\System32\OpenSSH\;C:\Program Files (x86)\NVIDIA Corporation\PhysX\Common;D:\ChatRTX\env_nvd_rag\Lib\site-packages\torch\lib;D:\Git\cmd;C:\Program Files (x86)\MAVProxy;C:\Program Files\dotnet\;C:\WINDOWS\system32;C:\WINDOWS;C:\WINDOWS\System32\Wbem;C:\WINDOWS\System32\WindowsPowerShell\v1.0\;C:\WINDOWS\System32\OpenSSH\;C:\Program Files\CMake\bin;C:\Program Files\nodejs\;C:\Program Files\Go\bin;C:\Users\Darsh Gupta\AppData\Roaming\Python\Python312\Scripts;C:\Program Files\balena-cli\client\bin;C:\Program Files\NVIDIA Corporation\NVIDIA App\NvDLISR;C:\ProgramData\chocolatey\bin;C:\Program Files\Cppcheck;C:\Program Files\NVIDIA Corporation\Nsight Compute 2025.4.0\;C:\Program Files\Neovim\bin;C:\Program Files (x86)\GNU Arm Embedded Toolchain\10 2021.10\bin\;C:\Program Files\Docker\Docker\resources\bin;C:\Users\Darsh Gupta\AppData\Roaming\npm;C:\Users\Darsh Gupta\.cache\codex-runtimes\codex-primary-runtime\dependencies\native\powershell;C:\Users\Darsh Gupta\AppData\Local\Microsoft\WindowsApps;C:\Program Files\GitHub CLI\;C:\Program Files\Tailscale\;C:\Program Files\Arduino CLI\;C:\Users\Darsh Gupta\.rustup\toolchains\esp\xtensa-esp-elf\bin;C:\Users\Darsh Gupta\.rustup\toolchains\esp\xtensa-esp32-elf-clang\esp-clang\bin;C:\Users\Darsh Gupta\bin;C:\Users\Darsh Gupta\AppData\Local\agy\bin;C:\Windows;C:\Program Files (x86)\Windows Kits\10\Windows Performance Toolkit\;C:\Users\Darsh Gupta\AppData\Local\Programs\Zed\bin;C:\Users\Darsh Gupta\AppData\Local\Programs\Ollama;C:\Users\Darsh Gupta\AppData\Local\Microsoft\WinGet\Packages\BurntSushi.ripgrep.GNU_Microsoft.Winget.Source_8wekyb3d8bbwe\ripgrep-15.1.0-x86_64-pc-windows-gnu;D:\CodeProjects\Tets;C:\Users\Darsh Gupta\AppData\Local\Python\bin;C:\Program Files\KiCad\9.0\bin;C:\Users\Darsh Gupta\AppData\Local\freerouting;c:\users\darsh gupta\.local\bin;C:\Users\Darsh Gupta\AppData\Local\Microsoft\WinGet\Packages\aria2.aria2_Microsoft.Winget.Source_8wekyb3d8bbwe\aria2-1.37.0-win-64bit-build1;C:\Users\Darsh Gupta\AppData\Local\Microsoft\WinGet\Packages\Cingano.wtop_Microsoft.Winget.Source_8wekyb3d8bbwe;C:\Users\Darsh Gupta\.claude\tools\video-caption;C:\Users\Darsh Gupta\.cache\codex-runtimes\codex-primary-runtime\dependencies\bin\fallback;C:\Users\Darsh Gupta\.cache\codex-runtimes\codex-primary-runtime\dependencies\native\git\cmd;C:\Users\Darsh Gupta\AppData\Local\OpenAI\Codex\bin\c6c4820dcd243daa;C:\Program Files\WindowsApps\OpenAI.Codex_26.818.5229.0_x64__2p2nqsd0c76g0\app\resources
USERNAME=Darsh Gupta
LANG=C.UTF-8
LC_ALL=C.UTF-8
LC_CTYPE=C.UTF-8
TERM=dumb
OS=Windows_NT
PROCESSOR_IDENTIFIER=AMD64 Family 25 Model 68 Stepping 1, AuthenticAMD
TMP=C:\Users\DARSHG~1\AppData\Local\Temp
TEMP=C:\Users\DARSHG~1\AppData\Local\Temp




Compilation memory statistics disabled.

Periodic native trim disabled

---------------  S Y S T E M  ---------------

OS:
 Windows 11 , 64 bit Build 26100 (10.0.26100.8875)
OS uptime: 1 days 5:07 hours
Hyper-V role detected

CPU: total 16 (initial active 16) (16 cores per cpu, 2 threads per core) family 25 model 68 stepping 1 microcode 0xa404107, cx8, cmov, fxsr, ht, mmx, 3dnowpref, sse, sse2, sse3, ssse3, sse4a, sse4.1, sse4.2, popcnt, lzcnt, tsc, tscinvbit, avx, avx2, aes, erms, clmul, bmi1, bmi2, adx, sha, fma, vzeroupper, clflush, clflushopt, clwb, hv, rdtscp, rdpid, fsrm, f16c, cet_ss
Processor Information for the first 16 processors :
  Max Mhz: 3201, Current Mhz: 3201, Mhz Limit: 3201

Memory: 4k page, system-wide physical 15571M (485M free)
TotalPageFile size 52435M (AvailPageFile size 722M)
current process WorkingSet (physical memory assigned to process): 707M, peak: 1170M
current process commit charge ("private bytes"): 1370M, peak: 2436M

vm_info: OpenJDK 64-Bit Server VM (25.0.3+9-LTS) for windows-amd64 JRE (25.0.3+9-LTS), built on 2026-04-21T00:00:00Z with MS VC++ 17.12 (VS2022)

END.
