#
# There is insufficient memory for the Java Runtime Environment to continue.
# Native memory allocation (mmap) failed to map 970981376 bytes. Error detail: G1 virtual space
# Possible reasons:
#   The system is out of physical RAM or swap space
#   This process is running with CompressedOops enabled, and the Java Heap may be blocking the growth of the native heap
# Possible solutions:
#   Reduce memory load on the system
#   Increase physical memory or swap space
#   Check if swap backing store is full
#   Decrease Java heap size (-Xmx/-Xms)
#   Decrease number of Java threads
#   Decrease Java thread stack sizes (-Xss)
#   Set larger code cache with -XX:ReservedCodeCacheSize=
#   JVM is running with Zero Based Compressed Oops mode in which the Java heap is
#     placed in the first 32GB address space. The Java Heap base address is the
#     maximum limit for the native heap growth. Please use -XX:HeapBaseMinAddress
#     to set the Java Heap base and to place the Java Heap above 32GB virtual address.
# This output file may be truncated or incomplete.
#
#  Out of Memory Error (os_windows.cpp:3554), pid=537364, tid=537412
#
# JRE version: OpenJDK Runtime Environment Temurin-25.0.2+10 (25.0.2+10) (build 25.0.2+10-LTS)
# Java VM: OpenJDK 64-Bit Server VM Temurin-25.0.2+10 (25.0.2+10-LTS, mixed mode, tiered, compressed oops, compressed class ptrs, g1 gc, windows-amd64)
# No core dump will be written. Minidumps are not enabled by default on client versions of Windows
#

---------------  S U M M A R Y ------------

Command Line: -Djpackage.app-version=2.2.4 -Dlog4j2.disableJndi=true -Djpackage.app-path=C:\Users\Darsh Gupta\AppData\Local\freerouting\freerouting.exe C:\Users\Darsh Gupta\AppData\Local\freerouting\app\freerouting-executable.jar -de D:\CodeProjects\drone-arm\tmp\main_board.dsn -do D:\CodeProjects\drone-arm\tmp\main_board_routed.ses -mp 20 -mt 4

Host: AMD Ryzen 7 7735HS with Radeon Graphics        , 16 cores, 15G,  Windows 11 , 64 bit Build 26100 (10.0.26100.8875)
Time: Tue Aug 25 12:55:36 2026 India Standard Time elapsed time: 288.355652 seconds (0d 0h 4m 48s)

---------------  T H R E A D  ---------------

Current thread (0x00000206963f7520):  VMThread "VM Thread"          [id=537412, stack(0x0000009352600000,0x0000009352700000) (1024K)]

Stack: [0x0000009352600000,0x0000009352700000]
Native frames: (J=compiled Java code, j=interpreted, Vv=VM code, C=native code)
V  [jvm.dll+0x7a8bc9]  (no source info available)
V  [jvm.dll+0x77310d]  (no source info available)
V  [jvm.dll+0x9f55f3]  (no source info available)
V  [jvm.dll+0x9f7be1]  (no source info available)
V  [jvm.dll+0x9f82f3]  (no source info available)
V  [jvm.dll+0x2fce26]  (no source info available)
V  [jvm.dll+0x7a4df5]  (no source info available)
V  [jvm.dll+0x798257]  (no source info available)
V  [jvm.dll+0x3f5248]  (no source info available)
V  [jvm.dll+0x3fd1b6]  (no source info available)
V  [jvm.dll+0x3e991e]  (no source info available)
V  [jvm.dll+0x3e9bd8]  (no source info available)
V  [jvm.dll+0x3c0c05]  (no source info available)
V  [jvm.dll+0x3c0c9a]  (no source info available)
V  [jvm.dll+0x40df96]  (no source info available)
V  [jvm.dll+0x40c8a8]  (no source info available)
V  [jvm.dll+0x3c0337]  (no source info available)
V  [jvm.dll+0x40bc8f]  (no source info available)
V  [jvm.dll+0x9fe542]  (no source info available)
V  [jvm.dll+0x9ff861]  (no source info available)
V  [jvm.dll+0x9ffdd8]  (no source info available)
V  [jvm.dll+0xa00073]  (no source info available)
V  [jvm.dll+0x996b0d]  (no source info available)
V  [jvm.dll+0x7a71a5]  (no source info available)
C  [ucrtbase.dll+0x2cd30]  (no source info available)
C  [KERNEL32.DLL+0x2e957]  (no source info available)
C  [ntdll.dll+0xaad6c]  (no source info available)

VM_Operation (0x00000093559ff220): G1CollectForAllocation, mode: safepoint, requested by thread 0x00000206b735d1a0


---------------  P R O C E S S  ---------------

Threads class SMR info:
_java_thread_list=0x000002069b0d5760, length=19, elements={
0x00000206f9e47cb0, 0x000002069b010080, 0x000002069b010c50, 0x000002069b012320,
0x000002069b014040, 0x0000020696432f70, 0x000002069b01cc10, 0x000002069b03dc40,
0x000002069643bb60, 0x000002069b176b30, 0x000002069b17b8e0, 0x000002069bcad550,
0x000002069bcf17d0, 0x00000206b735d1a0, 0x00000206b735e140, 0x00000206b735b260,
0x00000206b7360850, 0x00000206b7a8d6a0, 0x00000206b8951720
}

Java Threads: ( => current thread )
  0x00000206f9e47cb0 JavaThread "main"                              [_thread_blocked, id=537384, stack(0x0000009351f00000,0x0000009352000000) (1024K)]
  0x000002069b010080 JavaThread "Reference Handler"          daemon [_thread_blocked, id=537416, stack(0x0000009352700000,0x0000009352800000) (1024K)]
  0x000002069b010c50 JavaThread "Finalizer"                  daemon [_thread_blocked, id=537420, stack(0x0000009352800000,0x0000009352900000) (1024K)]
  0x000002069b012320 JavaThread "Signal Dispatcher"          daemon [_thread_blocked, id=537424, stack(0x0000009352900000,0x0000009352a00000) (1024K)]
  0x000002069b014040 JavaThread "Attach Listener"            daemon [_thread_blocked, id=537428, stack(0x0000009352a00000,0x0000009352b00000) (1024K)]
  0x0000020696432f70 JavaThread "Service Thread"             daemon [_thread_blocked, id=537432, stack(0x0000009352b00000,0x0000009352c00000) (1024K)]
  0x000002069b01cc10 JavaThread "Monitor Deflation Thread"   daemon [_thread_blocked, id=537436, stack(0x0000009352c00000,0x0000009352d00000) (1024K)]
  0x000002069b03dc40 JavaThread "C2 CompilerThread0"         daemon [_thread_blocked, id=537440, stack(0x0000009352d00000,0x0000009352e00000) (1024K)]
  0x000002069643bb60 JavaThread "C1 CompilerThread0"         daemon [_thread_blocked, id=537444, stack(0x0000009352e00000,0x0000009352f00000) (1024K)]
  0x000002069b176b30 JavaThread "Notification Thread"        daemon [_thread_blocked, id=537452, stack(0x0000009353000000,0x0000009353100000) (1024K)]
  0x000002069b17b8e0 JavaThread "Common-Cleaner"             daemon [_thread_blocked, id=537456, stack(0x0000009353100000,0x0000009353200000) (1024K)]
  0x000002069bcad550 JavaThread "Java2D Disposer"            daemon [_thread_blocked, id=537464, stack(0x0000009353300000,0x0000009353400000) (1024K)]
  0x000002069bcf17d0 JavaThread "AWT-Windows"                daemon [_thread_blocked, id=537472, stack(0x0000009353500000,0x0000009353600000) (1024K)]
  0x00000206b735d1a0 JavaThread "Thread-4"                          [_thread_blocked, id=536664, stack(0x0000009355900000,0x0000009355a00000) (1024K)]
  0x00000206b735e140 JavaThread "AWT-Shutdown"                      [_thread_blocked, id=536668, stack(0x0000009355b00000,0x0000009355c00000) (1024K)]
  0x00000206b735b260 JavaThread "AWT-EventQueue-0"                  [_thread_blocked, id=536672, stack(0x0000009355c00000,0x0000009355d00000) (1024K)]
  0x00000206b7360850 JavaThread "D3D Screen Updater"         daemon [_thread_in_native, id=536784, stack(0x0000009355f00000,0x0000009356000000) (1024K)]
  0x00000206b7a8d6a0 JavaThread "TimerQueue"                 daemon [_thread_blocked, id=530780, stack(0x0000009356100000,0x0000009356200000) (1024K)]
  0x00000206b8951720 JavaThread "analytics-error-reporter"   daemon [_thread_blocked, id=523960, stack(0x0000009355d00000,0x0000009355e00000) (1024K)]
Total: 19

Other Threads:
=>0x00000206963f7520 VMThread "VM Thread"                           [id=537412, stack(0x0000009352600000,0x0000009352700000) (1024K)]
  0x00000206963b97c0 WatcherThread "VM Periodic Task Thread"        [id=537408, stack(0x0000009352500000,0x0000009352600000) (1024K)]
  0x00000206fc174d20 WorkerThread "GC Thread#0"                     [id=537388, stack(0x0000009352000000,0x0000009352100000) (1024K)]
  0x000002069bd8b3e0 WorkerThread "GC Thread#1"                     [id=537476, stack(0x0000009353600000,0x0000009353700000) (1024K)]
  0x000002069bd8bc20 WorkerThread "GC Thread#2"                     [id=537480, stack(0x0000009353700000,0x0000009353800000) (1024K)]
  0x000002069bd81690 WorkerThread "GC Thread#3"                     [id=537484, stack(0x0000009353800000,0x0000009353900000) (1024K)]
  0x000002069b298770 WorkerThread "GC Thread#4"                     [id=537488, stack(0x0000009353900000,0x0000009353a00000) (1024K)]
  0x000002069b299010 WorkerThread "GC Thread#5"                     [id=537492, stack(0x0000009353a00000,0x0000009353b00000) (1024K)]
  0x000002069b297a80 WorkerThread "GC Thread#6"                     [id=537496, stack(0x0000009353b00000,0x0000009353c00000) (1024K)]
  0x000002069b29a150 WorkerThread "GC Thread#7"                     [id=537500, stack(0x0000009353c00000,0x0000009353d00000) (1024K)]
  0x000002069b299460 WorkerThread "GC Thread#8"                     [id=537504, stack(0x0000009353d00000,0x0000009353e00000) (1024K)]
  0x000002069b299d00 WorkerThread "GC Thread#9"                     [id=537508, stack(0x0000009353e00000,0x0000009353f00000) (1024K)]
  0x000002069bde6df0 WorkerThread "GC Thread#10"                    [id=537512, stack(0x0000009353f00000,0x0000009354000000) (1024K)]
  0x000002069bdebfe0 WorkerThread "GC Thread#11"                    [id=536468, stack(0x0000009355500000,0x0000009355600000) (1024K)]
  0x000002069bdea1b0 WorkerThread "GC Thread#12"                    [id=536460, stack(0x0000009355600000,0x0000009355700000) (1024K)]
  0x00000206fc18d260 ConcurrentGCThread "G1 Main Marker"            [id=537392, stack(0x0000009352100000,0x0000009352200000) (1024K)]
  0x00000206fc18e8f0 WorkerThread "G1 Conc#0"                       [id=537396, stack(0x0000009352200000,0x0000009352300000) (1024K)]
  0x000002069bde94c0 WorkerThread "G1 Conc#1"                       [id=537516, stack(0x0000009354000000,0x0000009354100000) (1024K)]
  0x000002069bde9070 WorkerThread "G1 Conc#2"                       [id=537520, stack(0x0000009354100000,0x0000009354200000) (1024K)]
  0x00000206fc1aeb00 ConcurrentGCThread "G1 Refine#0"               [id=537400, stack(0x0000009352300000,0x0000009352400000) (1024K)]
  0x000002069628f740 ConcurrentGCThread "G1 Service"                [id=537404, stack(0x0000009352400000,0x0000009352500000) (1024K)]
Total: 21

Threads with active compile tasks:
Total: 0

VM state: at safepoint (normal execution)

VM Mutex/Monitor currently owned by a thread:  ([mutex/lock_event])
[0x00007ffac8f163c8] Threads_lock - owner thread: 0x00000206963f7520
[0x00007ffac8f16548] Heap_lock - owner thread: 0x00000206b735d1a0

OutOfMemory and StackOverflow Exception counts:
StackOverflowErrors=1
LinkageErrors=139

Heap address: 0x000000070ca00000, size: 3894 MB, Compressed Oops mode: Zero based, Oop shift amount: 3

CDS archive(s) not mapped
Compressed class space mapped at: 0x0000000038000000-0x0000000078000000, reserved size: 1073741824
UseCompressedClassPointers 1, UseCompactObjectHeaders 0
Narrow klass pointer bits 32, Max shift 3
Narrow klass base: 0x0000000000000000, Narrow klass shift: 0
Encoding Range: [0x0000000000000000 - 0x0000000100000000), (4294967296 bytes)
Klass Range:    [0x0000000038000000 - 0x0000000078000000), (1073741824 bytes)
Klass ID Range:  [939524096 - 2013265913) (1073741817)
No protection zone.

GC Precious Log:
 CardTable entry size: 512
 Card Set container configuration: InlinePtr #cards 4 size 8 Array Of Cards #cards 16 size 48 Howl #buckets 8 coarsen threshold 3686 Howl Bitmap #cards 512 size 80 coarsen threshold 460 Card regions per heap region 1 cards per card region 4096
 CPUs: 16 total, 16 available
 Memory: 15571M
 Large Page Support: Disabled
 NUMA Support: Disabled
 Compressed Oops: Enabled (Zero based)
 Heap Region Size: 2M
 Heap Min Capacity: 8M
 Heap Initial Capacity: 244M
 Heap Max Capacity: 3894M
 Pre-touch: Disabled
 Parallel Workers: 13
 Concurrent Workers: 3
 Concurrent Refinement Workers: 13
 Periodic GC: Disabled

Heap:
 garbage-first heap   total reserved 3987456K, committed 1619968K, used 18599K [0x000000070ca00000, 0x0000000800000000)
  region size 2048K, 1 young (2048K), 1 survivors (2048K)

Heap Regions: E=young(eden), S=young(survivor), O=old, HS=humongous(starts), HC=humongous(continues), CS=collection set, F=free, TAMS=top-at-mark-start, PB=parsable bottom
|   0|0x000000070ca00000, 0x000000070cc00000, 0x000000070cc00000|100%|HS|  |TAMS 0x000000070ca00000| PB 0x000000070ca00000| Complete |  0
|   1|0x000000070cc00000, 0x000000070ce00000, 0x000000070ce00000|100%|HC|  |TAMS 0x000000070cc00000| PB 0x000000070cc00000| Complete |  0
|   2|0x000000070ce00000, 0x000000070d000000, 0x000000070d000000|100%| O|  |TAMS 0x000000070ce00000| PB 0x000000070ce00000| Untracked |  0
|   3|0x000000070d000000, 0x000000070d200000, 0x000000070d200000|100%| O|  |TAMS 0x000000070d000000| PB 0x000000070d000000| Untracked |  0
|   4|0x000000070d200000, 0x000000070d400000, 0x000000070d400000|100%| O|  |TAMS 0x000000070d200000| PB 0x000000070d200000| Untracked |  0
|   5|0x000000070d400000, 0x000000070d600000, 0x000000070d600000|100%| O|  |TAMS 0x000000070d400000| PB 0x000000070d400000| Untracked |  0
|   6|0x000000070d600000, 0x000000070d800000, 0x000000070d800000|100%| O|  |TAMS 0x000000070d600000| PB 0x000000070d600000| Untracked |  0
|   7|0x000000070d800000, 0x000000070da00000, 0x000000070da00000|100%| O|  |TAMS 0x000000070d800000| PB 0x000000070d800000| Untracked |  0
|   8|0x000000070da00000, 0x000000070dc00000, 0x000000070dc00000|100%| O|  |TAMS 0x000000070da00000| PB 0x000000070da00000| Untracked |  0
|   9|0x000000070dc00000, 0x000000070dc23c70, 0x000000070de00000|  6%| O|  |TAMS 0x000000070dc00000| PB 0x000000070dc00000| Untracked |  0
|  10|0x000000070de00000, 0x000000070de00000, 0x000000070e000000|  0%| F|  |TAMS 0x000000070de00000| PB 0x000000070de00000| Untracked |  0
|  11|0x000000070e000000, 0x000000070e000000, 0x000000070e200000|  0%| F|  |TAMS 0x000000070e000000| PB 0x000000070e000000| Untracked |  0
|  12|0x000000070e200000, 0x000000070e200000, 0x000000070e400000|  0%| F|  |TAMS 0x000000070e200000| PB 0x000000070e200000| Untracked |  0
|  13|0x000000070e400000, 0x000000070e400000, 0x000000070e600000|  0%| F|  |TAMS 0x000000070e400000| PB 0x000000070e400000| Untracked |  0
|  14|0x000000070e600000, 0x000000070e600000, 0x000000070e800000|  0%| F|  |TAMS 0x000000070e600000| PB 0x000000070e600000| Untracked |  0
|  15|0x000000070e800000, 0x000000070e800000, 0x000000070ea00000|  0%| F|  |TAMS 0x000000070e800000| PB 0x000000070e800000| Untracked |  0
|  16|0x000000070ea00000, 0x000000070ea00000, 0x000000070ec00000|  0%| F|  |TAMS 0x000000070ea00000| PB 0x000000070ea00000| Untracked |  0
|  17|0x000000070ec00000, 0x000000070ec00000, 0x000000070ee00000|  0%| F|  |TAMS 0x000000070ec00000| PB 0x000000070ec00000| Untracked |  0
|  18|0x000000070ee00000, 0x000000070ee00000, 0x000000070f000000|  0%| F|  |TAMS 0x000000070ee00000| PB 0x000000070ee00000| Untracked |  0
|  19|0x000000070f000000, 0x000000070f000000, 0x000000070f200000|  0%| F|  |TAMS 0x000000070f000000| PB 0x000000070f000000| Untracked |  0
|  20|0x000000070f200000, 0x000000070f200000, 0x000000070f400000|  0%| F|  |TAMS 0x000000070f200000| PB 0x000000070f200000| Untracked |  0
|  21|0x000000070f400000, 0x000000070f400000, 0x000000070f600000|  0%| F|  |TAMS 0x000000070f400000| PB 0x000000070f400000| Untracked |  0
|  22|0x000000070f600000, 0x000000070f600000, 0x000000070f800000|  0%| F|  |TAMS 0x000000070f600000| PB 0x000000070f600000| Untracked |  0
|  23|0x000000070f800000, 0x000000070f800000, 0x000000070fa00000|  0%| F|  |TAMS 0x000000070f800000| PB 0x000000070f800000| Untracked |  0
|  24|0x000000070fa00000, 0x000000070fa00000, 0x000000070fc00000|  0%| F|  |TAMS 0x000000070fa00000| PB 0x000000070fa00000| Untracked |  0
|  25|0x000000070fc00000, 0x000000070fc00000, 0x000000070fe00000|  0%| F|  |TAMS 0x000000070fc00000| PB 0x000000070fc00000| Untracked |  0
|  26|0x000000070fe00000, 0x000000070fe00000, 0x0000000710000000|  0%| F|  |TAMS 0x000000070fe00000| PB 0x000000070fe00000| Untracked |  0
|  27|0x0000000710000000, 0x0000000710000000, 0x0000000710200000|  0%| F|  |TAMS 0x0000000710000000| PB 0x0000000710000000| Untracked |  0
|  28|0x0000000710200000, 0x0000000710200000, 0x0000000710400000|  0%| F|  |TAMS 0x0000000710200000| PB 0x0000000710200000| Untracked |  0
|  29|0x0000000710400000, 0x0000000710400000, 0x0000000710600000|  0%| F|  |TAMS 0x0000000710400000| PB 0x0000000710400000| Untracked |  0
|  30|0x0000000710600000, 0x0000000710600000, 0x0000000710800000|  0%| F|  |TAMS 0x0000000710600000| PB 0x0000000710600000| Untracked |  0
|  31|0x0000000710800000, 0x0000000710800000, 0x0000000710a00000|  0%| F|  |TAMS 0x0000000710800000| PB 0x0000000710800000| Untracked |  0
|  32|0x0000000710a00000, 0x0000000710a00000, 0x0000000710c00000|  0%| F|  |TAMS 0x0000000710a00000| PB 0x0000000710a00000| Untracked |  0
|  33|0x0000000710c00000, 0x0000000710c00000, 0x0000000710e00000|  0%| F|  |TAMS 0x0000000710c00000| PB 0x0000000710c00000| Untracked |  0
|  34|0x0000000710e00000, 0x0000000710e00000, 0x0000000711000000|  0%| F|  |TAMS 0x0000000710e00000| PB 0x0000000710e00000| Untracked |  0
|  35|0x0000000711000000, 0x0000000711000000, 0x0000000711200000|  0%| F|  |TAMS 0x0000000711000000| PB 0x0000000711000000| Untracked |  0
|  36|0x0000000711200000, 0x0000000711200000, 0x0000000711400000|  0%| F|  |TAMS 0x0000000711200000| PB 0x0000000711200000| Untracked |  0
|  37|0x0000000711400000, 0x0000000711400000, 0x0000000711600000|  0%| F|  |TAMS 0x0000000711400000| PB 0x0000000711400000| Untracked |  0
|  38|0x0000000711600000, 0x0000000711600000, 0x0000000711800000|  0%| F|  |TAMS 0x0000000711600000| PB 0x0000000711600000| Untracked |  0
|  39|0x0000000711800000, 0x0000000711800000, 0x0000000711a00000|  0%| F|  |TAMS 0x0000000711800000| PB 0x0000000711800000| Untracked |  0
|  40|0x0000000711a00000, 0x0000000711a00000, 0x0000000711c00000|  0%| F|  |TAMS 0x0000000711a00000| PB 0x0000000711a00000| Untracked |  0
|  41|0x0000000711c00000, 0x0000000711c00000, 0x0000000711e00000|  0%| F|  |TAMS 0x0000000711c00000| PB 0x0000000711c00000| Untracked |  0
|  42|0x0000000711e00000, 0x0000000711e00000, 0x0000000712000000|  0%| F|  |TAMS 0x0000000711e00000| PB 0x0000000711e00000| Untracked |  0
|  43|0x0000000712000000, 0x0000000712000000, 0x0000000712200000|  0%| F|  |TAMS 0x0000000712000000| PB 0x0000000712000000| Untracked |  0
|  44|0x0000000712200000, 0x0000000712200000, 0x0000000712400000|  0%| F|  |TAMS 0x0000000712200000| PB 0x0000000712200000| Untracked |  0
|  45|0x0000000712400000, 0x0000000712400000, 0x0000000712600000|  0%| F|  |TAMS 0x0000000712400000| PB 0x0000000712400000| Untracked |  0
|  46|0x0000000712600000, 0x0000000712600000, 0x0000000712800000|  0%| F|  |TAMS 0x0000000712600000| PB 0x0000000712600000| Untracked |  0
|  47|0x0000000712800000, 0x0000000712800000, 0x0000000712a00000|  0%| F|  |TAMS 0x0000000712800000| PB 0x0000000712800000| Untracked |  0
|  48|0x0000000712a00000, 0x0000000712a00000, 0x0000000712c00000|  0%| F|  |TAMS 0x0000000712a00000| PB 0x0000000712a00000| Untracked |  0
|  49|0x0000000712c00000, 0x0000000712c00000, 0x0000000712e00000|  0%| F|  |TAMS 0x0000000712c00000| PB 0x0000000712c00000| Untracked |  0
|  50|0x0000000712e00000, 0x0000000712e00000, 0x0000000713000000|  0%| F|  |TAMS 0x0000000712e00000| PB 0x0000000712e00000| Untracked |  0
|  51|0x0000000713000000, 0x0000000713000000, 0x0000000713200000|  0%| F|  |TAMS 0x0000000713000000| PB 0x0000000713000000| Untracked |  0
|  52|0x0000000713200000, 0x0000000713200000, 0x0000000713400000|  0%| F|  |TAMS 0x0000000713200000| PB 0x0000000713200000| Untracked |  0
|  53|0x0000000713400000, 0x0000000713400000, 0x0000000713600000|  0%| F|  |TAMS 0x0000000713400000| PB 0x0000000713400000| Untracked |  0
|  54|0x0000000713600000, 0x0000000713600000, 0x0000000713800000|  0%| F|  |TAMS 0x0000000713600000| PB 0x0000000713600000| Untracked |  0
|  55|0x0000000713800000, 0x0000000713800000, 0x0000000713a00000|  0%| F|  |TAMS 0x0000000713800000| PB 0x0000000713800000| Untracked |  0
|  56|0x0000000713a00000, 0x0000000713a00000, 0x0000000713c00000|  0%| F|  |TAMS 0x0000000713a00000| PB 0x0000000713a00000| Untracked |  0
|  57|0x0000000713c00000, 0x0000000713c00000, 0x0000000713e00000|  0%| F|  |TAMS 0x0000000713c00000| PB 0x0000000713c00000| Untracked |  0
|  58|0x0000000713e00000, 0x0000000713e00000, 0x0000000714000000|  0%| F|  |TAMS 0x0000000713e00000| PB 0x0000000713e00000| Untracked |  0
|  59|0x0000000714000000, 0x0000000714000000, 0x0000000714200000|  0%| F|  |TAMS 0x0000000714000000| PB 0x0000000714000000| Untracked |  0
|  60|0x0000000714200000, 0x0000000714200000, 0x0000000714400000|  0%| F|  |TAMS 0x0000000714200000| PB 0x0000000714200000| Untracked |  0
|  61|0x0000000714400000, 0x0000000714400000, 0x0000000714600000|  0%| F|  |TAMS 0x0000000714400000| PB 0x0000000714400000| Untracked |  0
|  62|0x0000000714600000, 0x0000000714600000, 0x0000000714800000|  0%| F|  |TAMS 0x0000000714600000| PB 0x0000000714600000| Untracked |  0
|  63|0x0000000714800000, 0x0000000714800000, 0x0000000714a00000|  0%| F|  |TAMS 0x0000000714800000| PB 0x0000000714800000| Untracked |  0
|  64|0x0000000714a00000, 0x0000000714a00000, 0x0000000714c00000|  0%| F|  |TAMS 0x0000000714a00000| PB 0x0000000714a00000| Untracked |  0
|  65|0x0000000714c00000, 0x0000000714c00000, 0x0000000714e00000|  0%| F|  |TAMS 0x0000000714c00000| PB 0x0000000714c00000| Untracked |  0
|  66|0x0000000714e00000, 0x0000000714e00000, 0x0000000715000000|  0%| F|  |TAMS 0x0000000714e00000| PB 0x0000000714e00000| Untracked |  0
|  67|0x0000000715000000, 0x0000000715000000, 0x0000000715200000|  0%| F|  |TAMS 0x0000000715000000| PB 0x0000000715000000| Untracked |  0
|  68|0x0000000715200000, 0x0000000715200000, 0x0000000715400000|  0%| F|  |TAMS 0x0000000715200000| PB 0x0000000715200000| Untracked |  0
|  69|0x0000000715400000, 0x0000000715400000, 0x0000000715600000|  0%| F|  |TAMS 0x0000000715400000| PB 0x0000000715400000| Untracked |  0
|  70|0x0000000715600000, 0x0000000715600000, 0x0000000715800000|  0%| F|  |TAMS 0x0000000715600000| PB 0x0000000715600000| Untracked |  0
|  71|0x0000000715800000, 0x0000000715800000, 0x0000000715a00000|  0%| F|  |TAMS 0x0000000715800000| PB 0x0000000715800000| Untracked |  0
|  72|0x0000000715a00000, 0x0000000715a00000, 0x0000000715c00000|  0%| F|  |TAMS 0x0000000715a00000| PB 0x0000000715a00000| Untracked |  0
|  73|0x0000000715c00000, 0x0000000715c00000, 0x0000000715e00000|  0%| F|  |TAMS 0x0000000715c00000| PB 0x0000000715c00000| Untracked |  0
|  74|0x0000000715e00000, 0x0000000715e00000, 0x0000000716000000|  0%| F|  |TAMS 0x0000000715e00000| PB 0x0000000715e00000| Untracked |  0
|  75|0x0000000716000000, 0x0000000716000000, 0x0000000716200000|  0%| F|  |TAMS 0x0000000716000000| PB 0x0000000716000000| Untracked |  0
|  76|0x0000000716200000, 0x0000000716200000, 0x0000000716400000|  0%| F|  |TAMS 0x0000000716200000| PB 0x0000000716200000| Untracked |  0
|  77|0x0000000716400000, 0x0000000716400000, 0x0000000716600000|  0%| F|  |TAMS 0x0000000716400000| PB 0x0000000716400000| Untracked |  0
|  78|0x0000000716600000, 0x0000000716600000, 0x0000000716800000|  0%| F|  |TAMS 0x0000000716600000| PB 0x0000000716600000| Untracked |  0
|  79|0x0000000716800000, 0x0000000716800000, 0x0000000716a00000|  0%| F|  |TAMS 0x0000000716800000| PB 0x0000000716800000| Untracked |  0
|  80|0x0000000716a00000, 0x0000000716a00000, 0x0000000716c00000|  0%| F|  |TAMS 0x0000000716a00000| PB 0x0000000716a00000| Untracked |  0
|  81|0x0000000716c00000, 0x0000000716c00000, 0x0000000716e00000|  0%| F|  |TAMS 0x0000000716c00000| PB 0x0000000716c00000| Untracked |  0
|  82|0x0000000716e00000, 0x0000000716e00000, 0x0000000717000000|  0%| F|  |TAMS 0x0000000716e00000| PB 0x0000000716e00000| Untracked |  0
|  83|0x0000000717000000, 0x0000000717000000, 0x0000000717200000|  0%| F|  |TAMS 0x0000000717000000| PB 0x0000000717000000| Untracked |  0
|  84|0x0000000717200000, 0x0000000717200000, 0x0000000717400000|  0%| F|  |TAMS 0x0000000717200000| PB 0x0000000717200000| Untracked |  0
|  85|0x0000000717400000, 0x0000000717400000, 0x0000000717600000|  0%| F|  |TAMS 0x0000000717400000| PB 0x0000000717400000| Untracked |  0
|  86|0x0000000717600000, 0x0000000717600000, 0x0000000717800000|  0%| F|  |TAMS 0x0000000717600000| PB 0x0000000717600000| Untracked |  0
|  87|0x0000000717800000, 0x0000000717800000, 0x0000000717a00000|  0%| F|  |TAMS 0x0000000717800000| PB 0x0000000717800000| Untracked |  0
|  88|0x0000000717a00000, 0x0000000717a00000, 0x0000000717c00000|  0%| F|  |TAMS 0x0000000717a00000| PB 0x0000000717a00000| Untracked |  0
|  89|0x0000000717c00000, 0x0000000717c00000, 0x0000000717e00000|  0%| F|  |TAMS 0x0000000717c00000| PB 0x0000000717c00000| Untracked |  0
|  90|0x0000000717e00000, 0x0000000717e00000, 0x0000000718000000|  0%| F|  |TAMS 0x0000000717e00000| PB 0x0000000717e00000| Untracked |  0
|  91|0x0000000718000000, 0x0000000718000000, 0x0000000718200000|  0%| F|  |TAMS 0x0000000718000000| PB 0x0000000718000000| Untracked |  0
|  92|0x0000000718200000, 0x0000000718200000, 0x0000000718400000|  0%| F|  |TAMS 0x0000000718200000| PB 0x0000000718200000| Untracked |  0
|  93|0x0000000718400000, 0x0000000718400000, 0x0000000718600000|  0%| F|  |TAMS 0x0000000718400000| PB 0x0000000718400000| Untracked |  0
|  94|0x0000000718600000, 0x0000000718600000, 0x0000000718800000|  0%| F|  |TAMS 0x0000000718600000| PB 0x0000000718600000| Untracked |  0
|  95|0x0000000718800000, 0x0000000718800000, 0x0000000718a00000|  0%| F|  |TAMS 0x0000000718800000| PB 0x0000000718800000| Untracked |  0
|  96|0x0000000718a00000, 0x0000000718a00000, 0x0000000718c00000|  0%| F|  |TAMS 0x0000000718a00000| PB 0x0000000718a00000| Untracked |  0
|  97|0x0000000718c00000, 0x0000000718c00000, 0x0000000718e00000|  0%| F|  |TAMS 0x0000000718c00000| PB 0x0000000718c00000| Untracked |  0
|  98|0x0000000718e00000, 0x0000000718e00000, 0x0000000719000000|  0%| F|  |TAMS 0x0000000718e00000| PB 0x0000000718e00000| Untracked |  0
|  99|0x0000000719000000, 0x0000000719000000, 0x0000000719200000|  0%| F|  |TAMS 0x0000000719000000| PB 0x0000000719000000| Untracked |  0
| 100|0x0000000719200000, 0x0000000719200000, 0x0000000719400000|  0%| F|  |TAMS 0x0000000719200000| PB 0x0000000719200000| Untracked |  0
| 101|0x0000000719400000, 0x0000000719400000, 0x0000000719600000|  0%| F|  |TAMS 0x0000000719400000| PB 0x0000000719400000| Untracked |  0
| 102|0x0000000719600000, 0x0000000719600000, 0x0000000719800000|  0%| F|  |TAMS 0x0000000719600000| PB 0x0000000719600000| Untracked |  0
| 103|0x0000000719800000, 0x0000000719800000, 0x0000000719a00000|  0%| F|  |TAMS 0x0000000719800000| PB 0x0000000719800000| Untracked |  0
| 104|0x0000000719a00000, 0x0000000719a00000, 0x0000000719c00000|  0%| F|  |TAMS 0x0000000719a00000| PB 0x0000000719a00000| Untracked |  0
| 105|0x0000000719c00000, 0x0000000719c00000, 0x0000000719e00000|  0%| F|  |TAMS 0x0000000719c00000| PB 0x0000000719c00000| Untracked |  0
| 106|0x0000000719e00000, 0x0000000719e00000, 0x000000071a000000|  0%| F|  |TAMS 0x0000000719e00000| PB 0x0000000719e00000| Untracked |  0
| 107|0x000000071a000000, 0x000000071a000000, 0x000000071a200000|  0%| F|  |TAMS 0x000000071a000000| PB 0x000000071a000000| Untracked |  0
| 108|0x000000071a200000, 0x000000071a200000, 0x000000071a400000|  0%| F|  |TAMS 0x000000071a200000| PB 0x000000071a200000| Untracked |  0
| 109|0x000000071a400000, 0x000000071a400000, 0x000000071a600000|  0%| F|  |TAMS 0x000000071a400000| PB 0x000000071a400000| Untracked |  0
| 110|0x000000071a600000, 0x000000071a600000, 0x000000071a800000|  0%| F|  |TAMS 0x000000071a600000| PB 0x000000071a600000| Untracked |  0
| 111|0x000000071a800000, 0x000000071a800000, 0x000000071aa00000|  0%| F|  |TAMS 0x000000071a800000| PB 0x000000071a800000| Untracked |  0
| 112|0x000000071aa00000, 0x000000071aa00000, 0x000000071ac00000|  0%| F|  |TAMS 0x000000071aa00000| PB 0x000000071aa00000| Untracked |  0
| 113|0x000000071ac00000, 0x000000071ac00000, 0x000000071ae00000|  0%| F|  |TAMS 0x000000071ac00000| PB 0x000000071ac00000| Untracked |  0
| 114|0x000000071ae00000, 0x000000071ae00000, 0x000000071b000000|  0%| F|  |TAMS 0x000000071ae00000| PB 0x000000071ae00000| Untracked |  0
| 115|0x000000071b000000, 0x000000071b000000, 0x000000071b200000|  0%| F|  |TAMS 0x000000071b000000| PB 0x000000071b000000| Untracked |  0
| 116|0x000000071b200000, 0x000000071b200000, 0x000000071b400000|  0%| F|  |TAMS 0x000000071b200000| PB 0x000000071b200000| Untracked |  0
| 117|0x000000071b400000, 0x000000071b400000, 0x000000071b600000|  0%| F|  |TAMS 0x000000071b400000| PB 0x000000071b400000| Untracked |  0
| 118|0x000000071b600000, 0x000000071b600000, 0x000000071b800000|  0%| F|  |TAMS 0x000000071b600000| PB 0x000000071b600000| Untracked |  0
| 119|0x000000071b800000, 0x000000071b800000, 0x000000071ba00000|  0%| F|  |TAMS 0x000000071b800000| PB 0x000000071b800000| Untracked |  0
| 120|0x000000071ba00000, 0x000000071ba00000, 0x000000071bc00000|  0%| F|  |TAMS 0x000000071ba00000| PB 0x000000071ba00000| Untracked |  0
| 121|0x000000071bc00000, 0x000000071bc00000, 0x000000071be00000|  0%| F|  |TAMS 0x000000071bc00000| PB 0x000000071bc00000| Untracked |  0
| 122|0x000000071be00000, 0x000000071be00000, 0x000000071c000000|  0%| F|  |TAMS 0x000000071be00000| PB 0x000000071be00000| Untracked |  0
| 123|0x000000071c000000, 0x000000071c000000, 0x000000071c200000|  0%| F|  |TAMS 0x000000071c000000| PB 0x000000071c000000| Untracked |  0
| 124|0x000000071c200000, 0x000000071c200000, 0x000000071c400000|  0%| F|  |TAMS 0x000000071c200000| PB 0x000000071c200000| Untracked |  0
| 125|0x000000071c400000, 0x000000071c400000, 0x000000071c600000|  0%| F|  |TAMS 0x000000071c400000| PB 0x000000071c400000| Untracked |  0
| 126|0x000000071c600000, 0x000000071c600000, 0x000000071c800000|  0%| F|  |TAMS 0x000000071c600000| PB 0x000000071c600000| Untracked |  0
| 127|0x000000071c800000, 0x000000071c800000, 0x000000071ca00000|  0%| F|  |TAMS 0x000000071c800000| PB 0x000000071c800000| Untracked |  0
| 128|0x000000071ca00000, 0x000000071ca00000, 0x000000071cc00000|  0%| F|  |TAMS 0x000000071ca00000| PB 0x000000071ca00000| Untracked |  0
| 129|0x000000071cc00000, 0x000000071cc00000, 0x000000071ce00000|  0%| F|  |TAMS 0x000000071cc00000| PB 0x000000071cc00000| Untracked |  0
| 130|0x000000071ce00000, 0x000000071ce00000, 0x000000071d000000|  0%| F|  |TAMS 0x000000071ce00000| PB 0x000000071ce00000| Untracked |  0
| 131|0x000000071d000000, 0x000000071d000000, 0x000000071d200000|  0%| F|  |TAMS 0x000000071d000000| PB 0x000000071d000000| Untracked |  0
| 132|0x000000071d200000, 0x000000071d200000, 0x000000071d400000|  0%| F|  |TAMS 0x000000071d200000| PB 0x000000071d200000| Untracked |  0
| 133|0x000000071d400000, 0x000000071d400000, 0x000000071d600000|  0%| F|  |TAMS 0x000000071d400000| PB 0x000000071d400000| Untracked |  0
| 134|0x000000071d600000, 0x000000071d600000, 0x000000071d800000|  0%| F|  |TAMS 0x000000071d600000| PB 0x000000071d600000| Untracked |  0
| 135|0x000000071d800000, 0x000000071d800000, 0x000000071da00000|  0%| F|  |TAMS 0x000000071d800000| PB 0x000000071d800000| Untracked |  0
| 136|0x000000071da00000, 0x000000071da00000, 0x000000071dc00000|  0%| F|  |TAMS 0x000000071da00000| PB 0x000000071da00000| Untracked |  0
| 137|0x000000071dc00000, 0x000000071dc00000, 0x000000071de00000|  0%| F|  |TAMS 0x000000071dc00000| PB 0x000000071dc00000| Untracked |  0
| 138|0x000000071de00000, 0x000000071de00000, 0x000000071e000000|  0%| F|  |TAMS 0x000000071de00000| PB 0x000000071de00000| Untracked |  0
| 139|0x000000071e000000, 0x000000071e000000, 0x000000071e200000|  0%| F|  |TAMS 0x000000071e000000| PB 0x000000071e000000| Untracked |  0
| 140|0x000000071e200000, 0x000000071e200000, 0x000000071e400000|  0%| F|  |TAMS 0x000000071e200000| PB 0x000000071e200000| Untracked |  0
| 141|0x000000071e400000, 0x000000071e400000, 0x000000071e600000|  0%| F|  |TAMS 0x000000071e400000| PB 0x000000071e400000| Untracked |  0
| 142|0x000000071e600000, 0x000000071e600000, 0x000000071e800000|  0%| F|  |TAMS 0x000000071e600000| PB 0x000000071e600000| Untracked |  0
| 143|0x000000071e800000, 0x000000071e800000, 0x000000071ea00000|  0%| F|  |TAMS 0x000000071e800000| PB 0x000000071e800000| Untracked |  0
| 144|0x000000071ea00000, 0x000000071ea00000, 0x000000071ec00000|  0%| F|  |TAMS 0x000000071ea00000| PB 0x000000071ea00000| Untracked |  0
| 145|0x000000071ec00000, 0x000000071ec00000, 0x000000071ee00000|  0%| F|  |TAMS 0x000000071ec00000| PB 0x000000071ec00000| Untracked |  0
| 146|0x000000071ee00000, 0x000000071ee00000, 0x000000071f000000|  0%| F|  |TAMS 0x000000071ee00000| PB 0x000000071ee00000| Untracked |  0
| 147|0x000000071f000000, 0x000000071f000000, 0x000000071f200000|  0%| F|  |TAMS 0x000000071f000000| PB 0x000000071f000000| Untracked |  0
| 148|0x000000071f200000, 0x000000071f200000, 0x000000071f400000|  0%| F|  |TAMS 0x000000071f200000| PB 0x000000071f200000| Untracked |  0
| 149|0x000000071f400000, 0x000000071f400000, 0x000000071f600000|  0%| F|  |TAMS 0x000000071f400000| PB 0x000000071f400000| Untracked |  0
| 150|0x000000071f600000, 0x000000071f600000, 0x000000071f800000|  0%| F|  |TAMS 0x000000071f600000| PB 0x000000071f600000| Untracked |  0
| 151|0x000000071f800000, 0x000000071f800000, 0x000000071fa00000|  0%| F|  |TAMS 0x000000071f800000| PB 0x000000071f800000| Untracked |  0
| 152|0x000000071fa00000, 0x000000071fa00000, 0x000000071fc00000|  0%| F|  |TAMS 0x000000071fa00000| PB 0x000000071fa00000| Untracked |  0
| 153|0x000000071fc00000, 0x000000071fc00000, 0x000000071fe00000|  0%| F|  |TAMS 0x000000071fc00000| PB 0x000000071fc00000| Untracked |  0
| 154|0x000000071fe00000, 0x000000071fe00000, 0x0000000720000000|  0%| F|  |TAMS 0x000000071fe00000| PB 0x000000071fe00000| Untracked |  0
| 155|0x0000000720000000, 0x0000000720000000, 0x0000000720200000|  0%| F|  |TAMS 0x0000000720000000| PB 0x0000000720000000| Untracked |  0
| 156|0x0000000720200000, 0x0000000720200000, 0x0000000720400000|  0%| F|  |TAMS 0x0000000720200000| PB 0x0000000720200000| Untracked |  0
| 157|0x0000000720400000, 0x0000000720400000, 0x0000000720600000|  0%| F|  |TAMS 0x0000000720400000| PB 0x0000000720400000| Untracked |  0
| 158|0x0000000720600000, 0x0000000720600000, 0x0000000720800000|  0%| F|  |TAMS 0x0000000720600000| PB 0x0000000720600000| Untracked |  0
| 159|0x0000000720800000, 0x0000000720800000, 0x0000000720a00000|  0%| F|  |TAMS 0x0000000720800000| PB 0x0000000720800000| Untracked |  0
| 160|0x0000000720a00000, 0x0000000720a00000, 0x0000000720c00000|  0%| F|  |TAMS 0x0000000720a00000| PB 0x0000000720a00000| Untracked |  0
| 161|0x0000000720c00000, 0x0000000720c00000, 0x0000000720e00000|  0%| F|  |TAMS 0x0000000720c00000| PB 0x0000000720c00000| Untracked |  0
| 162|0x0000000720e00000, 0x0000000720e00000, 0x0000000721000000|  0%| F|  |TAMS 0x0000000720e00000| PB 0x0000000720e00000| Untracked |  0
| 163|0x0000000721000000, 0x0000000721000000, 0x0000000721200000|  0%| F|  |TAMS 0x0000000721000000| PB 0x0000000721000000| Untracked |  0
| 164|0x0000000721200000, 0x0000000721200000, 0x0000000721400000|  0%| F|  |TAMS 0x0000000721200000| PB 0x0000000721200000| Untracked |  0
| 165|0x0000000721400000, 0x0000000721400000, 0x0000000721600000|  0%| F|  |TAMS 0x0000000721400000| PB 0x0000000721400000| Untracked |  0
| 166|0x0000000721600000, 0x0000000721600000, 0x0000000721800000|  0%| F|  |TAMS 0x0000000721600000| PB 0x0000000721600000| Untracked |  0
| 167|0x0000000721800000, 0x0000000721800000, 0x0000000721a00000|  0%| F|  |TAMS 0x0000000721800000| PB 0x0000000721800000| Untracked |  0
| 168|0x0000000721a00000, 0x0000000721a00000, 0x0000000721c00000|  0%| F|  |TAMS 0x0000000721a00000| PB 0x0000000721a00000| Untracked |  0
| 169|0x0000000721c00000, 0x0000000721c00000, 0x0000000721e00000|  0%| F|  |TAMS 0x0000000721c00000| PB 0x0000000721c00000| Untracked |  0
| 170|0x0000000721e00000, 0x0000000721e00000, 0x0000000722000000|  0%| F|  |TAMS 0x0000000721e00000| PB 0x0000000721e00000| Untracked |  0
| 171|0x0000000722000000, 0x0000000722000000, 0x0000000722200000|  0%| F|  |TAMS 0x0000000722000000| PB 0x0000000722000000| Untracked |  0
| 172|0x0000000722200000, 0x0000000722200000, 0x0000000722400000|  0%| F|  |TAMS 0x0000000722200000| PB 0x0000000722200000| Untracked |  0
| 173|0x0000000722400000, 0x0000000722400000, 0x0000000722600000|  0%| F|  |TAMS 0x0000000722400000| PB 0x0000000722400000| Untracked |  0
| 174|0x0000000722600000, 0x0000000722600000, 0x0000000722800000|  0%| F|  |TAMS 0x0000000722600000| PB 0x0000000722600000| Untracked |  0
| 175|0x0000000722800000, 0x0000000722800000, 0x0000000722a00000|  0%| F|  |TAMS 0x0000000722800000| PB 0x0000000722800000| Untracked |  0
| 176|0x0000000722a00000, 0x0000000722a00000, 0x0000000722c00000|  0%| F|  |TAMS 0x0000000722a00000| PB 0x0000000722a00000| Untracked |  0
| 177|0x0000000722c00000, 0x0000000722c00000, 0x0000000722e00000|  0%| F|  |TAMS 0x0000000722c00000| PB 0x0000000722c00000| Untracked |  0
| 178|0x0000000722e00000, 0x0000000722e00000, 0x0000000723000000|  0%| F|  |TAMS 0x0000000722e00000| PB 0x0000000722e00000| Untracked |  0
| 179|0x0000000723000000, 0x0000000723000000, 0x0000000723200000|  0%| F|  |TAMS 0x0000000723000000| PB 0x0000000723000000| Untracked |  0
| 180|0x0000000723200000, 0x0000000723200000, 0x0000000723400000|  0%| F|  |TAMS 0x0000000723200000| PB 0x0000000723200000| Untracked |  0
| 181|0x0000000723400000, 0x0000000723400000, 0x0000000723600000|  0%| F|  |TAMS 0x0000000723400000| PB 0x0000000723400000| Untracked |  0
| 182|0x0000000723600000, 0x0000000723600000, 0x0000000723800000|  0%| F|  |TAMS 0x0000000723600000| PB 0x0000000723600000| Untracked |  0
| 183|0x0000000723800000, 0x0000000723800000, 0x0000000723a00000|  0%| F|  |TAMS 0x0000000723800000| PB 0x0000000723800000| Untracked |  0
| 184|0x0000000723a00000, 0x0000000723a00000, 0x0000000723c00000|  0%| F|  |TAMS 0x0000000723a00000| PB 0x0000000723a00000| Untracked |  0
| 185|0x0000000723c00000, 0x0000000723c00000, 0x0000000723e00000|  0%| F|  |TAMS 0x0000000723c00000| PB 0x0000000723c00000| Untracked |  0
| 186|0x0000000723e00000, 0x0000000723e00000, 0x0000000724000000|  0%| F|  |TAMS 0x0000000723e00000| PB 0x0000000723e00000| Untracked |  0
| 187|0x0000000724000000, 0x0000000724000000, 0x0000000724200000|  0%| F|  |TAMS 0x0000000724000000| PB 0x0000000724000000| Untracked |  0
| 188|0x0000000724200000, 0x0000000724200000, 0x0000000724400000|  0%| F|  |TAMS 0x0000000724200000| PB 0x0000000724200000| Untracked |  0
| 189|0x0000000724400000, 0x0000000724400000, 0x0000000724600000|  0%| F|  |TAMS 0x0000000724400000| PB 0x0000000724400000| Untracked |  0
| 190|0x0000000724600000, 0x0000000724600000, 0x0000000724800000|  0%| F|  |TAMS 0x0000000724600000| PB 0x0000000724600000| Untracked |  0
| 191|0x0000000724800000, 0x0000000724800000, 0x0000000724a00000|  0%| F|  |TAMS 0x0000000724800000| PB 0x0000000724800000| Untracked |  0
| 192|0x0000000724a00000, 0x0000000724a00000, 0x0000000724c00000|  0%| F|  |TAMS 0x0000000724a00000| PB 0x0000000724a00000| Untracked |  0
| 193|0x0000000724c00000, 0x0000000724c00000, 0x0000000724e00000|  0%| F|  |TAMS 0x0000000724c00000| PB 0x0000000724c00000| Untracked |  0
| 194|0x0000000724e00000, 0x0000000724e00000, 0x0000000725000000|  0%| F|  |TAMS 0x0000000724e00000| PB 0x0000000724e00000| Untracked |  0
| 195|0x0000000725000000, 0x0000000725000000, 0x0000000725200000|  0%| F|  |TAMS 0x0000000725000000| PB 0x0000000725000000| Untracked |  0
| 196|0x0000000725200000, 0x0000000725200000, 0x0000000725400000|  0%| F|  |TAMS 0x0000000725200000| PB 0x0000000725200000| Untracked |  0
| 197|0x0000000725400000, 0x0000000725400000, 0x0000000725600000|  0%| F|  |TAMS 0x0000000725400000| PB 0x0000000725400000| Untracked |  0
| 198|0x0000000725600000, 0x0000000725600000, 0x0000000725800000|  0%| F|  |TAMS 0x0000000725600000| PB 0x0000000725600000| Untracked |  0
| 199|0x0000000725800000, 0x0000000725800000, 0x0000000725a00000|  0%| F|  |TAMS 0x0000000725800000| PB 0x0000000725800000| Untracked |  0
| 200|0x0000000725a00000, 0x0000000725a00000, 0x0000000725c00000|  0%| F|  |TAMS 0x0000000725a00000| PB 0x0000000725a00000| Untracked |  0
| 201|0x0000000725c00000, 0x0000000725c00000, 0x0000000725e00000|  0%| F|  |TAMS 0x0000000725c00000| PB 0x0000000725c00000| Untracked |  0
| 202|0x0000000725e00000, 0x0000000725e00000, 0x0000000726000000|  0%| F|  |TAMS 0x0000000725e00000| PB 0x0000000725e00000| Untracked |  0
| 203|0x0000000726000000, 0x0000000726000000, 0x0000000726200000|  0%| F|  |TAMS 0x0000000726000000| PB 0x0000000726000000| Untracked |  0
| 204|0x0000000726200000, 0x0000000726200000, 0x0000000726400000|  0%| F|  |TAMS 0x0000000726200000| PB 0x0000000726200000| Untracked |  0
| 205|0x0000000726400000, 0x0000000726400000, 0x0000000726600000|  0%| F|  |TAMS 0x0000000726400000| PB 0x0000000726400000| Untracked |  0
| 206|0x0000000726600000, 0x0000000726600000, 0x0000000726800000|  0%| F|  |TAMS 0x0000000726600000| PB 0x0000000726600000| Untracked |  0
| 207|0x0000000726800000, 0x0000000726800000, 0x0000000726a00000|  0%| F|  |TAMS 0x0000000726800000| PB 0x0000000726800000| Untracked |  0
| 208|0x0000000726a00000, 0x0000000726a00000, 0x0000000726c00000|  0%| F|  |TAMS 0x0000000726a00000| PB 0x0000000726a00000| Untracked |  0
| 209|0x0000000726c00000, 0x0000000726c00000, 0x0000000726e00000|  0%| F|  |TAMS 0x0000000726c00000| PB 0x0000000726c00000| Untracked |  0
| 210|0x0000000726e00000, 0x0000000726e00000, 0x0000000727000000|  0%| F|  |TAMS 0x0000000726e00000| PB 0x0000000726e00000| Untracked |  0
| 211|0x0000000727000000, 0x0000000727000000, 0x0000000727200000|  0%| F|  |TAMS 0x0000000727000000| PB 0x0000000727000000| Untracked |  0
| 212|0x0000000727200000, 0x0000000727200000, 0x0000000727400000|  0%| F|  |TAMS 0x0000000727200000| PB 0x0000000727200000| Untracked |  0
| 213|0x0000000727400000, 0x0000000727400000, 0x0000000727600000|  0%| F|  |TAMS 0x0000000727400000| PB 0x0000000727400000| Untracked |  0
| 214|0x0000000727600000, 0x0000000727600000, 0x0000000727800000|  0%| F|  |TAMS 0x0000000727600000| PB 0x0000000727600000| Untracked |  0
| 215|0x0000000727800000, 0x0000000727800000, 0x0000000727a00000|  0%| F|  |TAMS 0x0000000727800000| PB 0x0000000727800000| Untracked |  0
| 216|0x0000000727a00000, 0x0000000727a00000, 0x0000000727c00000|  0%| F|  |TAMS 0x0000000727a00000| PB 0x0000000727a00000| Untracked |  0
| 217|0x0000000727c00000, 0x0000000727c00000, 0x0000000727e00000|  0%| F|  |TAMS 0x0000000727c00000| PB 0x0000000727c00000| Untracked |  0
| 218|0x0000000727e00000, 0x0000000727e00000, 0x0000000728000000|  0%| F|  |TAMS 0x0000000727e00000| PB 0x0000000727e00000| Untracked |  0
| 219|0x0000000728000000, 0x0000000728000000, 0x0000000728200000|  0%| F|  |TAMS 0x0000000728000000| PB 0x0000000728000000| Untracked |  0
| 220|0x0000000728200000, 0x0000000728200000, 0x0000000728400000|  0%| F|  |TAMS 0x0000000728200000| PB 0x0000000728200000| Untracked |  0
| 221|0x0000000728400000, 0x0000000728400000, 0x0000000728600000|  0%| F|  |TAMS 0x0000000728400000| PB 0x0000000728400000| Untracked |  0
| 222|0x0000000728600000, 0x0000000728600000, 0x0000000728800000|  0%| F|  |TAMS 0x0000000728600000| PB 0x0000000728600000| Untracked |  0
| 223|0x0000000728800000, 0x0000000728800000, 0x0000000728a00000|  0%| F|  |TAMS 0x0000000728800000| PB 0x0000000728800000| Untracked |  0
| 224|0x0000000728a00000, 0x0000000728a00000, 0x0000000728c00000|  0%| F|  |TAMS 0x0000000728a00000| PB 0x0000000728a00000| Untracked |  0
| 225|0x0000000728c00000, 0x0000000728c00000, 0x0000000728e00000|  0%| F|  |TAMS 0x0000000728c00000| PB 0x0000000728c00000| Untracked |  0
| 226|0x0000000728e00000, 0x0000000728e00000, 0x0000000729000000|  0%| F|  |TAMS 0x0000000728e00000| PB 0x0000000728e00000| Untracked |  0
| 227|0x0000000729000000, 0x0000000729000000, 0x0000000729200000|  0%| F|  |TAMS 0x0000000729000000| PB 0x0000000729000000| Untracked |  0
| 228|0x0000000729200000, 0x0000000729200000, 0x0000000729400000|  0%| F|  |TAMS 0x0000000729200000| PB 0x0000000729200000| Untracked |  0
| 229|0x0000000729400000, 0x0000000729400000, 0x0000000729600000|  0%| F|  |TAMS 0x0000000729400000| PB 0x0000000729400000| Untracked |  0
| 230|0x0000000729600000, 0x0000000729600000, 0x0000000729800000|  0%| F|  |TAMS 0x0000000729600000| PB 0x0000000729600000| Untracked |  0
| 231|0x0000000729800000, 0x0000000729800000, 0x0000000729a00000|  0%| F|  |TAMS 0x0000000729800000| PB 0x0000000729800000| Untracked |  0
| 232|0x0000000729a00000, 0x0000000729a00000, 0x0000000729c00000|  0%| F|  |TAMS 0x0000000729a00000| PB 0x0000000729a00000| Untracked |  0
| 233|0x0000000729c00000, 0x0000000729c00000, 0x0000000729e00000|  0%| F|  |TAMS 0x0000000729c00000| PB 0x0000000729c00000| Untracked |  0
| 234|0x0000000729e00000, 0x0000000729e00000, 0x000000072a000000|  0%| F|  |TAMS 0x0000000729e00000| PB 0x0000000729e00000| Untracked |  0
| 235|0x000000072a000000, 0x000000072a000000, 0x000000072a200000|  0%| F|  |TAMS 0x000000072a000000| PB 0x000000072a000000| Untracked |  0
| 236|0x000000072a200000, 0x000000072a200000, 0x000000072a400000|  0%| F|  |TAMS 0x000000072a200000| PB 0x000000072a200000| Untracked |  0
| 237|0x000000072a400000, 0x000000072a400000, 0x000000072a600000|  0%| F|  |TAMS 0x000000072a400000| PB 0x000000072a400000| Untracked |  0
| 238|0x000000072a600000, 0x000000072a600000, 0x000000072a800000|  0%| F|  |TAMS 0x000000072a600000| PB 0x000000072a600000| Untracked |  0
| 239|0x000000072a800000, 0x000000072a800000, 0x000000072aa00000|  0%| F|  |TAMS 0x000000072a800000| PB 0x000000072a800000| Untracked |  0
| 240|0x000000072aa00000, 0x000000072aa00000, 0x000000072ac00000|  0%| F|  |TAMS 0x000000072aa00000| PB 0x000000072aa00000| Untracked |  0
| 241|0x000000072ac00000, 0x000000072ac00000, 0x000000072ae00000|  0%| F|  |TAMS 0x000000072ac00000| PB 0x000000072ac00000| Untracked |  0
| 242|0x000000072ae00000, 0x000000072ae00000, 0x000000072b000000|  0%| F|  |TAMS 0x000000072ae00000| PB 0x000000072ae00000| Untracked |  0
| 243|0x000000072b000000, 0x000000072b000000, 0x000000072b200000|  0%| F|  |TAMS 0x000000072b000000| PB 0x000000072b000000| Untracked |  0
| 244|0x000000072b200000, 0x000000072b200000, 0x000000072b400000|  0%| F|  |TAMS 0x000000072b200000| PB 0x000000072b200000| Untracked |  0
| 245|0x000000072b400000, 0x000000072b400000, 0x000000072b600000|  0%| F|  |TAMS 0x000000072b400000| PB 0x000000072b400000| Untracked |  0
| 246|0x000000072b600000, 0x000000072b600000, 0x000000072b800000|  0%| F|  |TAMS 0x000000072b600000| PB 0x000000072b600000| Untracked |  0
| 247|0x000000072b800000, 0x000000072b800000, 0x000000072ba00000|  0%| F|  |TAMS 0x000000072b800000| PB 0x000000072b800000| Untracked |  0
| 248|0x000000072ba00000, 0x000000072ba00000, 0x000000072bc00000|  0%| F|  |TAMS 0x000000072ba00000| PB 0x000000072ba00000| Untracked |  0
| 249|0x000000072bc00000, 0x000000072bc00000, 0x000000072be00000|  0%| F|  |TAMS 0x000000072bc00000| PB 0x000000072bc00000| Untracked |  0
| 250|0x000000072be00000, 0x000000072be00000, 0x000000072c000000|  0%| F|  |TAMS 0x000000072be00000| PB 0x000000072be00000| Untracked |  0
| 251|0x000000072c000000, 0x000000072c000000, 0x000000072c200000|  0%| F|  |TAMS 0x000000072c000000| PB 0x000000072c000000| Untracked |  0
| 252|0x000000072c200000, 0x000000072c200000, 0x000000072c400000|  0%| F|  |TAMS 0x000000072c200000| PB 0x000000072c200000| Untracked |  0
| 253|0x000000072c400000, 0x000000072c400000, 0x000000072c600000|  0%| F|  |TAMS 0x000000072c400000| PB 0x000000072c400000| Untracked |  0
| 254|0x000000072c600000, 0x000000072c600000, 0x000000072c800000|  0%| F|  |TAMS 0x000000072c600000| PB 0x000000072c600000| Untracked |  0
| 255|0x000000072c800000, 0x000000072c800000, 0x000000072ca00000|  0%| F|  |TAMS 0x000000072c800000| PB 0x000000072c800000| Untracked |  0
| 256|0x000000072ca00000, 0x000000072ca00000, 0x000000072cc00000|  0%| F|  |TAMS 0x000000072ca00000| PB 0x000000072ca00000| Untracked |  0
| 257|0x000000072cc00000, 0x000000072cc00000, 0x000000072ce00000|  0%| F|  |TAMS 0x000000072cc00000| PB 0x000000072cc00000| Untracked |  0
| 258|0x000000072ce00000, 0x000000072ce00000, 0x000000072d000000|  0%| F|  |TAMS 0x000000072ce00000| PB 0x000000072ce00000| Untracked |  0
| 259|0x000000072d000000, 0x000000072d000000, 0x000000072d200000|  0%| F|  |TAMS 0x000000072d000000| PB 0x000000072d000000| Untracked |  0
| 260|0x000000072d200000, 0x000000072d200000, 0x000000072d400000|  0%| F|  |TAMS 0x000000072d200000| PB 0x000000072d200000| Untracked |  0
| 261|0x000000072d400000, 0x000000072d400000, 0x000000072d600000|  0%| F|  |TAMS 0x000000072d400000| PB 0x000000072d400000| Untracked |  0
| 262|0x000000072d600000, 0x000000072d600000, 0x000000072d800000|  0%| F|  |TAMS 0x000000072d600000| PB 0x000000072d600000| Untracked |  0
| 263|0x000000072d800000, 0x000000072d800000, 0x000000072da00000|  0%| F|  |TAMS 0x000000072d800000| PB 0x000000072d800000| Untracked |  0
| 264|0x000000072da00000, 0x000000072da00000, 0x000000072dc00000|  0%| F|  |TAMS 0x000000072da00000| PB 0x000000072da00000| Untracked |  0
| 265|0x000000072dc00000, 0x000000072dc00000, 0x000000072de00000|  0%| F|  |TAMS 0x000000072dc00000| PB 0x000000072dc00000| Untracked |  0
| 266|0x000000072de00000, 0x000000072de00000, 0x000000072e000000|  0%| F|  |TAMS 0x000000072de00000| PB 0x000000072de00000| Untracked |  0
| 267|0x000000072e000000, 0x000000072e000000, 0x000000072e200000|  0%| F|  |TAMS 0x000000072e000000| PB 0x000000072e000000| Untracked |  0
| 268|0x000000072e200000, 0x000000072e200000, 0x000000072e400000|  0%| F|  |TAMS 0x000000072e200000| PB 0x000000072e200000| Untracked |  0
| 269|0x000000072e400000, 0x000000072e400000, 0x000000072e600000|  0%| F|  |TAMS 0x000000072e400000| PB 0x000000072e400000| Untracked |  0
| 270|0x000000072e600000, 0x000000072e600000, 0x000000072e800000|  0%| F|  |TAMS 0x000000072e600000| PB 0x000000072e600000| Untracked |  0
| 271|0x000000072e800000, 0x000000072e800000, 0x000000072ea00000|  0%| F|  |TAMS 0x000000072e800000| PB 0x000000072e800000| Untracked |  0
| 272|0x000000072ea00000, 0x000000072ea00000, 0x000000072ec00000|  0%| F|  |TAMS 0x000000072ea00000| PB 0x000000072ea00000| Untracked |  0
| 273|0x000000072ec00000, 0x000000072ec00000, 0x000000072ee00000|  0%| F|  |TAMS 0x000000072ec00000| PB 0x000000072ec00000| Untracked |  0
| 274|0x000000072ee00000, 0x000000072ee00000, 0x000000072f000000|  0%| F|  |TAMS 0x000000072ee00000| PB 0x000000072ee00000| Untracked |  0
| 275|0x000000072f000000, 0x000000072f000000, 0x000000072f200000|  0%| F|  |TAMS 0x000000072f000000| PB 0x000000072f000000| Untracked |  0
| 276|0x000000072f200000, 0x000000072f200000, 0x000000072f400000|  0%| F|  |TAMS 0x000000072f200000| PB 0x000000072f200000| Untracked |  0
| 277|0x000000072f400000, 0x000000072f400000, 0x000000072f600000|  0%| F|  |TAMS 0x000000072f400000| PB 0x000000072f400000| Untracked |  0
| 278|0x000000072f600000, 0x000000072f600000, 0x000000072f800000|  0%| F|  |TAMS 0x000000072f600000| PB 0x000000072f600000| Untracked |  0
| 279|0x000000072f800000, 0x000000072f800000, 0x000000072fa00000|  0%| F|  |TAMS 0x000000072f800000| PB 0x000000072f800000| Untracked |  0
| 280|0x000000072fa00000, 0x000000072fa00000, 0x000000072fc00000|  0%| F|  |TAMS 0x000000072fa00000| PB 0x000000072fa00000| Untracked |  0
| 281|0x000000072fc00000, 0x000000072fc00000, 0x000000072fe00000|  0%| F|  |TAMS 0x000000072fc00000| PB 0x000000072fc00000| Untracked |  0
| 282|0x000000072fe00000, 0x000000072fe00000, 0x0000000730000000|  0%| F|  |TAMS 0x000000072fe00000| PB 0x000000072fe00000| Untracked |  0
| 283|0x0000000730000000, 0x0000000730000000, 0x0000000730200000|  0%| F|  |TAMS 0x0000000730000000| PB 0x0000000730000000| Untracked |  0
| 284|0x0000000730200000, 0x0000000730200000, 0x0000000730400000|  0%| F|  |TAMS 0x0000000730200000| PB 0x0000000730200000| Untracked |  0
| 285|0x0000000730400000, 0x0000000730400000, 0x0000000730600000|  0%| F|  |TAMS 0x0000000730400000| PB 0x0000000730400000| Untracked |  0
| 286|0x0000000730600000, 0x0000000730600000, 0x0000000730800000|  0%| F|  |TAMS 0x0000000730600000| PB 0x0000000730600000| Untracked |  0
| 287|0x0000000730800000, 0x0000000730800000, 0x0000000730a00000|  0%| F|  |TAMS 0x0000000730800000| PB 0x0000000730800000| Untracked |  0
| 288|0x0000000730a00000, 0x0000000730a00000, 0x0000000730c00000|  0%| F|  |TAMS 0x0000000730a00000| PB 0x0000000730a00000| Untracked |  0
| 289|0x0000000730c00000, 0x0000000730c00000, 0x0000000730e00000|  0%| F|  |TAMS 0x0000000730c00000| PB 0x0000000730c00000| Untracked |  0
| 290|0x0000000730e00000, 0x0000000730e00000, 0x0000000731000000|  0%| F|  |TAMS 0x0000000730e00000| PB 0x0000000730e00000| Untracked |  0
| 291|0x0000000731000000, 0x0000000731000000, 0x0000000731200000|  0%| F|  |TAMS 0x0000000731000000| PB 0x0000000731000000| Untracked |  0
| 292|0x0000000731200000, 0x0000000731200000, 0x0000000731400000|  0%| F|  |TAMS 0x0000000731200000| PB 0x0000000731200000| Untracked |  0
| 293|0x0000000731400000, 0x0000000731400000, 0x0000000731600000|  0%| F|  |TAMS 0x0000000731400000| PB 0x0000000731400000| Untracked |  0
| 294|0x0000000731600000, 0x0000000731600000, 0x0000000731800000|  0%| F|  |TAMS 0x0000000731600000| PB 0x0000000731600000| Untracked |  0
| 295|0x0000000731800000, 0x0000000731800000, 0x0000000731a00000|  0%| F|  |TAMS 0x0000000731800000| PB 0x0000000731800000| Untracked |  0
| 296|0x0000000731a00000, 0x0000000731a00000, 0x0000000731c00000|  0%| F|  |TAMS 0x0000000731a00000| PB 0x0000000731a00000| Untracked |  0
| 297|0x0000000731c00000, 0x0000000731c00000, 0x0000000731e00000|  0%| F|  |TAMS 0x0000000731c00000| PB 0x0000000731c00000| Untracked |  0
| 298|0x0000000731e00000, 0x0000000731e00000, 0x0000000732000000|  0%| F|  |TAMS 0x0000000731e00000| PB 0x0000000731e00000| Untracked |  0
| 299|0x0000000732000000, 0x0000000732000000, 0x0000000732200000|  0%| F|  |TAMS 0x0000000732000000| PB 0x0000000732000000| Untracked |  0
| 300|0x0000000732200000, 0x0000000732200000, 0x0000000732400000|  0%| F|  |TAMS 0x0000000732200000| PB 0x0000000732200000| Untracked |  0
| 301|0x0000000732400000, 0x0000000732400000, 0x0000000732600000|  0%| F|  |TAMS 0x0000000732400000| PB 0x0000000732400000| Untracked |  0
| 302|0x0000000732600000, 0x0000000732600000, 0x0000000732800000|  0%| F|  |TAMS 0x0000000732600000| PB 0x0000000732600000| Untracked |  0
| 303|0x0000000732800000, 0x0000000732800000, 0x0000000732a00000|  0%| F|  |TAMS 0x0000000732800000| PB 0x0000000732800000| Untracked |  0
| 304|0x0000000732a00000, 0x0000000732a00000, 0x0000000732c00000|  0%| F|  |TAMS 0x0000000732a00000| PB 0x0000000732a00000| Untracked |  0
| 305|0x0000000732c00000, 0x0000000732c00000, 0x0000000732e00000|  0%| F|  |TAMS 0x0000000732c00000| PB 0x0000000732c00000| Untracked |  0
| 306|0x0000000732e00000, 0x0000000732e00000, 0x0000000733000000|  0%| F|  |TAMS 0x0000000732e00000| PB 0x0000000732e00000| Untracked |  0
| 307|0x0000000733000000, 0x0000000733000000, 0x0000000733200000|  0%| F|  |TAMS 0x0000000733000000| PB 0x0000000733000000| Untracked |  0
| 308|0x0000000733200000, 0x0000000733200000, 0x0000000733400000|  0%| F|  |TAMS 0x0000000733200000| PB 0x0000000733200000| Untracked |  0
| 309|0x0000000733400000, 0x0000000733400000, 0x0000000733600000|  0%| F|  |TAMS 0x0000000733400000| PB 0x0000000733400000| Untracked |  0
| 310|0x0000000733600000, 0x0000000733600000, 0x0000000733800000|  0%| F|  |TAMS 0x0000000733600000| PB 0x0000000733600000| Untracked |  0
| 311|0x0000000733800000, 0x0000000733800000, 0x0000000733a00000|  0%| F|  |TAMS 0x0000000733800000| PB 0x0000000733800000| Untracked |  0
| 312|0x0000000733a00000, 0x0000000733a00000, 0x0000000733c00000|  0%| F|  |TAMS 0x0000000733a00000| PB 0x0000000733a00000| Untracked |  0
| 313|0x0000000733c00000, 0x0000000733c00000, 0x0000000733e00000|  0%| F|  |TAMS 0x0000000733c00000| PB 0x0000000733c00000| Untracked |  0
| 314|0x0000000733e00000, 0x0000000733e00000, 0x0000000734000000|  0%| F|  |TAMS 0x0000000733e00000| PB 0x0000000733e00000| Untracked |  0
| 315|0x0000000734000000, 0x0000000734000000, 0x0000000734200000|  0%| F|  |TAMS 0x0000000734000000| PB 0x0000000734000000| Untracked |  0
| 316|0x0000000734200000, 0x0000000734200000, 0x0000000734400000|  0%| F|  |TAMS 0x0000000734200000| PB 0x0000000734200000| Untracked |  0
| 317|0x0000000734400000, 0x0000000734400000, 0x0000000734600000|  0%| F|  |TAMS 0x0000000734400000| PB 0x0000000734400000| Untracked |  0
| 318|0x0000000734600000, 0x0000000734600000, 0x0000000734800000|  0%| F|  |TAMS 0x0000000734600000| PB 0x0000000734600000| Untracked |  0
| 319|0x0000000734800000, 0x0000000734800000, 0x0000000734a00000|  0%| F|  |TAMS 0x0000000734800000| PB 0x0000000734800000| Untracked |  0
| 320|0x0000000734a00000, 0x0000000734a00000, 0x0000000734c00000|  0%| F|  |TAMS 0x0000000734a00000| PB 0x0000000734a00000| Untracked |  0
| 321|0x0000000734c00000, 0x0000000734c00000, 0x0000000734e00000|  0%| F|  |TAMS 0x0000000734c00000| PB 0x0000000734c00000| Untracked |  0
| 322|0x0000000734e00000, 0x0000000734e00000, 0x0000000735000000|  0%| F|  |TAMS 0x0000000734e00000| PB 0x0000000734e00000| Untracked |  0
| 323|0x0000000735000000, 0x0000000735000000, 0x0000000735200000|  0%| F|  |TAMS 0x0000000735000000| PB 0x0000000735000000| Untracked |  0
| 324|0x0000000735200000, 0x0000000735200000, 0x0000000735400000|  0%| F|  |TAMS 0x0000000735200000| PB 0x0000000735200000| Untracked |  0
| 325|0x0000000735400000, 0x0000000735400000, 0x0000000735600000|  0%| F|  |TAMS 0x0000000735400000| PB 0x0000000735400000| Untracked |  0
| 326|0x0000000735600000, 0x0000000735600000, 0x0000000735800000|  0%| F|  |TAMS 0x0000000735600000| PB 0x0000000735600000| Untracked |  0
| 327|0x0000000735800000, 0x0000000735800000, 0x0000000735a00000|  0%| F|  |TAMS 0x0000000735800000| PB 0x0000000735800000| Untracked |  0
| 328|0x0000000735a00000, 0x0000000735a00000, 0x0000000735c00000|  0%| F|  |TAMS 0x0000000735a00000| PB 0x0000000735a00000| Untracked |  0
| 329|0x0000000735c00000, 0x0000000735c00000, 0x0000000735e00000|  0%| F|  |TAMS 0x0000000735c00000| PB 0x0000000735c00000| Untracked |  0
| 330|0x0000000735e00000, 0x0000000735e00000, 0x0000000736000000|  0%| F|  |TAMS 0x0000000735e00000| PB 0x0000000735e00000| Untracked |  0
| 331|0x0000000736000000, 0x0000000736000000, 0x0000000736200000|  0%| F|  |TAMS 0x0000000736000000| PB 0x0000000736000000| Untracked |  0
| 332|0x0000000736200000, 0x0000000736200000, 0x0000000736400000|  0%| F|  |TAMS 0x0000000736200000| PB 0x0000000736200000| Untracked |  0
| 333|0x0000000736400000, 0x0000000736400000, 0x0000000736600000|  0%| F|  |TAMS 0x0000000736400000| PB 0x0000000736400000| Untracked |  0
| 334|0x0000000736600000, 0x0000000736600000, 0x0000000736800000|  0%| F|  |TAMS 0x0000000736600000| PB 0x0000000736600000| Untracked |  0
| 335|0x0000000736800000, 0x0000000736800000, 0x0000000736a00000|  0%| F|  |TAMS 0x0000000736800000| PB 0x0000000736800000| Untracked |  0
| 336|0x0000000736a00000, 0x0000000736a00000, 0x0000000736c00000|  0%| F|  |TAMS 0x0000000736a00000| PB 0x0000000736a00000| Untracked |  0
| 337|0x0000000736c00000, 0x0000000736c00000, 0x0000000736e00000|  0%| F|  |TAMS 0x0000000736c00000| PB 0x0000000736c00000| Untracked |  0
| 338|0x0000000736e00000, 0x0000000736e00000, 0x0000000737000000|  0%| F|  |TAMS 0x0000000736e00000| PB 0x0000000736e00000| Untracked |  0
| 339|0x0000000737000000, 0x0000000737000000, 0x0000000737200000|  0%| F|  |TAMS 0x0000000737000000| PB 0x0000000737000000| Untracked |  0
| 340|0x0000000737200000, 0x0000000737200000, 0x0000000737400000|  0%| F|  |TAMS 0x0000000737200000| PB 0x0000000737200000| Untracked |  0
| 341|0x0000000737400000, 0x0000000737400000, 0x0000000737600000|  0%| F|  |TAMS 0x0000000737400000| PB 0x0000000737400000| Untracked |  0
| 342|0x0000000737600000, 0x0000000737600000, 0x0000000737800000|  0%| F|  |TAMS 0x0000000737600000| PB 0x0000000737600000| Untracked |  0
| 343|0x0000000737800000, 0x0000000737800000, 0x0000000737a00000|  0%| F|  |TAMS 0x0000000737800000| PB 0x0000000737800000| Untracked |  0
| 344|0x0000000737a00000, 0x0000000737a00000, 0x0000000737c00000|  0%| F|  |TAMS 0x0000000737a00000| PB 0x0000000737a00000| Untracked |  0
| 345|0x0000000737c00000, 0x0000000737c00000, 0x0000000737e00000|  0%| F|  |TAMS 0x0000000737c00000| PB 0x0000000737c00000| Untracked |  0
| 346|0x0000000737e00000, 0x0000000737e00000, 0x0000000738000000|  0%| F|  |TAMS 0x0000000737e00000| PB 0x0000000737e00000| Untracked |  0
| 347|0x0000000738000000, 0x0000000738000000, 0x0000000738200000|  0%| F|  |TAMS 0x0000000738000000| PB 0x0000000738000000| Untracked |  0
| 348|0x0000000738200000, 0x0000000738200000, 0x0000000738400000|  0%| F|  |TAMS 0x0000000738200000| PB 0x0000000738200000| Untracked |  0
| 349|0x0000000738400000, 0x0000000738400000, 0x0000000738600000|  0%| F|  |TAMS 0x0000000738400000| PB 0x0000000738400000| Untracked |  0
| 350|0x0000000738600000, 0x0000000738600000, 0x0000000738800000|  0%| F|  |TAMS 0x0000000738600000| PB 0x0000000738600000| Untracked |  0
| 351|0x0000000738800000, 0x0000000738800000, 0x0000000738a00000|  0%| F|  |TAMS 0x0000000738800000| PB 0x0000000738800000| Untracked |  0
| 352|0x0000000738a00000, 0x0000000738a00000, 0x0000000738c00000|  0%| F|  |TAMS 0x0000000738a00000| PB 0x0000000738a00000| Untracked |  0
| 353|0x0000000738c00000, 0x0000000738c00000, 0x0000000738e00000|  0%| F|  |TAMS 0x0000000738c00000| PB 0x0000000738c00000| Untracked |  0
| 354|0x0000000738e00000, 0x0000000738e00000, 0x0000000739000000|  0%| F|  |TAMS 0x0000000738e00000| PB 0x0000000738e00000| Untracked |  0
| 355|0x0000000739000000, 0x0000000739000000, 0x0000000739200000|  0%| F|  |TAMS 0x0000000739000000| PB 0x0000000739000000| Untracked |  0
| 356|0x0000000739200000, 0x0000000739200000, 0x0000000739400000|  0%| F|  |TAMS 0x0000000739200000| PB 0x0000000739200000| Untracked |  0
| 357|0x0000000739400000, 0x0000000739400000, 0x0000000739600000|  0%| F|  |TAMS 0x0000000739400000| PB 0x0000000739400000| Untracked |  0
| 358|0x0000000739600000, 0x0000000739600000, 0x0000000739800000|  0%| F|  |TAMS 0x0000000739600000| PB 0x0000000739600000| Untracked |  0
| 359|0x0000000739800000, 0x0000000739800000, 0x0000000739a00000|  0%| F|  |TAMS 0x0000000739800000| PB 0x0000000739800000| Untracked |  0
| 360|0x0000000739a00000, 0x0000000739a00000, 0x0000000739c00000|  0%| F|  |TAMS 0x0000000739a00000| PB 0x0000000739a00000| Untracked |  0
| 361|0x0000000739c00000, 0x0000000739c00000, 0x0000000739e00000|  0%| F|  |TAMS 0x0000000739c00000| PB 0x0000000739c00000| Untracked |  0
| 362|0x0000000739e00000, 0x0000000739e00000, 0x000000073a000000|  0%| F|  |TAMS 0x0000000739e00000| PB 0x0000000739e00000| Untracked |  0
| 363|0x000000073a000000, 0x000000073a000000, 0x000000073a200000|  0%| F|  |TAMS 0x000000073a000000| PB 0x000000073a000000| Untracked |  0
| 364|0x000000073a200000, 0x000000073a200000, 0x000000073a400000|  0%| F|  |TAMS 0x000000073a200000| PB 0x000000073a200000| Untracked |  0
| 365|0x000000073a400000, 0x000000073a400000, 0x000000073a600000|  0%| F|  |TAMS 0x000000073a400000| PB 0x000000073a400000| Untracked |  0
| 366|0x000000073a600000, 0x000000073a600000, 0x000000073a800000|  0%| F|  |TAMS 0x000000073a600000| PB 0x000000073a600000| Untracked |  0
| 367|0x000000073a800000, 0x000000073a800000, 0x000000073aa00000|  0%| F|  |TAMS 0x000000073a800000| PB 0x000000073a800000| Untracked |  0
| 368|0x000000073aa00000, 0x000000073aa00000, 0x000000073ac00000|  0%| F|  |TAMS 0x000000073aa00000| PB 0x000000073aa00000| Untracked |  0
| 369|0x000000073ac00000, 0x000000073ac00000, 0x000000073ae00000|  0%| F|  |TAMS 0x000000073ac00000| PB 0x000000073ac00000| Untracked |  0
| 370|0x000000073ae00000, 0x000000073ae00000, 0x000000073b000000|  0%| F|  |TAMS 0x000000073ae00000| PB 0x000000073ae00000| Untracked |  0
| 371|0x000000073b000000, 0x000000073b000000, 0x000000073b200000|  0%| F|  |TAMS 0x000000073b000000| PB 0x000000073b000000| Untracked |  0
| 372|0x000000073b200000, 0x000000073b200000, 0x000000073b400000|  0%| F|  |TAMS 0x000000073b200000| PB 0x000000073b200000| Untracked |  0
| 373|0x000000073b400000, 0x000000073b400000, 0x000000073b600000|  0%| F|  |TAMS 0x000000073b400000| PB 0x000000073b400000| Untracked |  0
| 374|0x000000073b600000, 0x000000073b600000, 0x000000073b800000|  0%| F|  |TAMS 0x000000073b600000| PB 0x000000073b600000| Untracked |  0
| 375|0x000000073b800000, 0x000000073b800000, 0x000000073ba00000|  0%| F|  |TAMS 0x000000073b800000| PB 0x000000073b800000| Untracked |  0
| 376|0x000000073ba00000, 0x000000073ba00000, 0x000000073bc00000|  0%| F|  |TAMS 0x000000073ba00000| PB 0x000000073ba00000| Untracked |  0
| 377|0x000000073bc00000, 0x000000073bc00000, 0x000000073be00000|  0%| F|  |TAMS 0x000000073bc00000| PB 0x000000073bc00000| Untracked |  0
| 378|0x000000073be00000, 0x000000073be00000, 0x000000073c000000|  0%| F|  |TAMS 0x000000073be00000| PB 0x000000073be00000| Untracked |  0
| 379|0x000000073c000000, 0x000000073c000000, 0x000000073c200000|  0%| F|  |TAMS 0x000000073c000000| PB 0x000000073c000000| Untracked |  0
| 380|0x000000073c200000, 0x000000073c200000, 0x000000073c400000|  0%| F|  |TAMS 0x000000073c200000| PB 0x000000073c200000| Untracked |  0
| 381|0x000000073c400000, 0x000000073c400000, 0x000000073c600000|  0%| F|  |TAMS 0x000000073c400000| PB 0x000000073c400000| Untracked |  0
| 382|0x000000073c600000, 0x000000073c600000, 0x000000073c800000|  0%| F|  |TAMS 0x000000073c600000| PB 0x000000073c600000| Untracked |  0
| 383|0x000000073c800000, 0x000000073c800000, 0x000000073ca00000|  0%| F|  |TAMS 0x000000073c800000| PB 0x000000073c800000| Untracked |  0
| 384|0x000000073ca00000, 0x000000073ca00000, 0x000000073cc00000|  0%| F|  |TAMS 0x000000073ca00000| PB 0x000000073ca00000| Untracked |  0
| 385|0x000000073cc00000, 0x000000073cc00000, 0x000000073ce00000|  0%| F|  |TAMS 0x000000073cc00000| PB 0x000000073cc00000| Untracked |  0
| 386|0x000000073ce00000, 0x000000073ce00000, 0x000000073d000000|  0%| F|  |TAMS 0x000000073ce00000| PB 0x000000073ce00000| Untracked |  0
| 387|0x000000073d000000, 0x000000073d000000, 0x000000073d200000|  0%| F|  |TAMS 0x000000073d000000| PB 0x000000073d000000| Untracked |  0
| 388|0x000000073d200000, 0x000000073d200000, 0x000000073d400000|  0%| F|  |TAMS 0x000000073d200000| PB 0x000000073d200000| Untracked |  0
| 389|0x000000073d400000, 0x000000073d400000, 0x000000073d600000|  0%| F|  |TAMS 0x000000073d400000| PB 0x000000073d400000| Untracked |  0
| 390|0x000000073d600000, 0x000000073d600000, 0x000000073d800000|  0%| F|  |TAMS 0x000000073d600000| PB 0x000000073d600000| Untracked |  0
| 391|0x000000073d800000, 0x000000073d800000, 0x000000073da00000|  0%| F|  |TAMS 0x000000073d800000| PB 0x000000073d800000| Untracked |  0
| 392|0x000000073da00000, 0x000000073da00000, 0x000000073dc00000|  0%| F|  |TAMS 0x000000073da00000| PB 0x000000073da00000| Untracked |  0
| 393|0x000000073dc00000, 0x000000073dc00000, 0x000000073de00000|  0%| F|  |TAMS 0x000000073dc00000| PB 0x000000073dc00000| Untracked |  0
| 394|0x000000073de00000, 0x000000073de00000, 0x000000073e000000|  0%| F|  |TAMS 0x000000073de00000| PB 0x000000073de00000| Untracked |  0
| 395|0x000000073e000000, 0x000000073e000000, 0x000000073e200000|  0%| F|  |TAMS 0x000000073e000000| PB 0x000000073e000000| Untracked |  0
| 396|0x000000073e200000, 0x000000073e200000, 0x000000073e400000|  0%| F|  |TAMS 0x000000073e200000| PB 0x000000073e200000| Untracked |  0
| 397|0x000000073e400000, 0x000000073e400000, 0x000000073e600000|  0%| F|  |TAMS 0x000000073e400000| PB 0x000000073e400000| Untracked |  0
| 398|0x000000073e600000, 0x000000073e600000, 0x000000073e800000|  0%| F|  |TAMS 0x000000073e600000| PB 0x000000073e600000| Untracked |  0
| 399|0x000000073e800000, 0x000000073e800000, 0x000000073ea00000|  0%| F|  |TAMS 0x000000073e800000| PB 0x000000073e800000| Untracked |  0
| 400|0x000000073ea00000, 0x000000073ea00000, 0x000000073ec00000|  0%| F|  |TAMS 0x000000073ea00000| PB 0x000000073ea00000| Untracked |  0
| 401|0x000000073ec00000, 0x000000073ec00000, 0x000000073ee00000|  0%| F|  |TAMS 0x000000073ec00000| PB 0x000000073ec00000| Untracked |  0
| 402|0x000000073ee00000, 0x000000073ee00000, 0x000000073f000000|  0%| F|  |TAMS 0x000000073ee00000| PB 0x000000073ee00000| Untracked |  0
| 403|0x000000073f000000, 0x000000073f000000, 0x000000073f200000|  0%| F|  |TAMS 0x000000073f000000| PB 0x000000073f000000| Untracked |  0
| 404|0x000000073f200000, 0x000000073f200000, 0x000000073f400000|  0%| F|  |TAMS 0x000000073f200000| PB 0x000000073f200000| Untracked |  0
| 405|0x000000073f400000, 0x000000073f400000, 0x000000073f600000|  0%| F|  |TAMS 0x000000073f400000| PB 0x000000073f400000| Untracked |  0
| 406|0x000000073f600000, 0x000000073f600000, 0x000000073f800000|  0%| F|  |TAMS 0x000000073f600000| PB 0x000000073f600000| Untracked |  0
| 407|0x000000073f800000, 0x000000073f800000, 0x000000073fa00000|  0%| F|  |TAMS 0x000000073f800000| PB 0x000000073f800000| Untracked |  0
| 408|0x000000073fa00000, 0x000000073fa00000, 0x000000073fc00000|  0%| F|  |TAMS 0x000000073fa00000| PB 0x000000073fa00000| Untracked |  0
| 409|0x000000073fc00000, 0x000000073fc00000, 0x000000073fe00000|  0%| F|  |TAMS 0x000000073fc00000| PB 0x000000073fc00000| Untracked |  0
| 410|0x000000073fe00000, 0x000000073fe00000, 0x0000000740000000|  0%| F|  |TAMS 0x000000073fe00000| PB 0x000000073fe00000| Untracked |  0
| 411|0x0000000740000000, 0x0000000740000000, 0x0000000740200000|  0%| F|  |TAMS 0x0000000740000000| PB 0x0000000740000000| Untracked |  0
| 412|0x0000000740200000, 0x0000000740200000, 0x0000000740400000|  0%| F|  |TAMS 0x0000000740200000| PB 0x0000000740200000| Untracked |  0
| 413|0x0000000740400000, 0x0000000740400000, 0x0000000740600000|  0%| F|  |TAMS 0x0000000740400000| PB 0x0000000740400000| Untracked |  0
| 414|0x0000000740600000, 0x0000000740600000, 0x0000000740800000|  0%| F|  |TAMS 0x0000000740600000| PB 0x0000000740600000| Untracked |  0
| 415|0x0000000740800000, 0x0000000740800000, 0x0000000740a00000|  0%| F|  |TAMS 0x0000000740800000| PB 0x0000000740800000| Untracked |  0
| 416|0x0000000740a00000, 0x0000000740a00000, 0x0000000740c00000|  0%| F|  |TAMS 0x0000000740a00000| PB 0x0000000740a00000| Untracked |  0
| 417|0x0000000740c00000, 0x0000000740c00000, 0x0000000740e00000|  0%| F|  |TAMS 0x0000000740c00000| PB 0x0000000740c00000| Untracked |  0
| 418|0x0000000740e00000, 0x0000000740e00000, 0x0000000741000000|  0%| F|  |TAMS 0x0000000740e00000| PB 0x0000000740e00000| Untracked |  0
| 419|0x0000000741000000, 0x0000000741000000, 0x0000000741200000|  0%| F|  |TAMS 0x0000000741000000| PB 0x0000000741000000| Untracked |  0
| 420|0x0000000741200000, 0x0000000741200000, 0x0000000741400000|  0%| F|  |TAMS 0x0000000741200000| PB 0x0000000741200000| Untracked |  0
| 421|0x0000000741400000, 0x0000000741400000, 0x0000000741600000|  0%| F|  |TAMS 0x0000000741400000| PB 0x0000000741400000| Untracked |  0
| 422|0x0000000741600000, 0x0000000741600000, 0x0000000741800000|  0%| F|  |TAMS 0x0000000741600000| PB 0x0000000741600000| Untracked |  0
| 423|0x0000000741800000, 0x0000000741800000, 0x0000000741a00000|  0%| F|  |TAMS 0x0000000741800000| PB 0x0000000741800000| Untracked |  0
| 424|0x0000000741a00000, 0x0000000741a00000, 0x0000000741c00000|  0%| F|  |TAMS 0x0000000741a00000| PB 0x0000000741a00000| Untracked |  0
| 425|0x0000000741c00000, 0x0000000741c00000, 0x0000000741e00000|  0%| F|  |TAMS 0x0000000741c00000| PB 0x0000000741c00000| Untracked |  0
| 426|0x0000000741e00000, 0x0000000741e00000, 0x0000000742000000|  0%| F|  |TAMS 0x0000000741e00000| PB 0x0000000741e00000| Untracked |  0
| 427|0x0000000742000000, 0x0000000742000000, 0x0000000742200000|  0%| F|  |TAMS 0x0000000742000000| PB 0x0000000742000000| Untracked |  0
| 428|0x0000000742200000, 0x0000000742200000, 0x0000000742400000|  0%| F|  |TAMS 0x0000000742200000| PB 0x0000000742200000| Untracked |  0
| 429|0x0000000742400000, 0x0000000742400000, 0x0000000742600000|  0%| F|  |TAMS 0x0000000742400000| PB 0x0000000742400000| Untracked |  0
| 430|0x0000000742600000, 0x0000000742600000, 0x0000000742800000|  0%| F|  |TAMS 0x0000000742600000| PB 0x0000000742600000| Untracked |  0
| 431|0x0000000742800000, 0x0000000742800000, 0x0000000742a00000|  0%| F|  |TAMS 0x0000000742800000| PB 0x0000000742800000| Untracked |  0
| 432|0x0000000742a00000, 0x0000000742a00000, 0x0000000742c00000|  0%| F|  |TAMS 0x0000000742a00000| PB 0x0000000742a00000| Untracked |  0
| 433|0x0000000742c00000, 0x0000000742c00000, 0x0000000742e00000|  0%| F|  |TAMS 0x0000000742c00000| PB 0x0000000742c00000| Untracked |  0
| 434|0x0000000742e00000, 0x0000000742e00000, 0x0000000743000000|  0%| F|  |TAMS 0x0000000742e00000| PB 0x0000000742e00000| Untracked |  0
| 435|0x0000000743000000, 0x0000000743000000, 0x0000000743200000|  0%| F|  |TAMS 0x0000000743000000| PB 0x0000000743000000| Untracked |  0
| 436|0x0000000743200000, 0x0000000743200000, 0x0000000743400000|  0%| F|  |TAMS 0x0000000743200000| PB 0x0000000743200000| Untracked |  0
| 437|0x0000000743400000, 0x0000000743400000, 0x0000000743600000|  0%| F|  |TAMS 0x0000000743400000| PB 0x0000000743400000| Untracked |  0
| 438|0x0000000743600000, 0x0000000743600000, 0x0000000743800000|  0%| F|  |TAMS 0x0000000743600000| PB 0x0000000743600000| Untracked |  0
| 439|0x0000000743800000, 0x0000000743800000, 0x0000000743a00000|  0%| F|  |TAMS 0x0000000743800000| PB 0x0000000743800000| Untracked |  0
| 440|0x0000000743a00000, 0x0000000743a00000, 0x0000000743c00000|  0%| F|  |TAMS 0x0000000743a00000| PB 0x0000000743a00000| Untracked |  0
| 441|0x0000000743c00000, 0x0000000743c00000, 0x0000000743e00000|  0%| F|  |TAMS 0x0000000743c00000| PB 0x0000000743c00000| Untracked |  0
| 442|0x0000000743e00000, 0x0000000743e00000, 0x0000000744000000|  0%| F|  |TAMS 0x0000000743e00000| PB 0x0000000743e00000| Untracked |  0
| 443|0x0000000744000000, 0x0000000744000000, 0x0000000744200000|  0%| F|  |TAMS 0x0000000744000000| PB 0x0000000744000000| Untracked |  0
| 444|0x0000000744200000, 0x0000000744200000, 0x0000000744400000|  0%| F|  |TAMS 0x0000000744200000| PB 0x0000000744200000| Untracked |  0
| 445|0x0000000744400000, 0x0000000744400000, 0x0000000744600000|  0%| F|  |TAMS 0x0000000744400000| PB 0x0000000744400000| Untracked |  0
| 446|0x0000000744600000, 0x0000000744600000, 0x0000000744800000|  0%| F|  |TAMS 0x0000000744600000| PB 0x0000000744600000| Untracked |  0
| 447|0x0000000744800000, 0x0000000744800000, 0x0000000744a00000|  0%| F|  |TAMS 0x0000000744800000| PB 0x0000000744800000| Untracked |  0
| 448|0x0000000744a00000, 0x0000000744a00000, 0x0000000744c00000|  0%| F|  |TAMS 0x0000000744a00000| PB 0x0000000744a00000| Untracked |  0
| 449|0x0000000744c00000, 0x0000000744c00000, 0x0000000744e00000|  0%| F|  |TAMS 0x0000000744c00000| PB 0x0000000744c00000| Untracked |  0
| 450|0x0000000744e00000, 0x0000000744e00000, 0x0000000745000000|  0%| F|  |TAMS 0x0000000744e00000| PB 0x0000000744e00000| Untracked |  0
| 451|0x0000000745000000, 0x0000000745000000, 0x0000000745200000|  0%| F|  |TAMS 0x0000000745000000| PB 0x0000000745000000| Untracked |  0
| 452|0x0000000745200000, 0x0000000745200000, 0x0000000745400000|  0%| F|  |TAMS 0x0000000745200000| PB 0x0000000745200000| Untracked |  0
| 453|0x0000000745400000, 0x0000000745400000, 0x0000000745600000|  0%| F|  |TAMS 0x0000000745400000| PB 0x0000000745400000| Untracked |  0
| 454|0x0000000745600000, 0x0000000745600000, 0x0000000745800000|  0%| F|  |TAMS 0x0000000745600000| PB 0x0000000745600000| Untracked |  0
| 455|0x0000000745800000, 0x0000000745800000, 0x0000000745a00000|  0%| F|  |TAMS 0x0000000745800000| PB 0x0000000745800000| Untracked |  0
| 456|0x0000000745a00000, 0x0000000745a00000, 0x0000000745c00000|  0%| F|  |TAMS 0x0000000745a00000| PB 0x0000000745a00000| Untracked |  0
| 457|0x0000000745c00000, 0x0000000745c00000, 0x0000000745e00000|  0%| F|  |TAMS 0x0000000745c00000| PB 0x0000000745c00000| Untracked |  0
| 458|0x0000000745e00000, 0x0000000745e00000, 0x0000000746000000|  0%| F|  |TAMS 0x0000000745e00000| PB 0x0000000745e00000| Untracked |  0
| 459|0x0000000746000000, 0x0000000746000000, 0x0000000746200000|  0%| F|  |TAMS 0x0000000746000000| PB 0x0000000746000000| Untracked |  0
| 460|0x0000000746200000, 0x0000000746200000, 0x0000000746400000|  0%| F|  |TAMS 0x0000000746200000| PB 0x0000000746200000| Untracked |  0
| 461|0x0000000746400000, 0x0000000746400000, 0x0000000746600000|  0%| F|  |TAMS 0x0000000746400000| PB 0x0000000746400000| Untracked |  0
| 462|0x0000000746600000, 0x0000000746600000, 0x0000000746800000|  0%| F|  |TAMS 0x0000000746600000| PB 0x0000000746600000| Untracked |  0
| 463|0x0000000746800000, 0x0000000746800000, 0x0000000746a00000|  0%| F|  |TAMS 0x0000000746800000| PB 0x0000000746800000| Untracked |  0
| 464|0x0000000746a00000, 0x0000000746a00000, 0x0000000746c00000|  0%| F|  |TAMS 0x0000000746a00000| PB 0x0000000746a00000| Untracked |  0
| 465|0x0000000746c00000, 0x0000000746c00000, 0x0000000746e00000|  0%| F|  |TAMS 0x0000000746c00000| PB 0x0000000746c00000| Untracked |  0
| 466|0x0000000746e00000, 0x0000000746e00000, 0x0000000747000000|  0%| F|  |TAMS 0x0000000746e00000| PB 0x0000000746e00000| Untracked |  0
| 467|0x0000000747000000, 0x0000000747000000, 0x0000000747200000|  0%| F|  |TAMS 0x0000000747000000| PB 0x0000000747000000| Untracked |  0
| 468|0x0000000747200000, 0x0000000747200000, 0x0000000747400000|  0%| F|  |TAMS 0x0000000747200000| PB 0x0000000747200000| Untracked |  0
| 469|0x0000000747400000, 0x0000000747400000, 0x0000000747600000|  0%| F|  |TAMS 0x0000000747400000| PB 0x0000000747400000| Untracked |  0
| 470|0x0000000747600000, 0x0000000747600000, 0x0000000747800000|  0%| F|  |TAMS 0x0000000747600000| PB 0x0000000747600000| Untracked |  0
| 471|0x0000000747800000, 0x0000000747800000, 0x0000000747a00000|  0%| F|  |TAMS 0x0000000747800000| PB 0x0000000747800000| Untracked |  0
| 472|0x0000000747a00000, 0x0000000747a00000, 0x0000000747c00000|  0%| F|  |TAMS 0x0000000747a00000| PB 0x0000000747a00000| Untracked |  0
| 473|0x0000000747c00000, 0x0000000747c00000, 0x0000000747e00000|  0%| F|  |TAMS 0x0000000747c00000| PB 0x0000000747c00000| Untracked |  0
| 474|0x0000000747e00000, 0x0000000747e00000, 0x0000000748000000|  0%| F|  |TAMS 0x0000000747e00000| PB 0x0000000747e00000| Untracked |  0
| 475|0x0000000748000000, 0x0000000748000000, 0x0000000748200000|  0%| F|  |TAMS 0x0000000748000000| PB 0x0000000748000000| Untracked |  0
| 476|0x0000000748200000, 0x0000000748200000, 0x0000000748400000|  0%| F|  |TAMS 0x0000000748200000| PB 0x0000000748200000| Untracked |  0
| 477|0x0000000748400000, 0x0000000748400000, 0x0000000748600000|  0%| F|  |TAMS 0x0000000748400000| PB 0x0000000748400000| Untracked |  0
| 478|0x0000000748600000, 0x0000000748600000, 0x0000000748800000|  0%| F|  |TAMS 0x0000000748600000| PB 0x0000000748600000| Untracked |  0
| 479|0x0000000748800000, 0x0000000748800000, 0x0000000748a00000|  0%| F|  |TAMS 0x0000000748800000| PB 0x0000000748800000| Untracked |  0
| 480|0x0000000748a00000, 0x0000000748a00000, 0x0000000748c00000|  0%| F|  |TAMS 0x0000000748a00000| PB 0x0000000748a00000| Untracked |  0
| 481|0x0000000748c00000, 0x0000000748c00000, 0x0000000748e00000|  0%| F|  |TAMS 0x0000000748c00000| PB 0x0000000748c00000| Untracked |  0
| 482|0x0000000748e00000, 0x0000000748e00000, 0x0000000749000000|  0%| F|  |TAMS 0x0000000748e00000| PB 0x0000000748e00000| Untracked |  0
| 483|0x0000000749000000, 0x0000000749000000, 0x0000000749200000|  0%| F|  |TAMS 0x0000000749000000| PB 0x0000000749000000| Untracked |  0
| 484|0x0000000749200000, 0x0000000749200000, 0x0000000749400000|  0%| F|  |TAMS 0x0000000749200000| PB 0x0000000749200000| Untracked |  0
| 485|0x0000000749400000, 0x0000000749400000, 0x0000000749600000|  0%| F|  |TAMS 0x0000000749400000| PB 0x0000000749400000| Untracked |  0
| 486|0x0000000749600000, 0x0000000749600000, 0x0000000749800000|  0%| F|  |TAMS 0x0000000749600000| PB 0x0000000749600000| Untracked |  0
| 487|0x0000000749800000, 0x0000000749800000, 0x0000000749a00000|  0%| F|  |TAMS 0x0000000749800000| PB 0x0000000749800000| Untracked |  0
| 488|0x0000000749a00000, 0x0000000749a00000, 0x0000000749c00000|  0%| F|  |TAMS 0x0000000749a00000| PB 0x0000000749a00000| Untracked |  0
| 489|0x0000000749c00000, 0x0000000749c00000, 0x0000000749e00000|  0%| F|  |TAMS 0x0000000749c00000| PB 0x0000000749c00000| Untracked |  0
| 490|0x0000000749e00000, 0x0000000749e00000, 0x000000074a000000|  0%| F|  |TAMS 0x0000000749e00000| PB 0x0000000749e00000| Untracked |  0
| 491|0x000000074a000000, 0x000000074a000000, 0x000000074a200000|  0%| F|  |TAMS 0x000000074a000000| PB 0x000000074a000000| Untracked |  0
| 492|0x000000074a200000, 0x000000074a200000, 0x000000074a400000|  0%| F|  |TAMS 0x000000074a200000| PB 0x000000074a200000| Untracked |  0
| 493|0x000000074a400000, 0x000000074a400000, 0x000000074a600000|  0%| F|  |TAMS 0x000000074a400000| PB 0x000000074a400000| Untracked |  0
| 494|0x000000074a600000, 0x000000074a600000, 0x000000074a800000|  0%| F|  |TAMS 0x000000074a600000| PB 0x000000074a600000| Untracked |  0
| 495|0x000000074a800000, 0x000000074a800000, 0x000000074aa00000|  0%| F|  |TAMS 0x000000074a800000| PB 0x000000074a800000| Untracked |  0
| 496|0x000000074aa00000, 0x000000074aa00000, 0x000000074ac00000|  0%| F|  |TAMS 0x000000074aa00000| PB 0x000000074aa00000| Untracked |  0
| 497|0x000000074ac00000, 0x000000074ac00000, 0x000000074ae00000|  0%| F|  |TAMS 0x000000074ac00000| PB 0x000000074ac00000| Untracked |  0
| 498|0x000000074ae00000, 0x000000074ae00000, 0x000000074b000000|  0%| F|  |TAMS 0x000000074ae00000| PB 0x000000074ae00000| Untracked |  0
| 499|0x000000074b000000, 0x000000074b000000, 0x000000074b200000|  0%| F|  |TAMS 0x000000074b000000| PB 0x000000074b000000| Untracked |  0
| 500|0x000000074b200000, 0x000000074b200000, 0x000000074b400000|  0%| F|  |TAMS 0x000000074b200000| PB 0x000000074b200000| Untracked |  0
| 501|0x000000074b400000, 0x000000074b400000, 0x000000074b600000|  0%| F|  |TAMS 0x000000074b400000| PB 0x000000074b400000| Untracked |  0
| 502|0x000000074b600000, 0x000000074b600000, 0x000000074b800000|  0%| F|  |TAMS 0x000000074b600000| PB 0x000000074b600000| Untracked |  0
| 503|0x000000074b800000, 0x000000074b800000, 0x000000074ba00000|  0%| F|  |TAMS 0x000000074b800000| PB 0x000000074b800000| Untracked |  0
| 504|0x000000074ba00000, 0x000000074ba00000, 0x000000074bc00000|  0%| F|  |TAMS 0x000000074ba00000| PB 0x000000074ba00000| Untracked |  0
| 505|0x000000074bc00000, 0x000000074bc00000, 0x000000074be00000|  0%| F|  |TAMS 0x000000074bc00000| PB 0x000000074bc00000| Untracked |  0
| 506|0x000000074be00000, 0x000000074be00000, 0x000000074c000000|  0%| F|  |TAMS 0x000000074be00000| PB 0x000000074be00000| Untracked |  0
| 507|0x000000074c000000, 0x000000074c000000, 0x000000074c200000|  0%| F|  |TAMS 0x000000074c000000| PB 0x000000074c000000| Untracked |  0
| 508|0x000000074c200000, 0x000000074c200000, 0x000000074c400000|  0%| F|  |TAMS 0x000000074c200000| PB 0x000000074c200000| Untracked |  0
| 509|0x000000074c400000, 0x000000074c400000, 0x000000074c600000|  0%| F|  |TAMS 0x000000074c400000| PB 0x000000074c400000| Untracked |  0
| 510|0x000000074c600000, 0x000000074c600000, 0x000000074c800000|  0%| F|  |TAMS 0x000000074c600000| PB 0x000000074c600000| Untracked |  0
| 511|0x000000074c800000, 0x000000074c800000, 0x000000074ca00000|  0%| F|  |TAMS 0x000000074c800000| PB 0x000000074c800000| Untracked |  0
| 512|0x000000074ca00000, 0x000000074ca00000, 0x000000074cc00000|  0%| F|  |TAMS 0x000000074ca00000| PB 0x000000074ca00000| Untracked |  0
| 513|0x000000074cc00000, 0x000000074cc00000, 0x000000074ce00000|  0%| F|  |TAMS 0x000000074cc00000| PB 0x000000074cc00000| Untracked |  0
| 514|0x000000074ce00000, 0x000000074ce00000, 0x000000074d000000|  0%| F|  |TAMS 0x000000074ce00000| PB 0x000000074ce00000| Untracked |  0
| 515|0x000000074d000000, 0x000000074d000000, 0x000000074d200000|  0%| F|  |TAMS 0x000000074d000000| PB 0x000000074d000000| Untracked |  0
| 516|0x000000074d200000, 0x000000074d200000, 0x000000074d400000|  0%| F|  |TAMS 0x000000074d200000| PB 0x000000074d200000| Untracked |  0
| 517|0x000000074d400000, 0x000000074d400000, 0x000000074d600000|  0%| F|  |TAMS 0x000000074d400000| PB 0x000000074d400000| Untracked |  0
| 518|0x000000074d600000, 0x000000074d600000, 0x000000074d800000|  0%| F|  |TAMS 0x000000074d600000| PB 0x000000074d600000| Untracked |  0
| 519|0x000000074d800000, 0x000000074d800000, 0x000000074da00000|  0%| F|  |TAMS 0x000000074d800000| PB 0x000000074d800000| Untracked |  0
| 520|0x000000074da00000, 0x000000074da00000, 0x000000074dc00000|  0%| F|  |TAMS 0x000000074da00000| PB 0x000000074da00000| Untracked |  0
| 521|0x000000074dc00000, 0x000000074dc00000, 0x000000074de00000|  0%| F|  |TAMS 0x000000074dc00000| PB 0x000000074dc00000| Untracked |  0
| 522|0x000000074de00000, 0x000000074de00000, 0x000000074e000000|  0%| F|  |TAMS 0x000000074de00000| PB 0x000000074de00000| Untracked |  0
| 523|0x000000074e000000, 0x000000074e000000, 0x000000074e200000|  0%| F|  |TAMS 0x000000074e000000| PB 0x000000074e000000| Untracked |  0
| 524|0x000000074e200000, 0x000000074e200000, 0x000000074e400000|  0%| F|  |TAMS 0x000000074e200000| PB 0x000000074e200000| Untracked |  0
| 525|0x000000074e400000, 0x000000074e400000, 0x000000074e600000|  0%| F|  |TAMS 0x000000074e400000| PB 0x000000074e400000| Untracked |  0
| 526|0x000000074e600000, 0x000000074e600000, 0x000000074e800000|  0%| F|  |TAMS 0x000000074e600000| PB 0x000000074e600000| Untracked |  0
| 527|0x000000074e800000, 0x000000074e800000, 0x000000074ea00000|  0%| F|  |TAMS 0x000000074e800000| PB 0x000000074e800000| Untracked |  0
| 528|0x000000074ea00000, 0x000000074ea00000, 0x000000074ec00000|  0%| F|  |TAMS 0x000000074ea00000| PB 0x000000074ea00000| Untracked |  0
| 529|0x000000074ec00000, 0x000000074ec00000, 0x000000074ee00000|  0%| F|  |TAMS 0x000000074ec00000| PB 0x000000074ec00000| Untracked |  0
| 530|0x000000074ee00000, 0x000000074ee00000, 0x000000074f000000|  0%| F|  |TAMS 0x000000074ee00000| PB 0x000000074ee00000| Untracked |  0
| 531|0x000000074f000000, 0x000000074f000000, 0x000000074f200000|  0%| F|  |TAMS 0x000000074f000000| PB 0x000000074f000000| Untracked |  0
| 532|0x000000074f200000, 0x000000074f200000, 0x000000074f400000|  0%| F|  |TAMS 0x000000074f200000| PB 0x000000074f200000| Untracked |  0
| 533|0x000000074f400000, 0x000000074f400000, 0x000000074f600000|  0%| F|  |TAMS 0x000000074f400000| PB 0x000000074f400000| Untracked |  0
| 534|0x000000074f600000, 0x000000074f600000, 0x000000074f800000|  0%| F|  |TAMS 0x000000074f600000| PB 0x000000074f600000| Untracked |  0
| 535|0x000000074f800000, 0x000000074f800000, 0x000000074fa00000|  0%| F|  |TAMS 0x000000074f800000| PB 0x000000074f800000| Untracked |  0
| 536|0x000000074fa00000, 0x000000074fa00000, 0x000000074fc00000|  0%| F|  |TAMS 0x000000074fa00000| PB 0x000000074fa00000| Untracked |  0
| 537|0x000000074fc00000, 0x000000074fc00000, 0x000000074fe00000|  0%| F|  |TAMS 0x000000074fc00000| PB 0x000000074fc00000| Untracked |  0
| 538|0x000000074fe00000, 0x000000074fe00000, 0x0000000750000000|  0%| F|  |TAMS 0x000000074fe00000| PB 0x000000074fe00000| Untracked |  0
| 539|0x0000000750000000, 0x0000000750000000, 0x0000000750200000|  0%| F|  |TAMS 0x0000000750000000| PB 0x0000000750000000| Untracked |  0
| 540|0x0000000750200000, 0x0000000750200000, 0x0000000750400000|  0%| F|  |TAMS 0x0000000750200000| PB 0x0000000750200000| Untracked |  0
| 541|0x0000000750400000, 0x0000000750400000, 0x0000000750600000|  0%| F|  |TAMS 0x0000000750400000| PB 0x0000000750400000| Untracked |  0
| 542|0x0000000750600000, 0x0000000750600000, 0x0000000750800000|  0%| F|  |TAMS 0x0000000750600000| PB 0x0000000750600000| Untracked |  0
| 543|0x0000000750800000, 0x0000000750800000, 0x0000000750a00000|  0%| F|  |TAMS 0x0000000750800000| PB 0x0000000750800000| Untracked |  0
| 544|0x0000000750a00000, 0x0000000750a00000, 0x0000000750c00000|  0%| F|  |TAMS 0x0000000750a00000| PB 0x0000000750a00000| Untracked |  0
| 545|0x0000000750c00000, 0x0000000750c00000, 0x0000000750e00000|  0%| F|  |TAMS 0x0000000750c00000| PB 0x0000000750c00000| Untracked |  0
| 546|0x0000000750e00000, 0x0000000750e00000, 0x0000000751000000|  0%| F|  |TAMS 0x0000000750e00000| PB 0x0000000750e00000| Untracked |  0
| 547|0x0000000751000000, 0x0000000751000000, 0x0000000751200000|  0%| F|  |TAMS 0x0000000751000000| PB 0x0000000751000000| Untracked |  0
| 548|0x0000000751200000, 0x0000000751200000, 0x0000000751400000|  0%| F|  |TAMS 0x0000000751200000| PB 0x0000000751200000| Untracked |  0
| 549|0x0000000751400000, 0x0000000751400000, 0x0000000751600000|  0%| F|  |TAMS 0x0000000751400000| PB 0x0000000751400000| Untracked |  0
| 550|0x0000000751600000, 0x0000000751600000, 0x0000000751800000|  0%| F|  |TAMS 0x0000000751600000| PB 0x0000000751600000| Untracked |  0
| 551|0x0000000751800000, 0x0000000751800000, 0x0000000751a00000|  0%| F|  |TAMS 0x0000000751800000| PB 0x0000000751800000| Untracked |  0
| 552|0x0000000751a00000, 0x0000000751a00000, 0x0000000751c00000|  0%| F|  |TAMS 0x0000000751a00000| PB 0x0000000751a00000| Untracked |  0
| 553|0x0000000751c00000, 0x0000000751c00000, 0x0000000751e00000|  0%| F|  |TAMS 0x0000000751c00000| PB 0x0000000751c00000| Untracked |  0
| 554|0x0000000751e00000, 0x0000000751e00000, 0x0000000752000000|  0%| F|  |TAMS 0x0000000751e00000| PB 0x0000000751e00000| Untracked |  0
| 555|0x0000000752000000, 0x0000000752000000, 0x0000000752200000|  0%| F|  |TAMS 0x0000000752000000| PB 0x0000000752000000| Untracked |  0
| 556|0x0000000752200000, 0x0000000752200000, 0x0000000752400000|  0%| F|  |TAMS 0x0000000752200000| PB 0x0000000752200000| Untracked |  0
| 557|0x0000000752400000, 0x0000000752400000, 0x0000000752600000|  0%| F|  |TAMS 0x0000000752400000| PB 0x0000000752400000| Untracked |  0
| 558|0x0000000752600000, 0x0000000752600000, 0x0000000752800000|  0%| F|  |TAMS 0x0000000752600000| PB 0x0000000752600000| Untracked |  0
| 559|0x0000000752800000, 0x0000000752800000, 0x0000000752a00000|  0%| F|  |TAMS 0x0000000752800000| PB 0x0000000752800000| Untracked |  0
| 560|0x0000000752a00000, 0x0000000752a00000, 0x0000000752c00000|  0%| F|  |TAMS 0x0000000752a00000| PB 0x0000000752a00000| Untracked |  0
| 561|0x0000000752c00000, 0x0000000752c00000, 0x0000000752e00000|  0%| F|  |TAMS 0x0000000752c00000| PB 0x0000000752c00000| Untracked |  0
| 562|0x0000000752e00000, 0x0000000752e00000, 0x0000000753000000|  0%| F|  |TAMS 0x0000000752e00000| PB 0x0000000752e00000| Untracked |  0
| 563|0x0000000753000000, 0x0000000753000000, 0x0000000753200000|  0%| F|  |TAMS 0x0000000753000000| PB 0x0000000753000000| Untracked |  0
| 564|0x0000000753200000, 0x0000000753200000, 0x0000000753400000|  0%| F|  |TAMS 0x0000000753200000| PB 0x0000000753200000| Untracked |  0
| 565|0x0000000753400000, 0x0000000753400000, 0x0000000753600000|  0%| F|  |TAMS 0x0000000753400000| PB 0x0000000753400000| Untracked |  0
| 566|0x0000000753600000, 0x0000000753600000, 0x0000000753800000|  0%| F|  |TAMS 0x0000000753600000| PB 0x0000000753600000| Untracked |  0
| 567|0x0000000753800000, 0x0000000753800000, 0x0000000753a00000|  0%| F|  |TAMS 0x0000000753800000| PB 0x0000000753800000| Untracked |  0
| 568|0x0000000753a00000, 0x0000000753a00000, 0x0000000753c00000|  0%| F|  |TAMS 0x0000000753a00000| PB 0x0000000753a00000| Untracked |  0
| 569|0x0000000753c00000, 0x0000000753c00000, 0x0000000753e00000|  0%| F|  |TAMS 0x0000000753c00000| PB 0x0000000753c00000| Untracked |  0
| 570|0x0000000753e00000, 0x0000000753e00000, 0x0000000754000000|  0%| F|  |TAMS 0x0000000753e00000| PB 0x0000000753e00000| Untracked |  0
| 571|0x0000000754000000, 0x0000000754000000, 0x0000000754200000|  0%| F|  |TAMS 0x0000000754000000| PB 0x0000000754000000| Untracked |  0
| 572|0x0000000754200000, 0x0000000754200000, 0x0000000754400000|  0%| F|  |TAMS 0x0000000754200000| PB 0x0000000754200000| Untracked |  0
| 573|0x0000000754400000, 0x0000000754400000, 0x0000000754600000|  0%| F|  |TAMS 0x0000000754400000| PB 0x0000000754400000| Untracked |  0
| 574|0x0000000754600000, 0x0000000754600000, 0x0000000754800000|  0%| F|  |TAMS 0x0000000754600000| PB 0x0000000754600000| Untracked |  0
| 575|0x0000000754800000, 0x0000000754800000, 0x0000000754a00000|  0%| F|  |TAMS 0x0000000754800000| PB 0x0000000754800000| Untracked |  0
| 576|0x0000000754a00000, 0x0000000754a00000, 0x0000000754c00000|  0%| F|  |TAMS 0x0000000754a00000| PB 0x0000000754a00000| Untracked |  0
| 577|0x0000000754c00000, 0x0000000754c00000, 0x0000000754e00000|  0%| F|  |TAMS 0x0000000754c00000| PB 0x0000000754c00000| Untracked |  0
| 578|0x0000000754e00000, 0x0000000754e00000, 0x0000000755000000|  0%| F|  |TAMS 0x0000000754e00000| PB 0x0000000754e00000| Untracked |  0
| 579|0x0000000755000000, 0x0000000755000000, 0x0000000755200000|  0%| F|  |TAMS 0x0000000755000000| PB 0x0000000755000000| Untracked |  0
| 580|0x0000000755200000, 0x0000000755200000, 0x0000000755400000|  0%| F|  |TAMS 0x0000000755200000| PB 0x0000000755200000| Untracked |  0
| 581|0x0000000755400000, 0x0000000755400000, 0x0000000755600000|  0%| F|  |TAMS 0x0000000755400000| PB 0x0000000755400000| Untracked |  0
| 582|0x0000000755600000, 0x0000000755600000, 0x0000000755800000|  0%| F|  |TAMS 0x0000000755600000| PB 0x0000000755600000| Untracked |  0
| 583|0x0000000755800000, 0x0000000755800000, 0x0000000755a00000|  0%| F|  |TAMS 0x0000000755800000| PB 0x0000000755800000| Untracked |  0
| 584|0x0000000755a00000, 0x0000000755a00000, 0x0000000755c00000|  0%| F|  |TAMS 0x0000000755a00000| PB 0x0000000755a00000| Untracked |  0
| 585|0x0000000755c00000, 0x0000000755c00000, 0x0000000755e00000|  0%| F|  |TAMS 0x0000000755c00000| PB 0x0000000755c00000| Untracked |  0
| 586|0x0000000755e00000, 0x0000000755e00000, 0x0000000756000000|  0%| F|  |TAMS 0x0000000755e00000| PB 0x0000000755e00000| Untracked |  0
| 587|0x0000000756000000, 0x0000000756000000, 0x0000000756200000|  0%| F|  |TAMS 0x0000000756000000| PB 0x0000000756000000| Untracked |  0
| 588|0x0000000756200000, 0x0000000756200000, 0x0000000756400000|  0%| F|  |TAMS 0x0000000756200000| PB 0x0000000756200000| Untracked |  0
| 589|0x0000000756400000, 0x0000000756400000, 0x0000000756600000|  0%| F|  |TAMS 0x0000000756400000| PB 0x0000000756400000| Untracked |  0
| 590|0x0000000756600000, 0x0000000756600000, 0x0000000756800000|  0%| F|  |TAMS 0x0000000756600000| PB 0x0000000756600000| Untracked |  0
| 591|0x0000000756800000, 0x0000000756800000, 0x0000000756a00000|  0%| F|  |TAMS 0x0000000756800000| PB 0x0000000756800000| Untracked |  0
| 592|0x0000000756a00000, 0x0000000756a00000, 0x0000000756c00000|  0%| F|  |TAMS 0x0000000756a00000| PB 0x0000000756a00000| Untracked |  0
| 593|0x0000000756c00000, 0x0000000756c00000, 0x0000000756e00000|  0%| F|  |TAMS 0x0000000756c00000| PB 0x0000000756c00000| Untracked |  0
| 594|0x0000000756e00000, 0x0000000756e00000, 0x0000000757000000|  0%| F|  |TAMS 0x0000000756e00000| PB 0x0000000756e00000| Untracked |  0
| 595|0x0000000757000000, 0x0000000757000000, 0x0000000757200000|  0%| F|  |TAMS 0x0000000757000000| PB 0x0000000757000000| Untracked |  0
| 596|0x0000000757200000, 0x0000000757200000, 0x0000000757400000|  0%| F|  |TAMS 0x0000000757200000| PB 0x0000000757200000| Untracked |  0
| 597|0x0000000757400000, 0x0000000757400000, 0x0000000757600000|  0%| F|  |TAMS 0x0000000757400000| PB 0x0000000757400000| Untracked |  0
| 598|0x0000000757600000, 0x0000000757600000, 0x0000000757800000|  0%| F|  |TAMS 0x0000000757600000| PB 0x0000000757600000| Untracked |  0
| 599|0x0000000757800000, 0x0000000757800000, 0x0000000757a00000|  0%| F|  |TAMS 0x0000000757800000| PB 0x0000000757800000| Untracked |  0
| 600|0x0000000757a00000, 0x0000000757a00000, 0x0000000757c00000|  0%| F|  |TAMS 0x0000000757a00000| PB 0x0000000757a00000| Untracked |  0
| 601|0x0000000757c00000, 0x0000000757c00000, 0x0000000757e00000|  0%| F|  |TAMS 0x0000000757c00000| PB 0x0000000757c00000| Untracked |  0
| 602|0x0000000757e00000, 0x0000000757e00000, 0x0000000758000000|  0%| F|  |TAMS 0x0000000757e00000| PB 0x0000000757e00000| Untracked |  0
| 603|0x0000000758000000, 0x0000000758000000, 0x0000000758200000|  0%| F|  |TAMS 0x0000000758000000| PB 0x0000000758000000| Untracked |  0
| 604|0x0000000758200000, 0x0000000758200000, 0x0000000758400000|  0%| F|  |TAMS 0x0000000758200000| PB 0x0000000758200000| Untracked |  0
| 605|0x0000000758400000, 0x0000000758400000, 0x0000000758600000|  0%| F|  |TAMS 0x0000000758400000| PB 0x0000000758400000| Untracked |  0
| 606|0x0000000758600000, 0x0000000758600000, 0x0000000758800000|  0%| F|  |TAMS 0x0000000758600000| PB 0x0000000758600000| Untracked |  0
| 607|0x0000000758800000, 0x0000000758800000, 0x0000000758a00000|  0%| F|  |TAMS 0x0000000758800000| PB 0x0000000758800000| Untracked |  0
| 608|0x0000000758a00000, 0x0000000758a00000, 0x0000000758c00000|  0%| F|  |TAMS 0x0000000758a00000| PB 0x0000000758a00000| Untracked |  0
| 609|0x0000000758c00000, 0x0000000758c00000, 0x0000000758e00000|  0%| F|  |TAMS 0x0000000758c00000| PB 0x0000000758c00000| Untracked |  0
| 610|0x0000000758e00000, 0x0000000758e00000, 0x0000000759000000|  0%| F|  |TAMS 0x0000000758e00000| PB 0x0000000758e00000| Untracked |  0
| 611|0x0000000759000000, 0x0000000759000000, 0x0000000759200000|  0%| F|  |TAMS 0x0000000759000000| PB 0x0000000759000000| Untracked |  0
| 612|0x0000000759200000, 0x0000000759200000, 0x0000000759400000|  0%| F|  |TAMS 0x0000000759200000| PB 0x0000000759200000| Untracked |  0
| 613|0x0000000759400000, 0x0000000759400000, 0x0000000759600000|  0%| F|  |TAMS 0x0000000759400000| PB 0x0000000759400000| Untracked |  0
| 614|0x0000000759600000, 0x0000000759600000, 0x0000000759800000|  0%| F|  |TAMS 0x0000000759600000| PB 0x0000000759600000| Untracked |  0
| 615|0x0000000759800000, 0x0000000759800000, 0x0000000759a00000|  0%| F|  |TAMS 0x0000000759800000| PB 0x0000000759800000| Untracked |  0
| 616|0x0000000759a00000, 0x0000000759a00000, 0x0000000759c00000|  0%| F|  |TAMS 0x0000000759a00000| PB 0x0000000759a00000| Untracked |  0
| 617|0x0000000759c00000, 0x0000000759c00000, 0x0000000759e00000|  0%| F|  |TAMS 0x0000000759c00000| PB 0x0000000759c00000| Untracked |  0
| 618|0x0000000759e00000, 0x0000000759e00000, 0x000000075a000000|  0%| F|  |TAMS 0x0000000759e00000| PB 0x0000000759e00000| Untracked |  0
| 619|0x000000075a000000, 0x000000075a000000, 0x000000075a200000|  0%| F|  |TAMS 0x000000075a000000| PB 0x000000075a000000| Untracked |  0
| 620|0x000000075a200000, 0x000000075a200000, 0x000000075a400000|  0%| F|  |TAMS 0x000000075a200000| PB 0x000000075a200000| Untracked |  0
| 621|0x000000075a400000, 0x000000075a400000, 0x000000075a600000|  0%| F|  |TAMS 0x000000075a400000| PB 0x000000075a400000| Untracked |  0
| 622|0x000000075a600000, 0x000000075a600000, 0x000000075a800000|  0%| F|  |TAMS 0x000000075a600000| PB 0x000000075a600000| Untracked |  0
| 623|0x000000075a800000, 0x000000075a800000, 0x000000075aa00000|  0%| F|  |TAMS 0x000000075a800000| PB 0x000000075a800000| Untracked |  0
| 624|0x000000075aa00000, 0x000000075aa00000, 0x000000075ac00000|  0%| F|  |TAMS 0x000000075aa00000| PB 0x000000075aa00000| Untracked |  0
| 625|0x000000075ac00000, 0x000000075ac00000, 0x000000075ae00000|  0%| F|  |TAMS 0x000000075ac00000| PB 0x000000075ac00000| Untracked |  0
| 626|0x000000075ae00000, 0x000000075ae00000, 0x000000075b000000|  0%| F|  |TAMS 0x000000075ae00000| PB 0x000000075ae00000| Untracked |  0
| 627|0x000000075b000000, 0x000000075b000000, 0x000000075b200000|  0%| F|  |TAMS 0x000000075b000000| PB 0x000000075b000000| Untracked |  0
| 628|0x000000075b200000, 0x000000075b200000, 0x000000075b400000|  0%| F|  |TAMS 0x000000075b200000| PB 0x000000075b200000| Untracked |  0
| 629|0x000000075b400000, 0x000000075b400000, 0x000000075b600000|  0%| F|  |TAMS 0x000000075b400000| PB 0x000000075b400000| Untracked |  0
| 630|0x000000075b600000, 0x000000075b600000, 0x000000075b800000|  0%| F|  |TAMS 0x000000075b600000| PB 0x000000075b600000| Untracked |  0
| 631|0x000000075b800000, 0x000000075b800000, 0x000000075ba00000|  0%| F|  |TAMS 0x000000075b800000| PB 0x000000075b800000| Untracked |  0
| 632|0x000000075ba00000, 0x000000075ba00000, 0x000000075bc00000|  0%| F|  |TAMS 0x000000075ba00000| PB 0x000000075ba00000| Untracked |  0
| 633|0x000000075bc00000, 0x000000075bc00000, 0x000000075be00000|  0%| F|  |TAMS 0x000000075bc00000| PB 0x000000075bc00000| Untracked |  0
| 634|0x000000075be00000, 0x000000075be00000, 0x000000075c000000|  0%| F|  |TAMS 0x000000075be00000| PB 0x000000075be00000| Untracked |  0
| 635|0x000000075c000000, 0x000000075c000000, 0x000000075c200000|  0%| F|  |TAMS 0x000000075c000000| PB 0x000000075c000000| Untracked |  0
| 636|0x000000075c200000, 0x000000075c200000, 0x000000075c400000|  0%| F|  |TAMS 0x000000075c200000| PB 0x000000075c200000| Untracked |  0
| 637|0x000000075c400000, 0x000000075c400000, 0x000000075c600000|  0%| F|  |TAMS 0x000000075c400000| PB 0x000000075c400000| Untracked |  0
| 638|0x000000075c600000, 0x000000075c600000, 0x000000075c800000|  0%| F|  |TAMS 0x000000075c600000| PB 0x000000075c600000| Untracked |  0
| 639|0x000000075c800000, 0x000000075c800000, 0x000000075ca00000|  0%| F|  |TAMS 0x000000075c800000| PB 0x000000075c800000| Untracked |  0
| 640|0x000000075ca00000, 0x000000075ca00000, 0x000000075cc00000|  0%| F|  |TAMS 0x000000075ca00000| PB 0x000000075ca00000| Untracked |  0
| 641|0x000000075cc00000, 0x000000075cc00000, 0x000000075ce00000|  0%| F|  |TAMS 0x000000075cc00000| PB 0x000000075cc00000| Untracked |  0
| 642|0x000000075ce00000, 0x000000075ce00000, 0x000000075d000000|  0%| F|  |TAMS 0x000000075ce00000| PB 0x000000075ce00000| Untracked |  0
| 643|0x000000075d000000, 0x000000075d000000, 0x000000075d200000|  0%| F|  |TAMS 0x000000075d000000| PB 0x000000075d000000| Untracked |  0
| 644|0x000000075d200000, 0x000000075d200000, 0x000000075d400000|  0%| F|  |TAMS 0x000000075d200000| PB 0x000000075d200000| Untracked |  0
| 645|0x000000075d400000, 0x000000075d400000, 0x000000075d600000|  0%| F|  |TAMS 0x000000075d400000| PB 0x000000075d400000| Untracked |  0
| 646|0x000000075d600000, 0x000000075d600000, 0x000000075d800000|  0%| F|  |TAMS 0x000000075d600000| PB 0x000000075d600000| Untracked |  0
| 647|0x000000075d800000, 0x000000075d800000, 0x000000075da00000|  0%| F|  |TAMS 0x000000075d800000| PB 0x000000075d800000| Untracked |  0
| 648|0x000000075da00000, 0x000000075da00000, 0x000000075dc00000|  0%| F|  |TAMS 0x000000075da00000| PB 0x000000075da00000| Untracked |  0
| 649|0x000000075dc00000, 0x000000075dc00000, 0x000000075de00000|  0%| F|  |TAMS 0x000000075dc00000| PB 0x000000075dc00000| Untracked |  0
| 650|0x000000075de00000, 0x000000075de00000, 0x000000075e000000|  0%| F|  |TAMS 0x000000075de00000| PB 0x000000075de00000| Untracked |  0
| 651|0x000000075e000000, 0x000000075e000000, 0x000000075e200000|  0%| F|  |TAMS 0x000000075e000000| PB 0x000000075e000000| Untracked |  0
| 652|0x000000075e200000, 0x000000075e200000, 0x000000075e400000|  0%| F|  |TAMS 0x000000075e200000| PB 0x000000075e200000| Untracked |  0
| 653|0x000000075e400000, 0x000000075e400000, 0x000000075e600000|  0%| F|  |TAMS 0x000000075e400000| PB 0x000000075e400000| Untracked |  0
| 654|0x000000075e600000, 0x000000075e600000, 0x000000075e800000|  0%| F|  |TAMS 0x000000075e600000| PB 0x000000075e600000| Untracked |  0
| 655|0x000000075e800000, 0x000000075e800000, 0x000000075ea00000|  0%| F|  |TAMS 0x000000075e800000| PB 0x000000075e800000| Untracked |  0
| 656|0x000000075ea00000, 0x000000075ea00000, 0x000000075ec00000|  0%| F|  |TAMS 0x000000075ea00000| PB 0x000000075ea00000| Untracked |  0
| 657|0x000000075ec00000, 0x000000075ec00000, 0x000000075ee00000|  0%| F|  |TAMS 0x000000075ec00000| PB 0x000000075ec00000| Untracked |  0
| 658|0x000000075ee00000, 0x000000075ee00000, 0x000000075f000000|  0%| F|  |TAMS 0x000000075ee00000| PB 0x000000075ee00000| Untracked |  0
| 659|0x000000075f000000, 0x000000075f000000, 0x000000075f200000|  0%| F|  |TAMS 0x000000075f000000| PB 0x000000075f000000| Untracked |  0
| 660|0x000000075f200000, 0x000000075f200000, 0x000000075f400000|  0%| F|  |TAMS 0x000000075f200000| PB 0x000000075f200000| Untracked |  0
| 661|0x000000075f400000, 0x000000075f400000, 0x000000075f600000|  0%| F|  |TAMS 0x000000075f400000| PB 0x000000075f400000| Untracked |  0
| 662|0x000000075f600000, 0x000000075f600000, 0x000000075f800000|  0%| F|  |TAMS 0x000000075f600000| PB 0x000000075f600000| Untracked |  0
| 663|0x000000075f800000, 0x000000075f800000, 0x000000075fa00000|  0%| F|  |TAMS 0x000000075f800000| PB 0x000000075f800000| Untracked |  0
| 664|0x000000075fa00000, 0x000000075fa00000, 0x000000075fc00000|  0%| F|  |TAMS 0x000000075fa00000| PB 0x000000075fa00000| Untracked |  0
| 665|0x000000075fc00000, 0x000000075fc00000, 0x000000075fe00000|  0%| F|  |TAMS 0x000000075fc00000| PB 0x000000075fc00000| Untracked |  0
| 666|0x000000075fe00000, 0x000000075fe00000, 0x0000000760000000|  0%| F|  |TAMS 0x000000075fe00000| PB 0x000000075fe00000| Untracked |  0
| 667|0x0000000760000000, 0x0000000760000000, 0x0000000760200000|  0%| F|  |TAMS 0x0000000760000000| PB 0x0000000760000000| Untracked |  0
| 668|0x0000000760200000, 0x0000000760200000, 0x0000000760400000|  0%| F|  |TAMS 0x0000000760200000| PB 0x0000000760200000| Untracked |  0
| 669|0x0000000760400000, 0x0000000760400000, 0x0000000760600000|  0%| F|  |TAMS 0x0000000760400000| PB 0x0000000760400000| Untracked |  0
| 670|0x0000000760600000, 0x0000000760600000, 0x0000000760800000|  0%| F|  |TAMS 0x0000000760600000| PB 0x0000000760600000| Untracked |  0
| 671|0x0000000760800000, 0x0000000760800000, 0x0000000760a00000|  0%| F|  |TAMS 0x0000000760800000| PB 0x0000000760800000| Untracked |  0
| 672|0x0000000760a00000, 0x0000000760a00000, 0x0000000760c00000|  0%| F|  |TAMS 0x0000000760a00000| PB 0x0000000760a00000| Untracked |  0
| 673|0x0000000760c00000, 0x0000000760c00000, 0x0000000760e00000|  0%| F|  |TAMS 0x0000000760c00000| PB 0x0000000760c00000| Untracked |  0
| 674|0x0000000760e00000, 0x0000000760e00000, 0x0000000761000000|  0%| F|  |TAMS 0x0000000760e00000| PB 0x0000000760e00000| Untracked |  0
| 675|0x0000000761000000, 0x0000000761000000, 0x0000000761200000|  0%| F|  |TAMS 0x0000000761000000| PB 0x0000000761000000| Untracked |  0
| 676|0x0000000761200000, 0x0000000761200000, 0x0000000761400000|  0%| F|  |TAMS 0x0000000761200000| PB 0x0000000761200000| Untracked |  0
| 677|0x0000000761400000, 0x0000000761400000, 0x0000000761600000|  0%| F|  |TAMS 0x0000000761400000| PB 0x0000000761400000| Untracked |  0
| 678|0x0000000761600000, 0x0000000761600000, 0x0000000761800000|  0%| F|  |TAMS 0x0000000761600000| PB 0x0000000761600000| Untracked |  0
| 679|0x0000000761800000, 0x0000000761800000, 0x0000000761a00000|  0%| F|  |TAMS 0x0000000761800000| PB 0x0000000761800000| Untracked |  0
| 680|0x0000000761a00000, 0x0000000761a00000, 0x0000000761c00000|  0%| F|  |TAMS 0x0000000761a00000| PB 0x0000000761a00000| Untracked |  0
| 681|0x0000000761c00000, 0x0000000761c00000, 0x0000000761e00000|  0%| F|  |TAMS 0x0000000761c00000| PB 0x0000000761c00000| Untracked |  0
| 682|0x0000000761e00000, 0x0000000761e00000, 0x0000000762000000|  0%| F|  |TAMS 0x0000000761e00000| PB 0x0000000761e00000| Untracked |  0
| 683|0x0000000762000000, 0x0000000762000000, 0x0000000762200000|  0%| F|  |TAMS 0x0000000762000000| PB 0x0000000762000000| Untracked |  0
| 684|0x0000000762200000, 0x0000000762200000, 0x0000000762400000|  0%| F|  |TAMS 0x0000000762200000| PB 0x0000000762200000| Untracked |  0
| 685|0x0000000762400000, 0x0000000762400000, 0x0000000762600000|  0%| F|  |TAMS 0x0000000762400000| PB 0x0000000762400000| Untracked |  0
| 686|0x0000000762600000, 0x0000000762600000, 0x0000000762800000|  0%| F|  |TAMS 0x0000000762600000| PB 0x0000000762600000| Untracked |  0
| 687|0x0000000762800000, 0x0000000762800000, 0x0000000762a00000|  0%| F|  |TAMS 0x0000000762800000| PB 0x0000000762800000| Untracked |  0
| 688|0x0000000762a00000, 0x0000000762a00000, 0x0000000762c00000|  0%| F|  |TAMS 0x0000000762a00000| PB 0x0000000762a00000| Untracked |  0
| 689|0x0000000762c00000, 0x0000000762c00000, 0x0000000762e00000|  0%| F|  |TAMS 0x0000000762c00000| PB 0x0000000762c00000| Untracked |  0
| 690|0x0000000762e00000, 0x0000000762e00000, 0x0000000763000000|  0%| F|  |TAMS 0x0000000762e00000| PB 0x0000000762e00000| Untracked |  0
| 691|0x0000000763000000, 0x0000000763000000, 0x0000000763200000|  0%| F|  |TAMS 0x0000000763000000| PB 0x0000000763000000| Untracked |  0
| 692|0x0000000763200000, 0x0000000763200000, 0x0000000763400000|  0%| F|  |TAMS 0x0000000763200000| PB 0x0000000763200000| Untracked |  0
| 693|0x0000000763400000, 0x0000000763400000, 0x0000000763600000|  0%| F|  |TAMS 0x0000000763400000| PB 0x0000000763400000| Untracked |  0
| 694|0x0000000763600000, 0x0000000763600000, 0x0000000763800000|  0%| F|  |TAMS 0x0000000763600000| PB 0x0000000763600000| Untracked |  0
| 695|0x0000000763800000, 0x0000000763800000, 0x0000000763a00000|  0%| F|  |TAMS 0x0000000763800000| PB 0x0000000763800000| Untracked |  0
| 696|0x0000000763a00000, 0x0000000763a00000, 0x0000000763c00000|  0%| F|  |TAMS 0x0000000763a00000| PB 0x0000000763a00000| Untracked |  0
| 697|0x0000000763c00000, 0x0000000763c00000, 0x0000000763e00000|  0%| F|  |TAMS 0x0000000763c00000| PB 0x0000000763c00000| Untracked |  0
| 698|0x0000000763e00000, 0x0000000763e00000, 0x0000000764000000|  0%| F|  |TAMS 0x0000000763e00000| PB 0x0000000763e00000| Untracked |  0
| 699|0x0000000764000000, 0x0000000764000000, 0x0000000764200000|  0%| F|  |TAMS 0x0000000764000000| PB 0x0000000764000000| Untracked |  0
| 700|0x0000000764200000, 0x0000000764200000, 0x0000000764400000|  0%| F|  |TAMS 0x0000000764200000| PB 0x0000000764200000| Untracked |  0
| 701|0x0000000764400000, 0x0000000764400000, 0x0000000764600000|  0%| F|  |TAMS 0x0000000764400000| PB 0x0000000764400000| Untracked |  0
| 702|0x0000000764600000, 0x0000000764600000, 0x0000000764800000|  0%| F|  |TAMS 0x0000000764600000| PB 0x0000000764600000| Untracked |  0
| 703|0x0000000764800000, 0x0000000764800000, 0x0000000764a00000|  0%| F|  |TAMS 0x0000000764800000| PB 0x0000000764800000| Untracked |  0
| 704|0x0000000764a00000, 0x0000000764a00000, 0x0000000764c00000|  0%| F|  |TAMS 0x0000000764a00000| PB 0x0000000764a00000| Untracked |  0
| 705|0x0000000764c00000, 0x0000000764c00000, 0x0000000764e00000|  0%| F|  |TAMS 0x0000000764c00000| PB 0x0000000764c00000| Untracked |  0
| 706|0x0000000764e00000, 0x0000000764e00000, 0x0000000765000000|  0%| F|  |TAMS 0x0000000764e00000| PB 0x0000000764e00000| Untracked |  0
| 707|0x0000000765000000, 0x0000000765000000, 0x0000000765200000|  0%| F|  |TAMS 0x0000000765000000| PB 0x0000000765000000| Untracked |  0
| 708|0x0000000765200000, 0x0000000765200000, 0x0000000765400000|  0%| F|  |TAMS 0x0000000765200000| PB 0x0000000765200000| Untracked |  0
| 709|0x0000000765400000, 0x0000000765400000, 0x0000000765600000|  0%| F|  |TAMS 0x0000000765400000| PB 0x0000000765400000| Untracked |  0
| 710|0x0000000765600000, 0x0000000765600000, 0x0000000765800000|  0%| F|  |TAMS 0x0000000765600000| PB 0x0000000765600000| Untracked |  0
| 711|0x0000000765800000, 0x0000000765800000, 0x0000000765a00000|  0%| F|  |TAMS 0x0000000765800000| PB 0x0000000765800000| Untracked |  0
| 712|0x0000000765a00000, 0x0000000765a00000, 0x0000000765c00000|  0%| F|  |TAMS 0x0000000765a00000| PB 0x0000000765a00000| Untracked |  0
| 713|0x0000000765c00000, 0x0000000765c00000, 0x0000000765e00000|  0%| F|  |TAMS 0x0000000765c00000| PB 0x0000000765c00000| Untracked |  0
| 714|0x0000000765e00000, 0x0000000765e00000, 0x0000000766000000|  0%| F|  |TAMS 0x0000000765e00000| PB 0x0000000765e00000| Untracked |  0
| 715|0x0000000766000000, 0x0000000766000000, 0x0000000766200000|  0%| F|  |TAMS 0x0000000766000000| PB 0x0000000766000000| Untracked |  0
| 716|0x0000000766200000, 0x0000000766200000, 0x0000000766400000|  0%| F|  |TAMS 0x0000000766200000| PB 0x0000000766200000| Untracked |  0
| 717|0x0000000766400000, 0x0000000766400000, 0x0000000766600000|  0%| F|  |TAMS 0x0000000766400000| PB 0x0000000766400000| Untracked |  0
| 718|0x0000000766600000, 0x0000000766600000, 0x0000000766800000|  0%| F|  |TAMS 0x0000000766600000| PB 0x0000000766600000| Untracked |  0
| 719|0x0000000766800000, 0x0000000766800000, 0x0000000766a00000|  0%| F|  |TAMS 0x0000000766800000| PB 0x0000000766800000| Untracked |  0
| 720|0x0000000766a00000, 0x0000000766a00000, 0x0000000766c00000|  0%| F|  |TAMS 0x0000000766a00000| PB 0x0000000766a00000| Untracked |  0
| 721|0x0000000766c00000, 0x0000000766c00000, 0x0000000766e00000|  0%| F|  |TAMS 0x0000000766c00000| PB 0x0000000766c00000| Untracked |  0
| 722|0x0000000766e00000, 0x0000000766e00000, 0x0000000767000000|  0%| F|  |TAMS 0x0000000766e00000| PB 0x0000000766e00000| Untracked |  0
| 723|0x0000000767000000, 0x0000000767000000, 0x0000000767200000|  0%| F|  |TAMS 0x0000000767000000| PB 0x0000000767000000| Untracked |  0
| 724|0x0000000767200000, 0x0000000767200000, 0x0000000767400000|  0%| F|  |TAMS 0x0000000767200000| PB 0x0000000767200000| Untracked |  0
| 725|0x0000000767400000, 0x0000000767400000, 0x0000000767600000|  0%| F|  |TAMS 0x0000000767400000| PB 0x0000000767400000| Untracked |  0
| 726|0x0000000767600000, 0x0000000767600000, 0x0000000767800000|  0%| F|  |TAMS 0x0000000767600000| PB 0x0000000767600000| Untracked |  0
| 727|0x0000000767800000, 0x0000000767800000, 0x0000000767a00000|  0%| F|  |TAMS 0x0000000767800000| PB 0x0000000767800000| Untracked |  0
| 728|0x0000000767a00000, 0x0000000767a00000, 0x0000000767c00000|  0%| F|  |TAMS 0x0000000767a00000| PB 0x0000000767a00000| Untracked |  0
| 729|0x0000000767c00000, 0x0000000767c00000, 0x0000000767e00000|  0%| F|  |TAMS 0x0000000767c00000| PB 0x0000000767c00000| Untracked |  0
| 730|0x0000000767e00000, 0x0000000767e00000, 0x0000000768000000|  0%| F|  |TAMS 0x0000000767e00000| PB 0x0000000767e00000| Untracked |  0
| 731|0x0000000768000000, 0x0000000768000000, 0x0000000768200000|  0%| F|  |TAMS 0x0000000768000000| PB 0x0000000768000000| Untracked |  0
| 732|0x0000000768200000, 0x0000000768200000, 0x0000000768400000|  0%| F|  |TAMS 0x0000000768200000| PB 0x0000000768200000| Untracked |  0
| 733|0x0000000768400000, 0x0000000768400000, 0x0000000768600000|  0%| F|  |TAMS 0x0000000768400000| PB 0x0000000768400000| Untracked |  0
| 734|0x0000000768600000, 0x0000000768600000, 0x0000000768800000|  0%| F|  |TAMS 0x0000000768600000| PB 0x0000000768600000| Untracked |  0
| 735|0x0000000768800000, 0x0000000768800000, 0x0000000768a00000|  0%| F|  |TAMS 0x0000000768800000| PB 0x0000000768800000| Untracked |  0
| 736|0x0000000768a00000, 0x0000000768a00000, 0x0000000768c00000|  0%| F|  |TAMS 0x0000000768a00000| PB 0x0000000768a00000| Untracked |  0
| 737|0x0000000768c00000, 0x0000000768c00000, 0x0000000768e00000|  0%| F|  |TAMS 0x0000000768c00000| PB 0x0000000768c00000| Untracked |  0
| 738|0x0000000768e00000, 0x0000000768e00000, 0x0000000769000000|  0%| F|  |TAMS 0x0000000768e00000| PB 0x0000000768e00000| Untracked |  0
| 739|0x0000000769000000, 0x0000000769000000, 0x0000000769200000|  0%| F|  |TAMS 0x0000000769000000| PB 0x0000000769000000| Untracked |  0
| 740|0x0000000769200000, 0x0000000769200000, 0x0000000769400000|  0%| F|  |TAMS 0x0000000769200000| PB 0x0000000769200000| Untracked |  0
| 741|0x0000000769400000, 0x0000000769400000, 0x0000000769600000|  0%| F|  |TAMS 0x0000000769400000| PB 0x0000000769400000| Untracked |  0
| 742|0x0000000769600000, 0x0000000769600000, 0x0000000769800000|  0%| F|  |TAMS 0x0000000769600000| PB 0x0000000769600000| Untracked |  0
| 743|0x0000000769800000, 0x0000000769800000, 0x0000000769a00000|  0%| F|  |TAMS 0x0000000769800000| PB 0x0000000769800000| Untracked |  0
| 744|0x0000000769a00000, 0x0000000769a00000, 0x0000000769c00000|  0%| F|  |TAMS 0x0000000769a00000| PB 0x0000000769a00000| Untracked |  0
| 745|0x0000000769c00000, 0x0000000769c00000, 0x0000000769e00000|  0%| F|  |TAMS 0x0000000769c00000| PB 0x0000000769c00000| Untracked |  0
| 746|0x0000000769e00000, 0x0000000769e00000, 0x000000076a000000|  0%| F|  |TAMS 0x0000000769e00000| PB 0x0000000769e00000| Untracked |  0
| 747|0x000000076a000000, 0x000000076a000000, 0x000000076a200000|  0%| F|  |TAMS 0x000000076a000000| PB 0x000000076a000000| Untracked |  0
| 748|0x000000076a200000, 0x000000076a200000, 0x000000076a400000|  0%| F|  |TAMS 0x000000076a200000| PB 0x000000076a200000| Untracked |  0
| 749|0x000000076a400000, 0x000000076a400000, 0x000000076a600000|  0%| F|  |TAMS 0x000000076a400000| PB 0x000000076a400000| Untracked |  0
| 750|0x000000076a600000, 0x000000076a600000, 0x000000076a800000|  0%| F|  |TAMS 0x000000076a600000| PB 0x000000076a600000| Untracked |  0
| 751|0x000000076a800000, 0x000000076a800000, 0x000000076aa00000|  0%| F|  |TAMS 0x000000076a800000| PB 0x000000076a800000| Untracked |  0
| 752|0x000000076aa00000, 0x000000076aa060c0, 0x000000076ac00000|  1%| S|CS|TAMS 0x000000076aa00000| PB 0x000000076aa00000| Complete |  0
| 753|0x000000076ac00000, 0x000000076ac00000, 0x000000076ae00000|  0%| F|  |TAMS 0x000000076ac00000| PB 0x000000076ac00000| Untracked |  0
| 754|0x000000076ae00000, 0x000000076ae00000, 0x000000076b000000|  0%| F|  |TAMS 0x000000076ae00000| PB 0x000000076ae00000| Untracked |  0
| 755|0x000000076b000000, 0x000000076b000000, 0x000000076b200000|  0%| F|  |TAMS 0x000000076b000000| PB 0x000000076b000000| Untracked |  0
| 756|0x000000076b200000, 0x000000076b200000, 0x000000076b400000|  0%| F|  |TAMS 0x000000076b200000| PB 0x000000076b200000| Untracked |  0
| 757|0x000000076b400000, 0x000000076b400000, 0x000000076b600000|  0%| F|  |TAMS 0x000000076b400000| PB 0x000000076b400000| Untracked |  0
| 758|0x000000076b600000, 0x000000076b600000, 0x000000076b800000|  0%| F|  |TAMS 0x000000076b600000| PB 0x000000076b600000| Untracked |  0
| 759|0x000000076b800000, 0x000000076b800000, 0x000000076ba00000|  0%| F|  |TAMS 0x000000076b800000| PB 0x000000076b800000| Untracked |  0
| 760|0x000000076ba00000, 0x000000076ba00000, 0x000000076bc00000|  0%| F|  |TAMS 0x000000076ba00000| PB 0x000000076ba00000| Untracked |  0
| 761|0x000000076bc00000, 0x000000076bc00000, 0x000000076be00000|  0%| F|  |TAMS 0x000000076bc00000| PB 0x000000076bc00000| Untracked |  0
| 762|0x000000076be00000, 0x000000076be00000, 0x000000076c000000|  0%| F|  |TAMS 0x000000076be00000| PB 0x000000076be00000| Untracked |  0
| 763|0x000000076c000000, 0x000000076c000000, 0x000000076c200000|  0%| F|  |TAMS 0x000000076c000000| PB 0x000000076c000000| Untracked |  0
| 764|0x000000076c200000, 0x000000076c200000, 0x000000076c400000|  0%| F|  |TAMS 0x000000076c200000| PB 0x000000076c200000| Untracked |  0
| 765|0x000000076c400000, 0x000000076c400000, 0x000000076c600000|  0%| F|  |TAMS 0x000000076c400000| PB 0x000000076c400000| Untracked |  0
| 766|0x000000076c600000, 0x000000076c600000, 0x000000076c800000|  0%| F|  |TAMS 0x000000076c600000| PB 0x000000076c600000| Untracked |  0
| 767|0x000000076c800000, 0x000000076c800000, 0x000000076ca00000|  0%| F|  |TAMS 0x000000076c800000| PB 0x000000076c800000| Untracked |  0
| 768|0x000000076ca00000, 0x000000076ca00000, 0x000000076cc00000|  0%| F|  |TAMS 0x000000076ca00000| PB 0x000000076ca00000| Untracked |  0
| 769|0x000000076cc00000, 0x000000076cc00000, 0x000000076ce00000|  0%| F|  |TAMS 0x000000076cc00000| PB 0x000000076cc00000| Untracked |  0
| 770|0x000000076ce00000, 0x000000076ce00000, 0x000000076d000000|  0%| F|  |TAMS 0x000000076ce00000| PB 0x000000076ce00000| Untracked |  0
| 771|0x000000076d000000, 0x000000076d000000, 0x000000076d200000|  0%| F|  |TAMS 0x000000076d000000| PB 0x000000076d000000| Untracked |  0
| 772|0x000000076d200000, 0x000000076d200000, 0x000000076d400000|  0%| F|  |TAMS 0x000000076d200000| PB 0x000000076d200000| Untracked |  0
| 773|0x000000076d400000, 0x000000076d400000, 0x000000076d600000|  0%| F|  |TAMS 0x000000076d400000| PB 0x000000076d400000| Untracked |  0
| 774|0x000000076d600000, 0x000000076d600000, 0x000000076d800000|  0%| F|  |TAMS 0x000000076d600000| PB 0x000000076d600000| Untracked |  0
| 775|0x000000076d800000, 0x000000076d800000, 0x000000076da00000|  0%| F|  |TAMS 0x000000076d800000| PB 0x000000076d800000| Untracked |  0
| 776|0x000000076da00000, 0x000000076da00000, 0x000000076dc00000|  0%| F|  |TAMS 0x000000076da00000| PB 0x000000076da00000| Untracked |  0
| 777|0x000000076dc00000, 0x000000076dc00000, 0x000000076de00000|  0%| F|  |TAMS 0x000000076dc00000| PB 0x000000076dc00000| Untracked |  0
| 778|0x000000076de00000, 0x000000076de00000, 0x000000076e000000|  0%| F|  |TAMS 0x000000076de00000| PB 0x000000076de00000| Untracked |  0
| 779|0x000000076e000000, 0x000000076e000000, 0x000000076e200000|  0%| F|  |TAMS 0x000000076e000000| PB 0x000000076e000000| Untracked |  0
| 780|0x000000076e200000, 0x000000076e200000, 0x000000076e400000|  0%| F|  |TAMS 0x000000076e200000| PB 0x000000076e200000| Untracked |  0
| 781|0x000000076e400000, 0x000000076e400000, 0x000000076e600000|  0%| F|  |TAMS 0x000000076e400000| PB 0x000000076e400000| Untracked |  0
| 782|0x000000076e600000, 0x000000076e600000, 0x000000076e800000|  0%| F|  |TAMS 0x000000076e600000| PB 0x000000076e600000| Untracked |  0
| 783|0x000000076e800000, 0x000000076e800000, 0x000000076ea00000|  0%| F|  |TAMS 0x000000076e800000| PB 0x000000076e800000| Untracked |  0
| 784|0x000000076ea00000, 0x000000076ea00000, 0x000000076ec00000|  0%| F|  |TAMS 0x000000076ea00000| PB 0x000000076ea00000| Untracked |  0
| 785|0x000000076ec00000, 0x000000076ec00000, 0x000000076ee00000|  0%| F|  |TAMS 0x000000076ec00000| PB 0x000000076ec00000| Untracked |  0
| 786|0x000000076ee00000, 0x000000076ee00000, 0x000000076f000000|  0%| F|  |TAMS 0x000000076ee00000| PB 0x000000076ee00000| Untracked |  0
| 787|0x000000076f000000, 0x000000076f000000, 0x000000076f200000|  0%| F|  |TAMS 0x000000076f000000| PB 0x000000076f000000| Untracked |  0
| 788|0x000000076f200000, 0x000000076f200000, 0x000000076f400000|  0%| F|  |TAMS 0x000000076f200000| PB 0x000000076f200000| Untracked |  0
| 789|0x000000076f400000, 0x000000076f400000, 0x000000076f600000|  0%| F|  |TAMS 0x000000076f400000| PB 0x000000076f400000| Untracked |  0
| 790|0x000000076f600000, 0x000000076f600000, 0x000000076f800000|  0%| F|  |TAMS 0x000000076f600000| PB 0x000000076f600000| Untracked |  0

Card table byte_map: [0x000002068f8b0000,0x0000020690050000] _byte_map_base: 0x000002068c04b000

Marking Bits: (CMBitMap*) 0x00000206fc1752b0
 Bits: [0x0000020690050000, 0x0000020693d28000)

Polling page: 0x00000206fa170000

Metaspace:
Metaspace        used 41433K, committed 41984K, reserved 1114112K
 class space     used 4911K, committed 5120K, reserved 1048576K

Usage:
  Non-class:     35.67 MB used.
      Class:      4.80 MB used.
       Both:     40.46 MB used.

Virtual space:
  Non-class space:       64.00 MB reserved,      36.00 MB ( 56%) committed,  1 nodes.
      Class space:        1.00 GB reserved,       5.00 MB ( <1%) committed,  1 nodes.
             Both:        1.06 GB reserved,      41.00 MB (  4%) committed. 

Chunk freelists:
   Non-Class:  12.05 MB
       Class:  11.00 MB
        Both:  23.05 MB

MaxMetaspaceSize: unlimited
CompressedClassSpaceSize: 1.00 GB
Initial GC threshold: 21.00 MB
Current GC threshold: 55.25 MB
CDS: off
 - commit_granule_bytes: 65536.
 - commit_granule_words: 8192.
 - virtual_space_node_default_size: 8388608.
 - enlarge_chunks_in_place: 1.
UseCompressedClassPointers 1, UseCompactObjectHeaders 0
Narrow klass pointer bits 32, Max shift 3
Narrow klass base: 0x0000000000000000, Narrow klass shift: 0
Encoding Range: [0x0000000000000000 - 0x0000000100000000), (4294967296 bytes)
Klass Range:    [0x0000000038000000 - 0x0000000078000000), (1073741824 bytes)
Klass ID Range:  [939524096 - 2013265913) (1073741817)
No protection zone.


Internal statistics:

num_allocs_failed_limit: 3.
num_arena_births: 762.
num_arena_deaths: 0.
num_vsnodes_births: 2.
num_vsnodes_deaths: 0.
num_space_committed: 656.
num_space_uncommitted: 0.
num_chunks_returned_to_freelist: 3.
num_chunks_taken_from_freelist: 1425.
num_chunk_merges: 3.
num_chunk_splits: 932.
num_chunks_enlarged: 607.
num_inconsistent_stats: 0.

CodeHeap 'non-profiled nmethods': size=119232Kb used=2857Kb max_used=2857Kb free=116374Kb
 bounds [0x0000020687b90000, 0x0000020687e60000, 0x000002068f000000]
CodeHeap 'profiled nmethods': size=119104Kb used=9477Kb max_used=9477Kb free=109626Kb
 bounds [0x0000020680000000, 0x0000020680950000, 0x0000020687450000]
CodeHeap 'non-nmethods': size=7424Kb used=1847Kb max_used=3652Kb free=5576Kb
 bounds [0x0000020687450000, 0x0000020687800000, 0x0000020687b90000]
CodeCache: size=245760Kb, used=14181Kb, max_used=15986Kb, free=231576Kb
 total_blobs=7175, nmethods=6208, adapters=857, full_count=0
Compilation: enabled, stopped_count=0, restarted_count=0

Compilation events (20 events):
Event: 224.079 Thread 0x000002069b03dc40 6326       4       com.sun.java.swing.plaf.windows.WindowsGraphicsUtils::paintXPText (28 bytes)
Event: 224.103 Thread 0x000002069b03dc40 nmethod 6326 0x0000020687e4ef88 code [0x0000020687e4f080, 0x0000020687e514b8]
Event: 224.103 Thread 0x000002069b03dc40 6327       4       com.sun.java.swing.plaf.windows.WindowsGraphicsUtils::paintXPText (237 bytes)
Event: 224.123 Thread 0x000002069b03dc40 nmethod 6327 0x0000020687e51588 code [0x0000020687e51680, 0x0000020687e539d8]
Event: 224.123 Thread 0x000002069b03dc40 6330       4       javax.swing.AbstractButton::paintBorder (13 bytes)
Event: 224.124 Thread 0x000002069b03dc40 nmethod 6330 0x0000020687e53a88 code [0x0000020687e53b80, 0x0000020687e53c70]
Event: 224.124 Thread 0x000002069b03dc40 6328       4       com.sun.java.swing.plaf.windows.XPStyle::getColor (19 bytes)
Event: 224.124 Thread 0x000002069b03dc40 nmethod 6328 0x0000020687e53d88 code [0x0000020687e53e80, 0x0000020687e53ff0]
Event: 224.124 Thread 0x000002069b03dc40 6329       4       com.sun.java.swing.plaf.windows.XPStyle::getTypeEnum (32 bytes)
Event: 224.134 Thread 0x000002069b03dc40 nmethod 6329 0x0000020687e54088 code [0x0000020687e54180, 0x0000020687e550b0]
Event: 234.722 Thread 0x000002069b03dc40 6331   !   4       java.util.concurrent.locks.AbstractQueuedSynchronizer::acquire (448 bytes)
Event: 234.728 Thread 0x000002069b03dc40 nmethod 6331 0x0000020687e55108 code [0x0000020687e55200, 0x0000020687e56328]
Event: 248.528 Thread 0x000002069643bb60 6332       3       javax.swing.Timer::post (27 bytes)
Event: 248.528 Thread 0x000002069b03dc40 6333       4       javax.swing.SwingUtilities::invokeLater (5 bytes)
Event: 248.528 Thread 0x000002069643bb60 nmethod 6332 0x0000020680940908 code [0x0000020680940a00, 0x0000020680941418]
Event: 248.533 Thread 0x000002069b03dc40 nmethod 6333 0x0000020687e56388 code [0x0000020687e56480, 0x0000020687e57968]
Event: 263.764 Thread 0x000002069b03dc40 6334       4       java.awt.Component::isDisplayable (13 bytes)
Event: 263.764 Thread 0x000002069b03dc40 nmethod 6334 0x0000020687e57988 code [0x0000020687e57a80, 0x0000020687e57b00]
Event: 264.201 Thread 0x000002069b03dc40 6335   !   4       javax.swing.RepaintManager::addDirtyRegion0 (205 bytes)
Event: 264.218 Thread 0x000002069b03dc40 nmethod 6335 0x0000020687e57c88 code [0x0000020687e57d80, 0x0000020687e5a548]

GC Heap Usage History (20 events):
Event: 272.304 {heap After GC invocations=3561 (full 0):
 garbage-first heap   total reserved 3987456K, committed 729088K, used 18597K [0x000000070ca00000, 0x0000000800000000)
  region size 2048K, 1 young (2048K), 1 survivors (2048K)
}
Event: 272.379 {heap Before GC invocations=3561 (full 0):
 garbage-first heap   total reserved 3987456K, committed 729088K, used 452773K [0x000000070ca00000, 0x0000000800000000)
  region size 2048K, 213 young (436224K), 1 survivors (2048K)
}
Event: 272.380 {heap After GC invocations=3562 (full 0):
 garbage-first heap   total reserved 3987456K, committed 729088K, used 18599K [0x000000070ca00000, 0x0000000800000000)
  region size 2048K, 1 young (2048K), 1 survivors (2048K)
}
Event: 272.453 {heap Before GC invocations=3562 (full 0):
 garbage-first heap   total reserved 3987456K, committed 729088K, used 452775K [0x000000070ca00000, 0x0000000800000000)
  region size 2048K, 213 young (436224K), 1 survivors (2048K)
}
Event: 272.454 {heap After GC invocations=3563 (full 0):
 garbage-first heap   total reserved 3987456K, committed 729088K, used 18599K [0x000000070ca00000, 0x0000000800000000)
  region size 2048K, 1 young (2048K), 1 survivors (2048K)
}
Event: 272.530 {heap Before GC invocations=3563 (full 0):
 garbage-first heap   total reserved 3987456K, committed 729088K, used 452775K [0x000000070ca00000, 0x0000000800000000)
  region size 2048K, 213 young (436224K), 1 survivors (2048K)
}
Event: 272.531 {heap After GC invocations=3564 (full 0):
 garbage-first heap   total reserved 3987456K, committed 729088K, used 18595K [0x000000070ca00000, 0x0000000800000000)
  region size 2048K, 1 young (2048K), 1 survivors (2048K)
}
Event: 272.606 {heap Before GC invocations=3564 (full 0):
 garbage-first heap   total reserved 3987456K, committed 729088K, used 452771K [0x000000070ca00000, 0x0000000800000000)
  region size 2048K, 213 young (436224K), 1 survivors (2048K)
}
Event: 273.096 {heap After GC invocations=3565 (full 0):
 garbage-first heap   total reserved 3987456K, committed 1619968K, used 18591K [0x000000070ca00000, 0x0000000800000000)
  region size 2048K, 1 young (2048K), 1 survivors (2048K)
}
Event: 274.226 {heap Before GC invocations=3565 (full 0):
 garbage-first heap   total reserved 3987456K, committed 1619968K, used 96415K [0x000000070ca00000, 0x0000000800000000)
  region size 2048K, 39 young (79872K), 1 survivors (2048K)
}
Event: 274.298 {heap After GC invocations=3566 (full 0):
 garbage-first heap   total reserved 3987456K, committed 1619968K, used 18595K [0x000000070ca00000, 0x0000000800000000)
  region size 2048K, 1 young (2048K), 1 survivors (2048K)
}
Event: 274.312 {heap Before GC invocations=3566 (full 0):
 garbage-first heap   total reserved 3987456K, committed 1619968K, used 96419K [0x000000070ca00000, 0x0000000800000000)
  region size 2048K, 39 young (79872K), 1 survivors (2048K)
}
Event: 274.347 {heap After GC invocations=3567 (full 0):
 garbage-first heap   total reserved 3987456K, committed 1619968K, used 18601K [0x000000070ca00000, 0x0000000800000000)
  region size 2048K, 1 young (2048K), 1 survivors (2048K)
}
Event: 281.477 {heap Before GC invocations=3567 (full 0):
 garbage-first heap   total reserved 3987456K, committed 1619968K, used 602281K [0x000000070ca00000, 0x0000000800000000)
  region size 2048K, 286 young (585728K), 1 survivors (2048K)
}
Event: 284.341 {heap After GC invocations=3568 (full 0):
 garbage-first heap   total reserved 3987456K, committed 1619968K, used 18595K [0x000000070ca00000, 0x0000000800000000)
  region size 2048K, 1 young (2048K), 1 survivors (2048K)
}
Event: 284.511 {heap Before GC invocations=3568 (full 0):
 garbage-first heap   total reserved 3987456K, committed 1619968K, used 96419K [0x000000070ca00000, 0x0000000800000000)
  region size 2048K, 39 young (79872K), 1 survivors (2048K)
}
Event: 284.512 {heap After GC invocations=3569 (full 0):
 garbage-first heap   total reserved 3987456K, committed 1619968K, used 18579K [0x000000070ca00000, 0x0000000800000000)
  region size 2048K, 1 young (2048K), 1 survivors (2048K)
}
Event: 284.524 {heap Before GC invocations=3569 (full 0):
 garbage-first heap   total reserved 3987456K, committed 1619968K, used 96403K [0x000000070ca00000, 0x0000000800000000)
  region size 2048K, 39 young (79872K), 1 survivors (2048K)
}
Event: 284.548 {heap After GC invocations=3570 (full 0):
 garbage-first heap   total reserved 3987456K, committed 1619968K, used 18597K [0x000000070ca00000, 0x0000000800000000)
  region size 2048K, 1 young (2048K), 1 survivors (2048K)
}
Event: 284.563 {heap Before GC invocations=3570 (full 0):
 garbage-first heap   total reserved 3987456K, committed 1619968K, used 96421K [0x000000070ca00000, 0x0000000800000000)
  region size 2048K, 39 young (79872K), 1 survivors (2048K)
}

Metaspace Usage History (20 events):
Event: 272.304 {metaspace After GC invocations=3561 (full 0):
 Metaspace       used 41433K, committed 41984K, reserved 1114112K
  class space    used 4911K, committed 5120K, reserved 1048576K
}
Event: 272.379 {metaspace Before GC invocations=3561 (full 0):
 Metaspace       used 41433K, committed 41984K, reserved 1114112K
  class space    used 4911K, committed 5120K, reserved 1048576K
}
Event: 272.380 {metaspace After GC invocations=3562 (full 0):
 Metaspace       used 41433K, committed 41984K, reserved 1114112K
  class space    used 4911K, committed 5120K, reserved 1048576K
}
Event: 272.453 {metaspace Before GC invocations=3562 (full 0):
 Metaspace       used 41433K, committed 41984K, reserved 1114112K
  class space    used 4911K, committed 5120K, reserved 1048576K
}
Event: 272.454 {metaspace After GC invocations=3563 (full 0):
 Metaspace       used 41433K, committed 41984K, reserved 1114112K
  class space    used 4911K, committed 5120K, reserved 1048576K
}
Event: 272.530 {metaspace Before GC invocations=3563 (full 0):
 Metaspace       used 41433K, committed 41984K, reserved 1114112K
  class space    used 4911K, committed 5120K, reserved 1048576K
}
Event: 272.531 {metaspace After GC invocations=3564 (full 0):
 Metaspace       used 41433K, committed 41984K, reserved 1114112K
  class space    used 4911K, committed 5120K, reserved 1048576K
}
Event: 272.606 {metaspace Before GC invocations=3564 (full 0):
 Metaspace       used 41433K, committed 41984K, reserved 1114112K
  class space    used 4911K, committed 5120K, reserved 1048576K
}
Event: 273.096 {metaspace After GC invocations=3565 (full 0):
 Metaspace       used 41433K, committed 41984K, reserved 1114112K
  class space    used 4911K, committed 5120K, reserved 1048576K
}
Event: 274.226 {metaspace Before GC invocations=3565 (full 0):
 Metaspace       used 41433K, committed 41984K, reserved 1114112K
  class space    used 4911K, committed 5120K, reserved 1048576K
}
Event: 274.298 {metaspace After GC invocations=3566 (full 0):
 Metaspace       used 41433K, committed 41984K, reserved 1114112K
  class space    used 4911K, committed 5120K, reserved 1048576K
}
Event: 274.312 {metaspace Before GC invocations=3566 (full 0):
 Metaspace       used 41433K, committed 41984K, reserved 1114112K
  class space    used 4911K, committed 5120K, reserved 1048576K
}
Event: 274.347 {metaspace After GC invocations=3567 (full 0):
 Metaspace       used 41433K, committed 41984K, reserved 1114112K
  class space    used 4911K, committed 5120K, reserved 1048576K
}
Event: 281.691 {metaspace Before GC invocations=3567 (full 0):
 Metaspace       used 41433K, committed 41984K, reserved 1114112K
  class space    used 4911K, committed 5120K, reserved 1048576K
}
Event: 284.341 {metaspace After GC invocations=3568 (full 0):
 Metaspace       used 41433K, committed 41984K, reserved 1114112K
  class space    used 4911K, committed 5120K, reserved 1048576K
}
Event: 284.511 {metaspace Before GC invocations=3568 (full 0):
 Metaspace       used 41433K, committed 41984K, reserved 1114112K
  class space    used 4911K, committed 5120K, reserved 1048576K
}
Event: 284.512 {metaspace After GC invocations=3569 (full 0):
 Metaspace       used 41433K, committed 41984K, reserved 1114112K
  class space    used 4911K, committed 5120K, reserved 1048576K
}
Event: 284.524 {metaspace Before GC invocations=3569 (full 0):
 Metaspace       used 41433K, committed 41984K, reserved 1114112K
  class space    used 4911K, committed 5120K, reserved 1048576K
}
Event: 284.548 {metaspace After GC invocations=3570 (full 0):
 Metaspace       used 41433K, committed 41984K, reserved 1114112K
  class space    used 4911K, committed 5120K, reserved 1048576K
}
Event: 284.563 {metaspace Before GC invocations=3570 (full 0):
 Metaspace       used 41433K, committed 41984K, reserved 1114112K
  class space    used 4911K, committed 5120K, reserved 1048576K
}

Dll operation events (11 events):
Event: 0.006 Loaded shared library C:\Users\Darsh Gupta\AppData\Local\freerouting\runtime\bin\java.dll
Event: 0.050 Loaded shared library C:\Users\Darsh Gupta\AppData\Local\freerouting\runtime\bin\net.dll
Event: 0.051 Loaded shared library C:\Users\Darsh Gupta\AppData\Local\freerouting\runtime\bin\nio.dll
Event: 0.079 Loaded shared library C:\Users\Darsh Gupta\AppData\Local\freerouting\runtime\bin\zip.dll
Event: 0.114 Loaded shared library C:\Users\Darsh Gupta\AppData\Local\freerouting\runtime\bin\jimage.dll
Event: 0.448 Loaded shared library C:\Users\Darsh Gupta\AppData\Local\freerouting\runtime\bin\awt.dll
Event: 0.835 Loaded shared library C:\Users\Darsh Gupta\AppData\Local\freerouting\runtime\bin\sunmscapi.dll
Event: 1.731 Loaded shared library C:\Users\Darsh Gupta\AppData\Local\freerouting\runtime\bin\freetype.dll
Event: 1.731 Loaded shared library C:\Users\Darsh Gupta\AppData\Local\freerouting\runtime\bin\fontmanager.dll
Event: 2.855 Loaded shared library C:\Windows\System32\ucrtbase.dll
Event: 2.860 Loaded shared library C:\Users\Darsh Gupta\AppData\Local\freerouting\runtime\bin\syslookup.dll

Deoptimization events (20 events):
Event: 189.686 Thread 0x00000206b735b260 Uncommon trap: trap_request=0xffffff45 fr.pc=0x0000020687dcc760 relative=0x0000000000000160
Event: 189.686 Thread 0x00000206b735b260 Uncommon trap: reason=unstable_if action=reinterpret pc=0x0000020687dcc760 method=java.util.LinkedList.unlink(Ljava/util/LinkedList$Node;)Ljava/lang/Object; @ 18 c2
Event: 189.686 Thread 0x00000206b735b260 DEOPT PACKING pc=0x0000020687dcc760 sp=0x0000009355cfed80
Event: 189.686 Thread 0x00000206b735b260 DEOPT UNPACKING pc=0x000002068756cd82 sp=0x0000009355cfed18 mode 2
Event: 190.814 Thread 0x00000206b7360850 Uncommon trap: trap_request=0xffffff45 fr.pc=0x0000020687dcb23c relative=0x00000000000006bc
Event: 190.814 Thread 0x00000206b7360850 Uncommon trap: reason=unstable_if action=reinterpret pc=0x0000020687dcb23c method=java.util.concurrent.locks.ReentrantLock$NonfairSync.tryAcquire(I)Z @ 13 c2
Event: 190.814 Thread 0x00000206b7360850 DEOPT PACKING pc=0x0000020687dcb23c sp=0x0000009355fff610
Event: 190.814 Thread 0x00000206b7360850 DEOPT UNPACKING pc=0x000002068756cd82 sp=0x0000009355fff4f0 mode 2
Event: 195.219 Thread 0x00000206b7360850 Uncommon trap: trap_request=0xffffff45 fr.pc=0x0000020687db66b8 relative=0x00000000000000b8
Event: 195.219 Thread 0x00000206b7360850 Uncommon trap: reason=unstable_if action=reinterpret pc=0x0000020687db66b8 method=java.util.concurrent.locks.ReentrantLock$NonfairSync.tryAcquire(I)Z @ 13 c2
Event: 195.219 Thread 0x00000206b7360850 DEOPT PACKING pc=0x0000020687db66b8 sp=0x0000009355fff650
Event: 195.219 Thread 0x00000206b7360850 DEOPT UNPACKING pc=0x000002068756cd82 sp=0x0000009355fff5d0 mode 2
Event: 244.202 Thread 0x00000206b7a8d6a0 Uncommon trap: trap_request=0xffffff45 fr.pc=0x0000020687e32534 relative=0x0000000000000bb4
Event: 244.202 Thread 0x00000206b7a8d6a0 Uncommon trap: reason=unstable_if action=reinterpret pc=0x0000020687e32534 method=javax.swing.Timer.post()V @ 9 c2
Event: 244.202 Thread 0x00000206b7a8d6a0 DEOPT PACKING pc=0x0000020687e32534 sp=0x00000093561ff730
Event: 244.202 Thread 0x00000206b7a8d6a0 DEOPT UNPACKING pc=0x000002068756cd82 sp=0x00000093561ff710 mode 2
Event: 259.134 Thread 0x00000206b735b260 Uncommon trap: trap_request=0xffffff4c fr.pc=0x0000020687de41fc relative=0x000000000000167c
Event: 259.134 Thread 0x00000206b735b260 Uncommon trap: reason=speculate_null_assert action=make_not_entrant pc=0x0000020687de41fc method=javax.swing.RepaintManager.extendDirtyRegion(Ljava/awt/Component;IIII)Z @ 17 c2
Event: 259.134 Thread 0x00000206b735b260 DEOPT PACKING pc=0x0000020687de41fc sp=0x0000009355cfeed0
Event: 259.134 Thread 0x00000206b735b260 DEOPT UNPACKING pc=0x000002068756cd82 sp=0x0000009355cfee18 mode 2

Classes loaded (20 events):
Event: 31.376 Loading class java/util/concurrent/FutureTask$WaitNode
Event: 31.376 Loading class java/util/concurrent/FutureTask$WaitNode done
Event: 31.376 Loading class java/util/concurrent/Executors$RunnableAdapter
Event: 31.376 Loading class java/util/concurrent/Callable
Event: 31.377 Loading class java/util/concurrent/Callable done
Event: 31.377 Loading class java/util/concurrent/Executors$RunnableAdapter done
Event: 41.373 Loading class sun/security/ssl/Alert
Event: 41.373 Loading class sun/security/ssl/Alert done
Event: 41.373 Loading class sun/security/ssl/Alert$AlertConsumer
Event: 41.374 Loading class sun/security/ssl/Alert$AlertConsumer done
Event: 41.374 Loading class sun/security/ssl/Alert$Level
Event: 41.374 Loading class sun/security/ssl/Alert$Level done
Event: 41.377 Loading class java/net/SocketTimeoutException
Event: 41.377 Loading class java/io/InterruptedIOException
Event: 41.377 Loading class java/io/InterruptedIOException done
Event: 41.377 Loading class java/net/SocketTimeoutException done
Event: 64.416 Loading class java/awt/image/BufferedImageOp
Event: 64.417 Loading class java/awt/image/BufferedImageOp done
Event: 180.013 Loading class java/util/concurrent/locks/AbstractQueuedLongSynchronizer$Node
Event: 180.013 Loading class java/util/concurrent/locks/AbstractQueuedLongSynchronizer$Node done

Classes unloaded (0 events):
No events

Classes redefined (0 events):
No events

Internal exceptions (20 events):
Event: 2.948 Thread 0x00000206f9e47cb0 Exception <a 'java/lang/NoSuchMethodError'{0x000000072ac10bf0}: 'int java.lang.invoke.DelegatingMethodHandle$Holder.delegate(java.lang.Object, java.lang.Object, int, long)'> (0x000000072ac10bf0) 
thrown [s\src\hotspot\share\interpreter\linkResolver.cpp, line 804]
Event: 2.949 Thread 0x00000206f9e47cb0 Exception <a 'java/lang/NoSuchMethodError'{0x000000072ad22a30}: 'long java.lang.invoke.DirectMethodHandle$Holder.invokeSpecial(java.lang.Object, java.lang.Object, long, long)'> (0x000000072ad22a30) 
thrown [s\src\hotspot\share\interpreter\linkResolver.cpp, line 804]
Event: 2.957 Thread 0x00000206f9e47cb0 Exception <a 'java/lang/NoSuchMethodError'{0x000000072aa5b6f8}: 'void java.lang.invoke.DirectMethodHandle$Holder.invokeSpecial(java.lang.Object, java.lang.Object, float, java.lang.Object, java.lang.Object, java.lang.Object, int, int, int, int, int, float, float, int, int, java.lang.Object, java.lang.Object)'> (0x000000072aa5b6f8) 
thrown [s\src\hotspot\share\interpreter\linkResolver.cpp, line 804]
Event: 3.038 Thread 0x00000206f9e47cb0 Exception <a 'java/lang/NoSuchMethodError'{0x000000072a71ffd8}: 'int java.lang.invoke.DirectMethodHandle$Holder.invokeSpecial(java.lang.Object, java.lang.Object, int, java.lang.Object)'> (0x000000072a71ffd8) 
thrown [s\src\hotspot\share\interpreter\linkResolver.cpp, line 804]
Event: 3.119 Thread 0x00000206f9e47cb0 Exception <a 'java/lang/NoSuchMethodError'{0x000000072a40dd38}: 'java.lang.Object java.lang.invoke.Invokers$Holder.invokeExact_MT(java.lang.Object, long, java.lang.Object)'> (0x000000072a40dd38) 
thrown [s\src\hotspot\share\interpreter\linkResolver.cpp, line 804]
Event: 3.125 Thread 0x00000206f9e47cb0 Exception <a 'java/lang/NoSuchMethodError'{0x0000000729d06a40}: 'void java.lang.invoke.DelegatingMethodHandle$Holder.reinvoke_L(java.lang.Object, java.lang.Object, java.lang.Object, long, long)'> (0x0000000729d06a40) 
thrown [s\src\hotspot\share\interpreter\linkResolver.cpp, line 804]
Event: 3.127 Thread 0x00000206f9e47cb0 Exception <a 'java/lang/NoSuchMethodError'{0x000000072980eea0}: 'int java.lang.invoke.Invokers$Holder.invokeExact_MT(java.lang.Object, java.lang.Object, java.lang.Object, int, java.lang.Object, java.lang.Object)'> (0x000000072980eea0) 
thrown [s\src\hotspot\share\interpreter\linkResolver.cpp, line 804]
Event: 3.129 Thread 0x00000206f9e47cb0 Exception <a 'java/lang/NoSuchMethodError'{0x0000000729517f50}: 'int java.lang.invoke.DelegatingMethodHandle$Holder.reinvoke_L(java.lang.Object, java.lang.Object, java.lang.Object, long)'> (0x0000000729517f50) 
thrown [s\src\hotspot\share\interpreter\linkResolver.cpp, line 804]
Event: 3.130 Thread 0x00000206f9e47cb0 Exception <a 'java/lang/NoSuchMethodError'{0x00000007292055e0}: 'java.lang.Object java.lang.invoke.DirectMethodHandle$Holder.invokeStatic(java.lang.Object, java.lang.Object, java.lang.Object, java.lang.Object, java.lang.Object, long)'> (0x00000007292055e0) 
thrown [s\src\hotspot\share\interpreter\linkResolver.cpp, line 804]
Event: 3.487 Thread 0x00000206f9e47cb0 Exception <a 'java/lang/NoSuchMethodError'{0x000000071ea107e8}: 'java.lang.Object java.lang.invoke.DelegatingMethodHandle$Holder.reinvoke_L(java.lang.Object, java.lang.Object, int, int, java.lang.Object, java.lang.Object, int, int, java.lang.Object, java.lang.Object, int)'> (0x000000071ea107e8) 
thrown [s\src\hotspot\share\interpreter\linkResolver.cpp, line 804]
Event: 3.488 Thread 0x00000206f9e47cb0 Exception <a 'java/lang/NoSuchMethodError'{0x000000071ea43eb0}: 'java.lang.Object java.lang.invoke.DelegatingMethodHandle$Holder.reinvoke_L(java.lang.Object, java.lang.Object, int, int, int, java.lang.Object, java.lang.Object, int)'> (0x000000071ea43eb0) 
thrown [s\src\hotspot\share\interpreter\linkResolver.cpp, line 804]
Event: 3.489 Thread 0x00000206f9e47cb0 Exception <a 'java/lang/NoSuchMethodError'{0x000000071e321020}: 'java.lang.Object java.lang.invoke.DirectMethodHandle$Holder.invokeSpecial(java.lang.Object, java.lang.Object, int, int, java.lang.Object, java.lang.Object)'> (0x000000071e321020) 
thrown [s\src\hotspot\share\interpreter\linkResolver.cpp, line 804]
Event: 3.489 Thread 0x00000206f9e47cb0 Exception <a 'java/lang/NoSuchMethodError'{0x000000071e329888}: 'java.lang.Object java.lang.invoke.DirectMethodHandle$Holder.invokeSpecial(java.lang.Object, java.lang.Object, java.lang.Object, int, int, java.lang.Object, java.lang.Object)'> (0x000000071e329888) 
thrown [s\src\hotspot\share\interpreter\linkResolver.cpp, line 804]
Event: 3.489 Thread 0x00000206f9e47cb0 Exception <a 'java/lang/NoSuchMethodError'{0x000000071e331b80}: 'java.lang.Object java.lang.invoke.DelegatingMethodHandle$Holder.reinvoke_L(java.lang.Object, java.lang.Object, int, int, java.lang.Object, java.lang.Object)'> (0x000000071e331b80) 
thrown [s\src\hotspot\share\interpreter\linkResolver.cpp, line 804]
Event: 3.490 Thread 0x00000206f9e47cb0 Exception <a 'java/lang/NoSuchMethodError'{0x000000071db1a748}: 'java.lang.Object java.lang.invoke.DelegatingMethodHandle$Holder.reinvoke_L(java.lang.Object, java.lang.Object, int, java.lang.Object, java.lang.Object, int)'> (0x000000071db1a748) 
thrown [s\src\hotspot\share\interpreter\linkResolver.cpp, line 804]
Event: 3.491 Thread 0x00000206f9e47cb0 Exception <a 'java/lang/NoSuchMethodError'{0x000000071d307da0}: 'java.lang.Object java.lang.invoke.DelegatingMethodHandle$Holder.reinvoke_L(java.lang.Object, java.lang.Object, int, java.lang.Object, java.lang.Object, java.lang.Object)'> (0x000000071d307da0) 
thrown [s\src\hotspot\share\interpreter\linkResolver.cpp, line 804]
Event: 3.491 Thread 0x00000206f9e47cb0 Exception <a 'java/lang/NoSuchMethodError'{0x000000071d318420}: 'java.lang.Object java.lang.invoke.Invokers$Holder.linkToTargetMethod(int, java.lang.Object, java.lang.Object, java.lang.Object, java.lang.Object)'> (0x000000071d318420) 
thrown [s\src\hotspot\share\interpreter\linkResolver.cpp, line 804]
Event: 3.492 Thread 0x00000206f9e47cb0 Exception <a 'java/lang/NoSuchMethodError'{0x000000071d342218}: 'java.lang.Object java.lang.invoke.DelegatingMethodHandle$Holder.reinvoke_L(java.lang.Object, java.lang.Object, int, int, int, java.lang.Object, java.lang.Object)'> (0x000000071d342218) 
thrown [s\src\hotspot\share\interpreter\linkResolver.cpp, line 804]
Event: 3.647 Thread 0x00000206f9e47cb0 StackOverflowError at 0x00000206806cb220
Event: 3.647 Thread 0x00000206f9e47cb0 Exception <a 'java/lang/StackOverflowError'{0x00000007244979b0}> (0x00000007244979b0) 
thrown [s\src\hotspot\share\runtime\sharedRuntime.cpp, line 681]

VM Operations (20 events):
Event: 272.304 Executing safepoint VM operation: G1CollectForAllocation (G1 Evacuation Pause) done
Event: 272.379 Executing safepoint VM operation: G1CollectForAllocation (G1 Evacuation Pause)
Event: 272.380 Executing safepoint VM operation: G1CollectForAllocation (G1 Evacuation Pause) done
Event: 272.453 Executing safepoint VM operation: G1CollectForAllocation (G1 Evacuation Pause)
Event: 272.454 Executing safepoint VM operation: G1CollectForAllocation (G1 Evacuation Pause) done
Event: 272.530 Executing safepoint VM operation: G1CollectForAllocation (G1 Evacuation Pause)
Event: 272.531 Executing safepoint VM operation: G1CollectForAllocation (G1 Evacuation Pause) done
Event: 272.606 Executing safepoint VM operation: G1CollectForAllocation (G1 Evacuation Pause)
Event: 273.096 Executing safepoint VM operation: G1CollectForAllocation (G1 Evacuation Pause) done
Event: 274.226 Executing safepoint VM operation: G1CollectForAllocation (G1 Evacuation Pause)
Event: 274.298 Executing safepoint VM operation: G1CollectForAllocation (G1 Evacuation Pause) done
Event: 274.312 Executing safepoint VM operation: G1CollectForAllocation (G1 Evacuation Pause)
Event: 274.347 Executing safepoint VM operation: G1CollectForAllocation (G1 Evacuation Pause) done
Event: 279.889 Executing safepoint VM operation: G1CollectForAllocation (G1 Evacuation Pause)
Event: 284.477 Executing safepoint VM operation: G1CollectForAllocation (G1 Evacuation Pause) done
Event: 284.511 Executing safepoint VM operation: G1CollectForAllocation (G1 Evacuation Pause)
Event: 284.512 Executing safepoint VM operation: G1CollectForAllocation (G1 Evacuation Pause) done
Event: 284.524 Executing safepoint VM operation: G1CollectForAllocation (G1 Evacuation Pause)
Event: 284.548 Executing safepoint VM operation: G1CollectForAllocation (G1 Evacuation Pause) done
Event: 284.563 Executing safepoint VM operation: G1CollectForAllocation (G1 Evacuation Pause)

Memory protections (0 events):
No events

Nmethod flushes (20 events):
Event: 2.239 Thread 0x00000206963f7520 flushing  nmethod 0x0000020680018f08
Event: 2.239 Thread 0x00000206963f7520 flushing  nmethod 0x0000020680019a88
Event: 2.239 Thread 0x00000206963f7520 flushing  nmethod 0x000002068001a588
Event: 2.239 Thread 0x00000206963f7520 flushing  nmethod 0x000002068001aa08
Event: 2.239 Thread 0x00000206963f7520 flushing  nmethod 0x000002068001b808
Event: 2.239 Thread 0x00000206963f7520 flushing  nmethod 0x000002068001c288
Event: 2.239 Thread 0x00000206963f7520 flushing  nmethod 0x000002068001c588
Event: 2.239 Thread 0x00000206963f7520 flushing  nmethod 0x000002068001ca88
Event: 2.239 Thread 0x00000206963f7520 flushing  nmethod 0x000002068001d288
Event: 2.239 Thread 0x00000206963f7520 flushing  nmethod 0x000002068001d908
Event: 2.239 Thread 0x00000206963f7520 flushing  nmethod 0x000002068001e088
Event: 2.239 Thread 0x00000206963f7520 flushing  nmethod 0x000002068001e388
Event: 2.239 Thread 0x00000206963f7520 flushing  nmethod 0x0000020680031788
Event: 2.239 Thread 0x00000206963f7520 flushing  nmethod 0x0000020680031a88
Event: 2.239 Thread 0x00000206963f7520 flushing  nmethod 0x0000020680032588
Event: 2.239 Thread 0x00000206963f7520 flushing  nmethod 0x0000020680033588
Event: 2.239 Thread 0x00000206963f7520 flushing  nmethod 0x0000020680033d88
Event: 2.239 Thread 0x00000206963f7520 flushing  nmethod 0x0000020680034188
Event: 2.239 Thread 0x00000206963f7520 flushing  nmethod 0x0000020680034988
Event: 2.239 Thread 0x00000206963f7520 flushing  nmethod 0x0000020680246f08

Events (20 events):
Event: 3.667 Thread 0x00000206f9e47cb0 Thread added: 0x00000206b7a8ced0
Event: 3.725 Thread 0x00000206b735b260 Thread added: 0x00000206b7a8d6a0
Event: 3.820 Thread 0x00000206b7a8ced0 Thread added: 0x00000206b7a8b760
Event: 3.953 Thread 0x00000206b7a8b760 Thread exited: 0x00000206b7a8b760
Event: 4.300 Thread 0x000002069c862840 Thread exited: 0x000002069c862840
Event: 8.801 Thread 0x000002069c7e7790 Thread exited: 0x000002069c7e7790
Event: 8.801 Thread 0x000002069b19ddf0 Thread exited: 0x000002069b19ddf0
Event: 13.508 Thread 0x000002069b170850 Thread exited: 0x000002069b170850
Event: 16.768 Thread 0x000002069643bb60 Thread added: 0x000002069c7ed040
Event: 17.631 Thread 0x000002069c7ed040 Thread exited: 0x000002069c7ed040
Event: 31.371 Thread 0x000002069c6cac60 Thread added: 0x00000206b8950f50
Event: 31.377 Thread 0x000002069c6cac60 Thread added: 0x00000206b8951720
Event: 31.378 Thread 0x000002069643bb60 Thread added: 0x000002069c7ed040
Event: 31.379 Thread 0x000002069c6cac60 Thread exited: 0x000002069c6cac60
Event: 31.894 Thread 0x000002069c7ed040 Thread exited: 0x000002069c7ed040
Event: 32.103 Thread 0x00000206b70c24d0 Thread exited: 0x00000206b70c24d0
Event: 32.435 Thread 0x000002069bcf1010 Thread exited: 0x000002069bcf1010
Event: 34.325 Thread 0x00000206b7a8ced0 Thread exited: 0x00000206b7a8ced0
Event: 46.384 Thread 0x00000206b8950f50 Thread exited: 0x00000206b8950f50
Event: 62.039 Thread 0x00000206b735e910 Thread exited: 0x00000206b735e910


Dynamic libraries:
0x00007ff6956c0000 - 0x00007ff69573f000 	C:\Users\Darsh Gupta\AppData\Local\freerouting\freerouting.exe
0x00007ffb307a0000 - 0x00007ffb30a06000 	C:\WINDOWS\SYSTEM32\ntdll.dll
0x00007ffb2f9b0000 - 0x00007ffb2fa79000 	C:\WINDOWS\System32\KERNEL32.DLL
0x00007ffb2df70000 - 0x00007ffb2e36e000 	C:\WINDOWS\System32\KERNELBASE.dll
0x00007ffb2eff0000 - 0x00007ffb2f782000 	C:\WINDOWS\System32\SHELL32.dll
0x00007ffb2d9c0000 - 0x00007ffb2da63000 	C:\WINDOWS\System32\msvcp_win.dll
0x00007ffb2dd50000 - 0x00007ffb2de9c000 	C:\WINDOWS\System32\ucrtbase.dll
0x00007ffb2e810000 - 0x00007ffb2e9d7000 	C:\WINDOWS\System32\USER32.dll
0x00007ffb2da70000 - 0x00007ffb2da97000 	C:\WINDOWS\System32\win32u.dll
0x00007ffb2fe60000 - 0x00007ffb2fe8b000 	C:\WINDOWS\System32\GDI32.dll
0x00007ffb2dc20000 - 0x00007ffb2dd4a000 	C:\WINDOWS\System32\gdi32full.dll
0x00007ffb2e4d0000 - 0x00007ffb2e502000 	C:\WINDOWS\System32\IMM32.DLL
0x00007ffb2f790000 - 0x00007ffb2f887000 	C:\WINDOWS\System32\shcore.dll
0x00007ffb26b90000 - 0x00007ffb26ba6000 	C:\Users\Darsh Gupta\AppData\Local\freerouting\runtime\bin\jli.dll
0x00007ffb26b50000 - 0x00007ffb26b6e000 	C:\Users\Darsh Gupta\AppData\Local\freerouting\runtime\bin\VCRUNTIME140.dll
0x00007ffb1a380000 - 0x00007ffb1a612000 	C:\WINDOWS\WinSxS\amd64_microsoft.windows.common-controls_6595b64144ccf1df_6.0.26100.8875_none_3e0d5d42e32fe9dd\COMCTL32.dll
0x00007ffb2e750000 - 0x00007ffb2e7f9000 	C:\WINDOWS\System32\msvcrt.dll
0x00007ffb26b40000 - 0x00007ffb26b4c000 	C:\Users\Darsh Gupta\AppData\Local\freerouting\runtime\bin\vcruntime140_1.dll
0x00007ffb253a0000 - 0x00007ffb2542d000 	C:\Users\Darsh Gupta\AppData\Local\freerouting\runtime\bin\msvcp140.dll
0x00007ffac80e0000 - 0x00007ffac9006000 	C:\Users\Darsh Gupta\AppData\Local\freerouting\runtime\bin\server\jvm.dll
0x00007ffb300d0000 - 0x00007ffb30187000 	C:\WINDOWS\System32\ADVAPI32.dll
0x00007ffb2ff80000 - 0x00007ffb3002a000 	C:\WINDOWS\System32\sechost.dll
0x00007ffb2e620000 - 0x00007ffb2e738000 	C:\WINDOWS\System32\RPCRT4.dll
0x00007ffb2fef0000 - 0x00007ffb2ff70000 	C:\WINDOWS\System32\WS2_32.dll
0x00007ffb1f170000 - 0x00007ffb1f1a6000 	C:\WINDOWS\SYSTEM32\WINMM.dll
0x00007ffb2d840000 - 0x00007ffb2d89e000 	C:\WINDOWS\SYSTEM32\POWRPROF.dll
0x00007ffb24720000 - 0x00007ffb2472b000 	C:\WINDOWS\SYSTEM32\VERSION.dll
0x00007ffb2d820000 - 0x00007ffb2d834000 	C:\WINDOWS\SYSTEM32\UMPDC.dll
0x00007ffb2c670000 - 0x00007ffb2c68b000 	C:\WINDOWS\SYSTEM32\kernel.appcore.dll
0x00007ffb25680000 - 0x00007ffb2568a000 	C:\Users\Darsh Gupta\AppData\Local\freerouting\runtime\bin\jimage.dll
0x00007ffb1f2e0000 - 0x00007ffb1f522000 	C:\WINDOWS\SYSTEM32\DBGHELP.DLL
0x00007ffb30190000 - 0x00007ffb30513000 	C:\WINDOWS\System32\combase.dll
0x00007ffb2fb10000 - 0x00007ffb2fbe9000 	C:\WINDOWS\System32\OLEAUT32.dll
0x00007ffafd9f0000 - 0x00007ffafda2b000 	C:\WINDOWS\SYSTEM32\dbgcore.DLL
0x00007ffb2e380000 - 0x00007ffb2e42c000 	C:\WINDOWS\System32\bcryptPrimitives.dll
0x00007ffb25660000 - 0x00007ffb2567e000 	C:\Users\Darsh Gupta\AppData\Local\freerouting\runtime\bin\java.dll
0x00007ffb305c0000 - 0x00007ffb30759000 	C:\WINDOWS\System32\ole32.dll
0x00007ffb2b420000 - 0x00007ffb2bcb2000 	C:\WINDOWS\SYSTEM32\windows.storage.dll
0x00007ffb30550000 - 0x00007ffb305b7000 	C:\WINDOWS\System32\shlwapi.dll
0x00007ffb2d8e0000 - 0x00007ffb2d909000 	C:\WINDOWS\SYSTEM32\profapi.dll
0x00007ffb25380000 - 0x00007ffb25391000 	C:\Users\Darsh Gupta\AppData\Local\freerouting\runtime\bin\net.dll
0x00007ffb2cc50000 - 0x00007ffb2ccbc000 	C:\WINDOWS\system32\mswsock.dll
0x00007ffb25360000 - 0x00007ffb25376000 	C:\Users\Darsh Gupta\AppData\Local\freerouting\runtime\bin\nio.dll
0x00007ffb25340000 - 0x00007ffb25357000 	C:\Users\Darsh Gupta\AppData\Local\freerouting\runtime\bin\zip.dll
0x00007ffb28dc0000 - 0x00007ffb28dd8000 	C:\WINDOWS\system32\napinsp.dll
0x00007ffb2c0a0000 - 0x00007ffb2c1f6000 	C:\WINDOWS\SYSTEM32\DNSAPI.dll
0x00007ffb2ca10000 - 0x00007ffb2ca1d000 	C:\WINDOWS\SYSTEM32\DSPARSE.dll
0x00007ffb2c010000 - 0x00007ffb2c043000 	C:\WINDOWS\SYSTEM32\IPHLPAPI.DLL
0x00007ffb2efe0000 - 0x00007ffb2efea000 	C:\WINDOWS\System32\NSI.dll
0x00007ffb28da0000 - 0x00007ffb28db3000 	C:\WINDOWS\System32\winrnr.dll
0x00007ffb14610000 - 0x00007ffb14632000 	C:\WINDOWS\system32\nlansp_c.dll
0x00007ffb25cf0000 - 0x00007ffb25d06000 	C:\WINDOWS\system32\wshbth.dll
0x00007ffb26540000 - 0x00007ffb2654b000 	C:\Windows\System32\rasadhlp.dll
0x00007ffb27670000 - 0x00007ffb276f6000 	C:\WINDOWS\System32\fwpuclnt.dll
0x00007ffafafb0000 - 0x00007ffafb130000 	C:\Users\Darsh Gupta\AppData\Local\freerouting\runtime\bin\awt.dll
0x00007ffb2a990000 - 0x00007ffb2aa30000 	C:\WINDOWS\SYSTEM32\apphelp.dll
0x00007ffb27220000 - 0x00007ffb272c9000 	C:\WINDOWS\system32\uxtheme.dll
0x00007ffac58d0000 - 0x00007ffac5a03000 	C:\ProgramData\A-Volute\A-Volute.Nahimic\Modules\Scheduled\x64\AudioDevProps2.dll
0x00007ffb2e9e0000 - 0x00007ffb2eb3d000 	C:\WINDOWS\System32\MSCTF.dll
0x00007ffb2ad30000 - 0x00007ffb2ad5f000 	C:\WINDOWS\system32\DWMAPI.DLL
0x00007ffa49680000 - 0x00007ffa4978c000 	C:\WINDOWS\system32\opengl32.dll
0x00007ffa498e0000 - 0x00007ffa4990d000 	C:\WINDOWS\SYSTEM32\GLU32.dll
0x00007ffb2acc0000 - 0x00007ffb2ad06000 	C:\WINDOWS\SYSTEM32\dxcore.dll
0x00007ffac3a40000 - 0x00007ffac3bf2000 	C:\WINDOWS\system32\d3d9.dll
0x00007ffac01f0000 - 0x00007ffac3a34000 	C:\WINDOWS\System32\DriverStore\FileRepository\u0403947.inf_amd64_20015c7f90828a38\B402913\amdxn64.dll
0x00007ffb2eb50000 - 0x00007ffb2efd7000 	C:\WINDOWS\System32\SETUPAPI.dll
0x00007ffb2ab70000 - 0x00007ffb2acae000 	C:\WINDOWS\SYSTEM32\dxgi.dll
0x00007ffb2d8b0000 - 0x00007ffb2d8da000 	C:\WINDOWS\SYSTEM32\BCrypt.dll
0x00007ffb1ea00000 - 0x00007ffb1ea37000 	C:\WINDOWS\System32\DriverStore\FileRepository\u0403947.inf_amd64_20015c7f90828a38\B402913\amdihk64.dll
0x00007ffb25c80000 - 0x00007ffb25cdf000 	C:\WINDOWS\SYSTEM32\directxdatabasehelper.dll
0x00007ffb2d520000 - 0x00007ffb2d571000 	C:\WINDOWS\SYSTEM32\cfgmgr32.dll
0x00007ffb2cf50000 - 0x00007ffb2cf6b000 	C:\WINDOWS\SYSTEM32\CRYPTSP.dll
0x00007ffb2c5d0000 - 0x00007ffb2c609000 	C:\WINDOWS\system32\rsaenh.dll
0x00007ffb2cd10000 - 0x00007ffb2cd42000 	C:\WINDOWS\SYSTEM32\USERENV.dll
0x00007ffb2cf70000 - 0x00007ffb2cf7c000 	C:\WINDOWS\SYSTEM32\CRYPTBASE.dll
0x00007ffb25610000 - 0x00007ffb2561e000 	C:\Users\Darsh Gupta\AppData\Local\freerouting\runtime\bin\sunmscapi.dll
0x00007ffb2daa0000 - 0x00007ffb2dc18000 	C:\WINDOWS\System32\CRYPT32.dll
0x00007ffb2d190000 - 0x00007ffb2d1c0000 	C:\WINDOWS\SYSTEM32\ncrypt.dll
0x00007ffb2d140000 - 0x00007ffb2d17f000 	C:\WINDOWS\SYSTEM32\NTASN1.dll
0x00007ffb149b0000 - 0x00007ffb14a37000 	C:\Users\Darsh Gupta\AppData\Local\freerouting\runtime\bin\freetype.dll
0x00007ffafaec0000 - 0x00007ffafafaf000 	C:\Users\Darsh Gupta\AppData\Local\freerouting\runtime\bin\fontmanager.dll
0x00007ffb0f760000 - 0x00007ffb0f768000 	C:\WINDOWS\system32\wshunix.dll
0x00007ffb15fd0000 - 0x00007ffb16117000 	C:\WINDOWS\SYSTEM32\textinputframework.dll
0x00007ffb2a7b0000 - 0x00007ffb2a8d5000 	C:\WINDOWS\SYSTEM32\CoreMessaging.dll
0x00007ffb24b30000 - 0x00007ffb24e14000 	C:\WINDOWS\SYSTEM32\CoreUIComponents.dll
0x00007ffb27a30000 - 0x00007ffb27b9a000 	C:\WINDOWS\SYSTEM32\wintypes.dll
0x00007ffb25330000 - 0x00007ffb25339000 	C:\Users\Darsh Gupta\AppData\Local\freerouting\runtime\bin\syslookup.dll
0x00007ffb1a000000 - 0x00007ffb1a0b5000 	C:\WINDOWS\WinSxS\amd64_microsoft.windows.common-controls_6595b64144ccf1df_5.82.26100.8328_none_87eede957a2ccddd\comctl32.dll

JVMTI agents: none

dbghelp: loaded successfully - version: 4.0.5 - missing functions: none
symbol engine: initialized successfully - sym options: 0x614 - pdb path: .;C:\Users\Darsh Gupta\AppData\Local\freerouting;C:\WINDOWS\SYSTEM32;C:\Users\Darsh Gupta\AppData\Local\freerouting\runtime\bin;C:\WINDOWS\WinSxS\amd64_microsoft.windows.common-controls_6595b64144ccf1df_6.0.26100.8875_none_3e0d5d42e32fe9dd;C:\Users\Darsh Gupta\AppData\Local\freerouting\runtime\bin\server;C:\ProgramData\A-Volute\A-Volute.Nahimic\Modules\Scheduled\x64;C:\WINDOWS\System32\DriverStore\FileRepository\u0403947.inf_amd64_20015c7f90828a38\B402913;C:\WINDOWS\WinSxS\amd64_microsoft.windows.common-controls_6595b64144ccf1df_5.82.26100.8328_none_87eede957a2ccddd

VM Arguments:
jvm_args: -Djpackage.app-version=2.2.4 -Dlog4j2.disableJndi=true -Djpackage.app-path=C:\Users\Darsh Gupta\AppData\Local\freerouting\freerouting.exe 
java_command: C:\Users\Darsh Gupta\AppData\Local\freerouting\app\freerouting-executable.jar -de D:\CodeProjects\drone-arm\tmp\main_board.dsn -do D:\CodeProjects\drone-arm\tmp\main_board_routed.ses -mp 20 -mt 4
java_class_path (initial): C:\Users\Darsh Gupta\AppData\Local\freerouting\app\freerouting-executable.jar
Launcher Type: SUN_STANDARD

[Global flags]
     intx CICompilerCount                          = 12                                        {product} {ergonomic}
     uint ConcGCThreads                            = 3                                         {product} {ergonomic}
     uint G1ConcRefinementThreads                  = 13                                        {product} {ergonomic}
   size_t G1HeapRegionSize                         = 2097152                                   {product} {ergonomic}
   size_t InitialHeapSize                          = 255852544                                 {product} {ergonomic}
   size_t MarkStackSize                            = 4194304                                   {product} {ergonomic}
   size_t MarkStackSizeMax                         = 536870912                                 {product} {ergonomic}
   size_t MaxHeapSize                              = 4083154944                                {product} {ergonomic}
   size_t MaxNewSize                               = 2449473536                                {product} {ergonomic}
   size_t MinHeapDeltaBytes                        = 2097152                                   {product} {ergonomic}
   size_t MinHeapSize                              = 8388608                                   {product} {ergonomic}
    uintx NonNMethodCodeHeapSize                   = 7602176                                {pd product} {ergonomic}
    uintx NonProfiledCodeHeapSize                  = 122093568                              {pd product} {ergonomic}
    uintx ProfiledCodeHeapSize                     = 121962496                              {pd product} {ergonomic}
    uintx ReservedCodeCacheSize                    = 251658240                              {pd product} {ergonomic}
     bool SegmentedCodeCache                       = true                                      {product} {ergonomic}
   size_t SoftMaxHeapSize                          = 4083154944                             {manageable} {ergonomic}
     bool UseCompressedOops                        = true                           {product lp64_product} {ergonomic}
     bool UseG1GC                                  = true                                      {product} {ergonomic}
     bool UseLargePagesIndividualAllocation        = false                                  {pd product} {ergonomic}

Logging:
Log output configuration:
 #0: stdout all=warning uptime,level,tags foldmultilines=false
 #1: stderr all=off uptime,level,tags foldmultilines=false

Release file:
JAVA_VERSION="25.0.2" 
MODULES="java.base java.datatransfer java.xml java.prefs java.desktop java.logging java.management java.net.http java.transaction.xa java.sql jdk.crypto.ec jdk.crypto.mscapi jdk.management" 

Environment Variables:
JAVA_HOME=C:\Program Files\Eclipse Adoptium\jdk-25.0.3.9-hotspot\
PATH=C:\Users\Darsh Gupta\.cache\codex-runtimes\codex-primary-runtime\dependencies\native\powershell;C:\Users\Darsh Gupta\.codex\tmp\arg0\codex-arg08XyEJ1;C:\Users\Darsh Gupta\.cache\codex-runtimes\codex-primary-runtime\dependencies\bin\override;C:\Program Files\Eclipse Adoptium\jdk-25.0.3.9-hotspot\bin;C:\Program Files (x86)\Common Files\Oracle\Java\java8path;C:\Program Files (x86)\Common Files\Oracle\Java\javapath;C:\Program Files\NVIDIA GPU Computing Toolkit\CUDA\v13.1\bin\x64;C:\Program Files\NVIDIA GPU Computing Toolkit\CUDA\v13.1\bin;C:\Users\Darsh Gupta\gcc\bin;C:\Users\Darsh Gupta\gcc\libexec\gcc\x86_64-w64-mingw32\14.2.0;C:\Program Files\NVIDIA GPU Computing Toolkit\CUDA\v12.1\bin;C:\Program Files\NVIDIA GPU Computing Toolkit\CUDA\v12.1\libnvvp;C:\Program Files\Microsoft MPI\Bin\;C:\Program Files\Python312\Scripts\;C:\Program Files\Python312\;C:\Windows\system32;D:\Git\bin;C:\Windows\System32\Wbem;C:\Windows\System32\WindowsPowerShell\v1.0\;C:\Windows\System32\OpenSSH\;C:\Program Files (x86)\NVIDIA Corporation\PhysX\Common;D:\ChatRTX\env_nvd_rag\Lib\site-packages\torch\lib;D:\Git\cmd;C:\Program Files (x86)\MAVProxy;C:\Program Files\dotnet\;C:\WINDOWS\system32;C:\WINDOWS;C:\WINDOWS\System32\Wbem;C:\WINDOWS\System32\WindowsPowerShell\v1.0\;C:\WINDOWS\System32\OpenSSH\;C:\Program Files\CMake\bin;C:\Program Files\nodejs\;C:\Program Files\Go\bin;C:\Users\Darsh Gupta\AppData\Roaming\Python\Python312\Scripts;C:\Program Files\balena-cli\client\bin;C:\Program Files\NVIDIA Corporation\NVIDIA App\NvDLISR;C:\ProgramData\chocolatey\bin;C:\Program Files\Cppcheck;C:\Program Files\NVIDIA Corporation\Nsight Compute 2025.4.0\;C:\Program Files\Neovim\bin;C:\Program Files (x86)\GNU Arm Embedded Toolchain\10 2021.10\bin\;C:\Program Files\Docker\Docker\resources\bin;C:\Users\Darsh Gupta\AppData\Roaming\npm;C:\Users\Darsh Gupta\.cache\codex-runtimes\codex-primary-runtime\dependencies\native\powershell;C:\Users\Darsh Gupta\AppData\Local\Microsoft\WindowsApps;C:\Program Files\GitHub CLI\;C:\Program Files\Tailscale\;C:\Program Files\Arduino CLI\;C:\Users\Darsh Gupta\.rustup\toolchains\esp\xtensa-esp-elf\bin;C:\Users\Darsh Gupta\.rustup\toolchains\esp\xtensa-esp32-elf-clang\esp-clang\bin;C:\Users\Darsh Gupta\bin;C:\Users\Darsh Gupta\AppData\Local\agy\bin;C:\Windows;C:\Program Files (x86)\Windows Kits\10\Windows Performance Toolkit\;C:\Users\Darsh Gupta\AppData\Local\Programs\Zed\bin;C:\Users\Darsh Gupta\AppData\Local\Programs\Ollama;C:\Users\Darsh Gupta\AppData\Local\Microsoft\WinGet\Packages\BurntSushi.ripgrep.GNU_Microsoft.Winget.Source_8wekyb3d8bbwe\ripgrep-15.1.0-x86_64-pc-windows-gnu;D:\CodeProjects\Tets;C:\Users\Darsh Gupta\AppData\Local\Python\bin;C:\Program Files\KiCad\9.0\bin;C:\Users\Darsh Gupta\AppData\Local\freerouting;c:\users\darsh gupta\.local\bin;C:\Users\Darsh Gupta\AppData\Local\Microsoft\WinGet\Packages\aria2.aria2_Microsoft.Winget.Source_8wekyb3d8bbwe\aria2-1.37.0-win-64bit-build1;C:\Users\Darsh Gupta\AppData\Local\Microsoft\WinGet\Packages\Cingano.wtop_Microsoft.Winget.Source_8wekyb3d8bbwe;C:\Users\Darsh Gupta\.claude\tools\video-caption;C:\Users\Darsh Gupta\.cache\codex-runtimes\codex-primary-runtime\dependencies\bin\fallback;C:\Users\Darsh Gupta\.cache\codex-runtimes\codex-primary-runtime\dependencies\native\git\cmd;C:\Users\Darsh Gupta\AppData\Local\OpenAI\Codex\bin\c6c4820dcd243daa;C:\Program Files\WindowsApps\OpenAI.Codex_26.818.5229.0_x64__2p2nqsd0c76g0\app\resources;C:\Users\Darsh Gupta\AppData\Local\freerouting\app
USERNAME=Darsh Gupta
LANG=C.UTF-8
LC_ALL=C.UTF-8
LC_CTYPE=C.UTF-8
TERM=dumb
OS=Windows_NT
PROCESSOR_IDENTIFIER=AMD64 Family 25 Model 68 Stepping 1, AuthenticAMD
TMP=C:\Users\DARSHG~1\AppData\Local\Temp
TEMP=C:\Users\DARSHG~1\AppData\Local\Temp




Compilation memory statistics disabled.

Periodic native trim disabled

---------------  S Y S T E M  ---------------

OS:
 Windows 11 , 64 bit Build 26100 (10.0.26100.8875)
OS uptime: 1 days 5:07 hours
Hyper-V role detected

CPU: total 16 (initial active 16) (16 cores per cpu, 2 threads per core) family 25 model 68 stepping 1 microcode 0xa404107, cx8, cmov, fxsr, ht, mmx, 3dnowpref, sse, sse2, sse3, ssse3, sse4a, sse4.1, sse4.2, popcnt, lzcnt, tsc, tscinvbit, avx, avx2, aes, erms, clmul, bmi1, bmi2, adx, sha, fma, vzeroupper, clflush, clflushopt, clwb, hv, rdtscp, rdpid, fsrm, f16c, cet_ss
Processor Information for the first 16 processors :
  Max Mhz: 3201, Current Mhz: 3201, Mhz Limit: 3201

Memory: 4k page, system-wide physical 15571M (525M free)
TotalPageFile size 52435M (AvailPageFile size 730M)
current process WorkingSet (physical memory assigned to process): 553M, peak: 908M
current process commit charge ("private bytes"): 1814M, peak: 2738M

vm_info: OpenJDK 64-Bit Server VM (25.0.2+10-LTS) for windows-amd64 JRE (25.0.2+10-LTS), built on 2026-01-20T00:00:00Z with MS VC++ 17.12 (VS2022)

END.
