2026-07-19 17:55:07.989 INFO   Freerouting v2.2.4 (build-date: 2026-05-13)
2026-07-19 17:55:09.942 INFO   New version available: v2.2.4
2026-07-19 17:55:09.985 WARN   Wiring: duplicate via skipped at (643500, -811750)
2026-07-19 17:55:09.985 WARN   Wiring: duplicate via skipped at (589500, -905750)
2026-07-19 17:55:09.986 WARN   Wiring: duplicate via skipped at (643500, -798250)
2026-07-19 17:55:09.986 WARN   Wiring: duplicate via skipped at (589500, -892250)
2026-07-19 17:55:09.986 WARN   Wiring: duplicate via skipped at (643500, -905750)
2026-07-19 17:55:09.987 WARN   Wiring: duplicate via skipped at (643500, -892250)
2026-07-19 17:55:09.987 WARN   Wiring: duplicate via skipped at (589500, -798250)
2026-07-19 17:55:09.987 WARN   Wiring: duplicate via skipped at (589500, -811750)
2026-07-19 17:55:10.007 WARN   Wiring: duplicate via skipped at (2213500, -905750)
2026-07-19 17:55:10.007 WARN   Wiring: duplicate via skipped at (2213500, -892250)
2026-07-19 17:55:10.007 WARN   Wiring: duplicate via skipped at (2213500, -798250)
2026-07-19 17:55:10.007 WARN   Wiring: duplicate via skipped at (2159500, -892250)
2026-07-19 17:55:10.008 WARN   Wiring: duplicate via skipped at (2159500, -905750)
2026-07-19 17:55:10.008 WARN   Wiring: duplicate via skipped at (2213500, -811750)
2026-07-19 17:55:10.008 WARN   Wiring: duplicate via skipped at (2159500, -811750)
2026-07-19 17:55:10.008 WARN   Wiring: duplicate via skipped at (2159500, -798250)
2026-07-19 17:55:10.026 WARN   Wiring: duplicate via skipped at (3729500, -892250)
2026-07-19 17:55:10.026 WARN   Wiring: duplicate via skipped at (3783500, -892250)
2026-07-19 17:55:10.026 WARN   Wiring: duplicate via skipped at (3729500, -905750)
2026-07-19 17:55:10.026 WARN   Wiring: duplicate via skipped at (3783500, -811750)
2026-07-19 17:55:10.027 WARN   Wiring: duplicate via skipped at (3783500, -905750)
2026-07-19 17:55:10.027 WARN   Wiring: duplicate via skipped at (3729500, -811750)
2026-07-19 17:55:10.027 WARN   Wiring: duplicate via skipped at (3783500, -798250)
2026-07-19 17:55:10.027 WARN   Wiring: duplicate via skipped at (3729500, -798250)
2026-07-19 17:55:10.046 WARN   Wiring: duplicate via skipped at (643500, -1892250)
2026-07-19 17:55:10.047 WARN   Wiring: duplicate via skipped at (589500, -1892250)
2026-07-19 17:55:10.047 WARN   Wiring: duplicate via skipped at (589500, -1811750)
2026-07-19 17:55:10.048 WARN   Wiring: duplicate via skipped at (643500, -1811750)
2026-07-19 17:55:10.048 WARN   Wiring: duplicate via skipped at (643500, -1905750)
2026-07-19 17:55:10.048 WARN   Wiring: duplicate via skipped at (589500, -1905750)
2026-07-19 17:55:10.048 WARN   Wiring: duplicate via skipped at (589500, -1798250)
2026-07-19 17:55:10.048 WARN   Wiring: duplicate via skipped at (643500, -1798250)
2026-07-19 17:55:10.064 WARN   Wiring: duplicate via skipped at (2213500, -1905750)
2026-07-19 17:55:10.064 WARN   Wiring: duplicate via skipped at (2159500, -1798250)
2026-07-19 17:55:10.064 WARN   Wiring: duplicate via skipped at (2213500, -1798250)
2026-07-19 17:55:10.065 WARN   Wiring: duplicate via skipped at (2159500, -1905750)
2026-07-19 17:55:10.065 WARN   Wiring: duplicate via skipped at (2159500, -1811750)
2026-07-19 17:55:10.065 WARN   Wiring: duplicate via skipped at (2213500, -1892250)
2026-07-19 17:55:10.065 WARN   Wiring: duplicate via skipped at (2213500, -1811750)
2026-07-19 17:55:10.065 WARN   Wiring: duplicate via skipped at (2159500, -1892250)
2026-07-19 17:55:10.079 WARN   Wiring: duplicate via skipped at (3783500, -1892250)
2026-07-19 17:55:10.080 WARN   Wiring: duplicate via skipped at (3729500, -1892250)
2026-07-19 17:55:10.080 WARN   Wiring: duplicate via skipped at (3783500, -1811750)
2026-07-19 17:55:10.080 WARN   Wiring: duplicate via skipped at (3783500, -1905750)
2026-07-19 17:55:10.081 WARN   Wiring: duplicate via skipped at (3783500, -1798250)
2026-07-19 17:55:10.081 WARN   Wiring: duplicate via skipped at (3729500, -1905750)
2026-07-19 17:55:10.081 WARN   Wiring: duplicate via skipped at (3729500, -1811750)
2026-07-19 17:55:10.081 WARN   Wiring: duplicate via skipped at (3729500, -1798250)
2026-07-19 17:55:11.076 ERROR  null
java.lang.StackOverflowError
	at java.base/java.math.BigInteger.multiplyByInt(BigInteger.java:1784)
	at java.base/java.math.BigInteger.multiply(BigInteger.java:1695)
	at java.base/java.math.BigInteger.multiply(BigInteger.java:1644)
	at app.freerouting.geometry.planar.Line.intersection(Line.java:298)
	at app.freerouting.geometry.planar.Line.side_of_intersection(Line.java:159)
	at app.freerouting.geometry.planar.Simplex.remove_redundant_lines(Simplex.java:922)
	at app.freerouting.geometry.planar.Simplex.intersection(Simplex.java:631)
	at app.freerouting.geometry.planar.Simplex.intersection(Simplex.java:686)
	at app.freerouting.geometry.planar.Simplex.intersection(Simplex.java:13)
	at app.freerouting.geometry.planar.IntOctagon.intersection(IntOctagon.java:353)
	at app.freerouting.geometry.planar.TileShape.intersection_with_simplify(TileShape.java:78)
	at app.freerouting.geometry.planar.Polyline.offset_shapes(Polyline.java:548)
	at app.freerouting.geometry.planar.Polyline.offset_shape(Polyline.java:570)
	at app.freerouting.board.ShapeSearchTree.offset_shape(ShapeSearchTree.java:959)
	at app.freerouting.board.ShapeSearchTree.calculate_tree_shapes(ShapeSearchTree.java:978)
	at app.freerouting.board.PolylineTrace.calculate_tree_shapes(PolylineTrace.java:126)
	at app.freerouting.board.Item.get_precalculated_tree_shapes(Item.java:202)
	at app.freerouting.board.Item.tree_shape_count(Item.java:183)
	at app.freerouting.datastructures.ShapeTree.insert(ShapeTree.java:40)
	at app.freerouting.board.SearchTreeManager.insert(SearchTreeManager.java:42)
	at app.freerouting.board.PolylineTrace.combine_at_end(PolylineTrace.java:392)
	at app.freerouting.board.PolylineTrace.combine(PolylineTrace.java:178)
	at app.freerouting.board.PolylineTrace.combine(PolylineTrace.java:180)
	at app.freerouting.board.PolylineTrace.combine(PolylineTrace.java:180)
	at app.freerouting.board.PolylineTrace.combine(PolylineTrace.java:180)
	at app.freerouting.board.PolylineTrace.combine(PolylineTrace.java:180)
	at app.freerouting.board.PolylineTrace.combine(PolylineTrace.java:180)
	at app.freerouting.board.PolylineTrace.combine(PolylineTrace.java:180)
	at app.freerouting.board.PolylineTrace.combine(PolylineTrace.java:180)
	at app.freerouting.board.PolylineTrace.combine(PolylineTrace.java:180)
	at app.freerouting.board.PolylineTrace.combine(PolylineTrace.java:180)
	at app.freerouting.board.PolylineTrace.combine(PolylineTrace.java:180)
	at app.freerouting.board.PolylineTrace.combine(PolylineTrace.java:180)
	at app.freerouting.board.PolylineTrace.combine(PolylineTrace.java:180)
	at app.freerouting.board.PolylineTrace.combine(PolylineTrace.java:180)
	at app.freerouting.board.PolylineTrace.combine(PolylineTrace.java:180)
	at app.freerouting.board.PolylineTrace.combine(PolylineTrace.java:180)
	at app.freerouting.board.PolylineTrace.combine(PolylineTrace.java:180)
	at app.freerouting.board.PolylineTrace.combine(PolylineTrace.java:180)
	at app.freerouting.board.PolylineTrace.combine(PolylineTrace.java:180)
	at app.freerouting.board.PolylineTrace.combine(PolylineTrace.java:180)
	at app.freerouting.board.PolylineTrace.combine(PolylineTrace.java:180)
	at app.freerouting.board.PolylineTrace.combine(PolylineTrace.java:180)
	at app.freerouting.board.PolylineTrace.combine(PolylineTrace.java:180)
	at app.freerouting.board.PolylineTrace.combine(PolylineTrace.java:180)
	at app.freerouting.board.PolylineTrace.combine(PolylineTrace.java:180)
	at app.freerouting.board.PolylineTrace.combine(PolylineTrace.java:180)
	at app.freerouting.board.PolylineTrace.combine(PolylineTrace.java:180)
	at app.freerouting.board.PolylineTrace.combine(PolylineTrace.java:180)
	at app.freerouting.board.PolylineTrace.combine(PolylineTrace.java:180)
	at app.freerouting.board.PolylineTrace.combine(PolylineTrace.java:180)
	at app.freerouting.board.PolylineTrace.combine(PolylineTrace.java:180)
	at app.freerouting.board.PolylineTrace.combine(PolylineTrace.java:180)
	at app.freerouting.board.PolylineTrace.combine(PolylineTrace.java:180)
	at app.freerouting.board.PolylineTrace.combine(PolylineTrace.java:180)
	at app.freerouting.board.PolylineTrace.combine(PolylineTrace.java:180)
	at app.freerouting.board.PolylineTrace.combine(PolylineTrace.java:180)
	at app.freerouting.board.PolylineTrace.combine(PolylineTrace.java:180)
	at app.freerouting.board.PolylineTrace.combine(PolylineTrace.java:180)
	at app.freerouting.board.PolylineTrace.combine(PolylineTrace.java:180)
	at app.freerouting.board.PolylineTrace.combine(PolylineTrace.java:180)
	at app.freerouting.board.PolylineTrace.combine(PolylineTrace.java:180)
	at app.freerouting.board.PolylineTrace.combine(PolylineTrace.java:180)
	at app.freerouting.board.PolylineTrace.combine(PolylineTrace.java:180)
	at app.freerouting.board.PolylineTrace.combine(PolylineTrace.java:180)
	at app.freerouting.board.PolylineTrace.combine(PolylineTrace.java:180)
	at app.freerouting.board.PolylineTrace.combine(PolylineTrace.java:180)
	at app.freerouting.board.PolylineTrace.combine(PolylineTrace.java:180)
	at app.freerouting.board.PolylineTrace.combine(PolylineTrace.java:180)
	at app.freerouting.board.PolylineTrace.combine(PolylineTrace.java:180)
	at app.freerouting.board.PolylineTrace.combine(PolylineTrace.java:180)
	at app.freerouting.board.PolylineTrace.combine(PolylineTrace.java:180)
	at app.freerouting.board.PolylineTrace.combine(PolylineTrace.java:180)
	at app.freerouting.board.PolylineTrace.combine(PolylineTrace.java:180)
	at app.freerouting.board.PolylineTrace.combine(PolylineTrace.java:180)
	at app.freerouting.board.PolylineTrace.combine(PolylineTrace.java:180)
	at app.freerouting.board.PolylineTrace.combine(PolylineTrace.java:180)
	at app.freerouting.board.PolylineTrace.combine(PolylineTrace.java:180)
	at app.freerouting.board.PolylineTrace.combine(PolylineTrace.java:180)
	at app.freerouting.board.PolylineTrace.combine(PolylineTrace.java:180)
	at app.freerouting.board.PolylineTrace.combine(PolylineTrace.java:180)
	at app.freerouting.board.PolylineTrace.combine(PolylineTrace.java:180)
	at app.freerouting.board.PolylineTrace.combine(PolylineTrace.java:180)
	at app.freerouting.board.PolylineTrace.combine(PolylineTrace.java:180)
	at app.freerouting.board.PolylineTrace.combine(PolylineTrace.java:180)
	at app.freerouting.board.PolylineTrace.combine(PolylineTrace.java:180)
	at app.freerouting.board.PolylineTrace.combine(PolylineTrace.java:180)
	at app.freerouting.board.PolylineTrace.combine(PolylineTrace.java:180)
	at app.freerouting.board.PolylineTrace.combine(PolylineTrace.java:180)
	at app.freerouting.board.PolylineTrace.combine(PolylineTrace.java:180)
	at app.freerouting.board.PolylineTrace.combine(PolylineTrace.java:180)
	at app.freerouting.board.PolylineTrace.combine(PolylineTrace.java:180)
	at app.freerouting.board.PolylineTrace.combine(PolylineTrace.java:180)
	at app.freerouting.board.PolylineTrace.combine(PolylineTrace.java:180)
	at app.freerouting.board.PolylineTrace.combine(PolylineTrace.java:180)
	at app.freerouting.board.PolylineTrace.combine(PolylineTrace.java:180)
	at app.freerouting.board.PolylineTrace.combine(PolylineTrace.java:180)
	at app.freerouting.board.PolylineTrace.combine(PolylineTrace.java:180)
	at app.freerouting.board.PolylineTrace.combine(PolylineTrace.java:180)
	at app.freerouting.board.PolylineTrace.combine(PolylineTrace.java:180)
	at app.freerouting.board.PolylineTrace.combine(PolylineTrace.java:180)
	at app.freerouting.board.PolylineTrace.combine(PolylineTrace.java:180)
	at app.freerouting.board.PolylineTrace.combine(PolylineTrace.java:180)
	at app.freerouting.board.PolylineTrace.combine(PolylineTrace.java:180)
	at app.freerouting.board.PolylineTrace.combine(PolylineTrace.java:180)
	at app.freerouting.board.PolylineTrace.combine(PolylineTrace.java:180)
	at app.freerouting.board.PolylineTrace.combine(PolylineTrace.java:180)
	at app.freerouting.board.PolylineTrace.combine(PolylineTrace.java:180)
	at app.freerouting.board.PolylineTrace.combine(PolylineTrace.java:180)
	at app.freerouting.board.PolylineTrace.combine(PolylineTrace.java:180)
	at app.freerouting.board.PolylineTrace.combine(PolylineTrace.java:180)
	at app.freerouting.board.PolylineTrace.combine(PolylineTrace.java:180)
	at app.freerouting.board.PolylineTrace.combine(PolylineTrace.java:180)
	at app.freerouting.board.PolylineTrace.combine(PolylineTrace.java:180)
	at app.freerouting.board.PolylineTrace.combine(PolylineTrace.java:180)
	at app.freerouting.board.PolylineTrace.combine(PolylineTrace.java:180)
	at app.freerouting.board.PolylineTrace.combine(PolylineTrace.java:180)
	at app.freerouting.board.PolylineTrace.combine(PolylineTrace.java:180)
	at app.freerouting.board.PolylineTrace.combine(PolylineTrace.java:180)
	at app.freerouting.board.PolylineTrace.combine(PolylineTrace.java:180)
	at app.freerouting.board.PolylineTrace.combine(PolylineTrace.java:180)
	at app.freerouting.board.PolylineTrace.combine(PolylineTrace.java:180)
	at app.freerouting.board.PolylineTrace.combine(PolylineTrace.java:180)
	at app.freerouting.board.PolylineTrace.combine(PolylineTrace.java:180)
	at app.freerouting.board.PolylineTrace.combine(PolylineTrace.java:180)
	at app.freerouting.board.PolylineTrace.combine(PolylineTrace.java:180)
	at app.freerouting.board.PolylineTrace.combine(PolylineTrace.java:180)
	at app.freerouting.board.PolylineTrace.combine(PolylineTrace.java:180)
	at app.freerouting.board.PolylineTrace.combine(PolylineTrace.java:180)
	at app.freerouting.board.PolylineTrace.combine(PolylineTrace.java:180)
	at app.freerouting.board.PolylineTrace.combine(PolylineTrace.java:180)
	at app.freerouting.board.PolylineTrace.combine(PolylineTrace.java:180)
	at app.freerouting.board.PolylineTrace.combine(PolylineTrace.java:180)
	at app.freerouting.board.PolylineTrace.combine(PolylineTrace.java:180)
	at app.freerouting.board.PolylineTrace.combine(PolylineTrace.java:180)
	at app.freerouting.board.PolylineTrace.combine(PolylineTrace.java:180)
	at app.freerouting.board.PolylineTrace.combine(PolylineTrace.java:180)
	at app.freerouting.board.PolylineTrace.combine(PolylineTrace.java:180)
	at app.freerouting.board.PolylineTrace.combine(PolylineTrace.java:180)
	at app.freerouting.board.PolylineTrace.combine(PolylineTrace.java:180)
	at app.freerouting.board.PolylineTrace.combine(PolylineTrace.java:180)
	at app.freerouting.board.PolylineTrace.combine(PolylineTrace.java:180)
	at app.freerouting.board.PolylineTrace.combine(PolylineTrace.java:180)
	at app.freerouting.board.PolylineTrace.combine(PolylineTrace.java:180)
	at app.freerouting.board.PolylineTrace.combine(PolylineTrace.java:180)
	at app.freerouting.board.PolylineTrace.combine(PolylineTrace.java:180)
	at app.freerouting.board.PolylineTrace.combine(PolylineTrace.java:180)
	at app.freerouting.board.PolylineTrace.combine(PolylineTrace.java:180)
	at app.freerouting.board.PolylineTrace.combine(PolylineTrace.java:180)
	at app.freerouting.board.PolylineTrace.combine(PolylineTrace.java:180)
	at app.freerouting.board.PolylineTrace.combine(PolylineTrace.java:180)
	at app.freerouting.board.PolylineTrace.combine(PolylineTrace.java:180)
	at app.freerouting.board.PolylineTrace.combine(PolylineTrace.java:180)
	at app.freerouting.board.PolylineTrace.combine(PolylineTrace.java:180)
	at app.freerouting.board.PolylineTrace.combine(PolylineTrace.java:180)
	at app.freerouting.board.PolylineTrace.combine(PolylineTrace.java:180)
	at app.freerouting.board.PolylineTrace.combine(PolylineTrace.java:180)
	at app.freerouting.board.PolylineTrace.combine(PolylineTrace.java:180)
	at app.freerouting.board.PolylineTrace.combine(PolylineTrace.java:180)
	at app.freerouting.board.PolylineTrace.combine(PolylineTrace.java:180)
	at app.freerouting.board.PolylineTrace.combine(PolylineTrace.java:180)
	at app.freerouting.board.PolylineTrace.combine(PolylineTrace.java:180)
	at app.freerouting.board.PolylineTrace.combine(PolylineTrace.java:180)
	at app.freerouting.board.PolylineTrace.combine(PolylineTrace.java:180)
	at app.freerouting.board.PolylineTrace.combine(PolylineTrace.java:180)
	at app.freerouting.board.PolylineTrace.combine(PolylineTrace.java:180)
	at app.freerouting.board.PolylineTrace.combine(PolylineTrace.java:180)
	at app.freerouting.board.PolylineTrace.combine(PolylineTrace.java:180)
	at app.freerouting.board.PolylineTrace.combine(PolylineTrace.java:180)
	at app.freerouting.board.PolylineTrace.combine(PolylineTrace.java:180)
	at app.freerouting.board.PolylineTrace.combine(PolylineTrace.java:180)
	at app.freerouting.board.PolylineTrace.combine(PolylineTrace.java:180)
	at app.freerouting.board.PolylineTrace.combine(PolylineTrace.java:180)
	at app.freerouting.board.PolylineTrace.combine(PolylineTrace.java:180)
	at app.freerouting.board.PolylineTrace.combine(PolylineTrace.java:180)
	at app.freerouting.board.PolylineTrace.combine(PolylineTrace.java:180)
	at app.freerouting.board.PolylineTrace.combine(PolylineTrace.java:180)
	at app.freerouting.board.PolylineTrace.combine(PolylineTrace.java:180)
	at app.freerouting.board.PolylineTrace.combine(PolylineTrace.java:180)
	at app.freerouting.board.PolylineTrace.combine(PolylineTrace.java:180)
	at app.freerouting.board.PolylineTrace.combine(PolylineTrace.java:180)
	at app.freerouting.board.PolylineTrace.combine(PolylineTrace.java:180)
	at app.freerouting.board.PolylineTrace.combine(PolylineTrace.java:180)
	at app.freerouting.board.PolylineTrace.combine(PolylineTrace.java:180)
	at app.freerouting.board.PolylineTrace.combine(PolylineTrace.java:180)
	at app.freerouting.board.PolylineTrace.combine(PolylineTrace.java:180)
	at app.freerouting.board.PolylineTrace.combine(PolylineTrace.java:180)
	at app.freerouting.board.PolylineTrace.combine(PolylineTrace.java:180)
	at app.freerouting.board.PolylineTrace.combine(PolylineTrace.java:180)
	at app.freerouting.board.PolylineTrace.combine(PolylineTrace.java:180)
	at app.freerouting.board.PolylineTrace.combine(PolylineTrace.java:180)
	at app.freerouting.board.PolylineTrace.combine(PolylineTrace.java:180)
	at app.freerouting.board.PolylineTrace.combine(PolylineTrace.java:180)
	at app.freerouting.board.PolylineTrace.combine(PolylineTrace.java:180)
	at app.freerouting.board.PolylineTrace.combine(PolylineTrace.java:180)
	at app.freerouting.board.PolylineTrace.combine(PolylineTrace.java:180)
	at app.freerouting.board.PolylineTrace.combine(PolylineTrace.java:180)
	at app.freerouting.board.PolylineTrace.combine(PolylineTrace.java:180)
	at app.freerouting.board.PolylineTrace.combine(PolylineTrace.java:180)
	at app.freerouting.board.PolylineTrace.combine(PolylineTrace.java:180)
	at app.freerouting.board.PolylineTrace.combine(PolylineTrace.java:180)
	at app.freerouting.board.PolylineTrace.combine(PolylineTrace.java:180)
	at app.freerouting.board.PolylineTrace.combine(PolylineTrace.java:180)
	at app.freerouting.board.PolylineTrace.combine(PolylineTrace.java:180)
	at app.freerouting.board.PolylineTrace.combine(PolylineTrace.java:180)
	at app.freerouting.board.PolylineTrace.combine(PolylineTrace.java:180)
	at app.freerouting.board.PolylineTrace.combine(PolylineTrace.java:180)
	at app.freerouting.board.PolylineTrace.combine(PolylineTrace.java:180)
	at app.freerouting.board.PolylineTrace.combine(PolylineTrace.java:180)
	at app.freerouting.board.PolylineTrace.combine(PolylineTrace.java:180)
	at app.freerouting.board.PolylineTrace.combine(PolylineTrace.java:180)
	at app.freerouting.board.PolylineTrace.combine(PolylineTrace.java:180)
	at app.freerouting.board.PolylineTrace.combine(PolylineTrace.java:180)
	at app.freerouting.board.PolylineTrace.combine(PolylineTrace.java:180)
	at app.freerouting.board.PolylineTrace.combine(PolylineTrace.java:180)
	at app.freerouting.board.PolylineTrace.combine(PolylineTrace.java:180)
	at app.freerouting.board.PolylineTrace.combine(PolylineTrace.java:180)
	at app.freerouting.board.PolylineTrace.combine(PolylineTrace.java:180)
	at app.freerouting.board.PolylineTrace.combine(PolylineTrace.java:180)
	at app.freerouting.board.PolylineTrace.combine(PolylineTrace.java:180)
	at app.freerouting.board.PolylineTrace.combine(PolylineTrace.java:180)
	at app.freerouting.board.PolylineTrace.combine(PolylineTrace.java:180)
	at app.freerouting.board.PolylineTrace.combine(PolylineTrace.java:180)
	at app.freerouting.board.PolylineTrace.combine(PolylineTrace.java:180)
	at app.freerouting.board.PolylineTrace.combine(PolylineTrace.java:180)
	at app.freerouting.board.PolylineTrace.combine(PolylineTrace.java:180)
	at app.freerouting.board.PolylineTrace.combine(PolylineTrace.java:180)
	at app.freerouting.board.PolylineTrace.combine(PolylineTrace.java:180)
	at app.freerouting.board.PolylineTrace.combine(PolylineTrace.java:180)
	at app.freerouting.board.PolylineTrace.combine(PolylineTrace.java:180)
	at app.freerouting.board.PolylineTrace.combine(PolylineTrace.java:180)
	at app.freerouting.board.PolylineTrace.combine(PolylineTrace.java:180)
	at app.freerouting.board.PolylineTrace.combine(PolylineTrace.java:180)
	at app.freerouting.board.PolylineTrace.combine(PolylineTrace.java:180)
	at app.freerouting.board.PolylineTrace.combine(PolylineTrace.java:180)
	at app.freerouting.board.PolylineTrace.combine(PolylineTrace.java:180)
	at app.freerouting.board.PolylineTrace.combine(PolylineTrace.java:180)
	at app.freerouting.board.PolylineTrace.combine(PolylineTrace.java:180)
	at app.freerouting.board.PolylineTrace.combine(PolylineTrace.java:180)
	at app.freerouting.board.PolylineTrace.combine(PolylineTrace.java:180)
	at app.freerouting.board.PolylineTrace.combine(PolylineTrace.java:180)
	at app.freerouting.board.PolylineTrace.combine(PolylineTrace.java:180)
	at app.freerouting.board.PolylineTrace.combine(PolylineTrace.java:180)
	at app.freerouting.board.PolylineTrace.combine(PolylineTrace.java:180)
	at app.freerouting.board.PolylineTrace.combine(PolylineTrace.java:180)
	at app.freerouting.board.PolylineTrace.combine(PolylineTrace.java:180)
	at app.freerouting.board.PolylineTrace.combine(PolylineTrace.java:180)
	at app.freerouting.board.PolylineTrace.combine(PolylineTrace.java:180)
	at app.freerouting.board.PolylineTrace.combine(PolylineTrace.java:180)
	at app.freerouting.board.PolylineTrace.combine(PolylineTrace.java:180)
	at app.freerouting.board.PolylineTrace.combine(PolylineTrace.java:180)
	at app.freerouting.board.PolylineTrace.combine(PolylineTrace.java:180)
	at app.freerouting.board.PolylineTrace.combine(PolylineTrace.java:180)
	at app.freerouting.board.PolylineTrace.combine(PolylineTrace.java:180)
	at app.freerouting.board.PolylineTrace.combine(PolylineTrace.java:180)
	at app.freerouting.board.PolylineTrace.combine(PolylineTrace.java:180)
	at app.freerouting.board.PolylineTrace.combine(PolylineTrace.java:180)
	at app.freerouting.board.PolylineTrace.combine(PolylineTrace.java:180)
	at app.freerouting.board.PolylineTrace.combine(PolylineTrace.java:180)
	at app.freerouting.board.PolylineTrace.combine(PolylineTrace.java:180)
	at app.freerouting.board.PolylineTrace.combine(PolylineTrace.java:180)
	at app.freerouting.board.PolylineTrace.combine(PolylineTrace.java:180)
	at app.freerouting.board.PolylineTrace.combine(PolylineTrace.java:180)
	at app.freerouting.board.PolylineTrace.combine(PolylineTrace.java:180)
	at app.freerouting.board.PolylineTrace.combine(PolylineTrace.java:180)
	at app.freerouting.board.PolylineTrace.combine(PolylineTrace.java:180)
	at app.freerouting.board.PolylineTrace.combine(PolylineTrace.java:180)
	at app.freerouting.board.PolylineTrace.combine(PolylineTrace.java:180)
	at app.freerouting.board.PolylineTrace.combine(PolylineTrace.java:180)
	at app.freerouting.board.PolylineTrace.combine(PolylineTrace.java:180)
	at app.freerouting.board.PolylineTrace.combine(PolylineTrace.java:180)
	at app.freerouting.board.PolylineTrace.combine(PolylineTrace.java:180)
	at app.freerouting.board.PolylineTrace.combine(PolylineTrace.java:180)
	at app.freerouting.board.PolylineTrace.combine(PolylineTrace.java:180)
	at app.freerouting.board.PolylineTrace.combine(PolylineTrace.java:180)
	at app.freerouting.board.PolylineTrace.combine(PolylineTrace.java:180)
	at app.freerouting.board.PolylineTrace.combine(PolylineTrace.java:180)
	at app.freerouting.board.PolylineTrace.combine(PolylineTrace.java:180)
	at app.freerouting.board.PolylineTrace.combine(PolylineTrace.java:180)
	at app.freerouting.board.PolylineTrace.combine(PolylineTrace.java:180)
	at app.freerouting.board.PolylineTrace.combine(PolylineTrace.java:180)
	at app.freerouting.board.PolylineTrace.combine(PolylineTrace.java:180)
	at app.freerouting.board.PolylineTrace.combine(PolylineTrace.java:180)
	at app.freerouting.board.PolylineTrace.combine(PolylineTrace.java:180)
	at app.freerouting.board.PolylineTrace.combine(PolylineTrace.java:180)
	at app.freerouting.board.PolylineTrace.combine(PolylineTrace.java:180)
	at app.freerouting.board.PolylineTrace.combine(PolylineTrace.java:180)
	at app.freerouting.board.PolylineTrace.combine(PolylineTrace.java:180)
	at app.freerouting.board.PolylineTrace.combine(PolylineTrace.java:180)
	at app.freerouting.board.PolylineTrace.combine(PolylineTrace.java:180)
	at app.freerouting.board.PolylineTrace.combine(PolylineTrace.java:180)
	at app.freerouting.board.PolylineTrace.combine(PolylineTrace.java:180)
	at app.freerouting.board.PolylineTrace.combine(PolylineTrace.java:180)
	at app.freerouting.board.PolylineTrace.combine(PolylineTrace.java:180)
	at app.freerouting.board.PolylineTrace.combine(PolylineTrace.java:180)
	at app.freerouting.board.PolylineTrace.combine(PolylineTrace.java:180)
	at app.freerouting.board.PolylineTrace.combine(PolylineTrace.java:180)
	at app.freerouting.board.PolylineTrace.combine(PolylineTrace.java:180)
	at app.freerouting.board.PolylineTrace.combine(PolylineTrace.java:180)
	at app.freerouting.board.PolylineTrace.combine(PolylineTrace.java:180)
	at app.freerouting.board.PolylineTrace.combine(PolylineTrace.java:180)
	at app.freerouting.board.PolylineTrace.combine(PolylineTrace.java:180)
	at app.freerouting.board.PolylineTrace.combine(PolylineTrace.java:180)
	at app.freerouting.board.PolylineTrace.combine(PolylineTrace.java:180)
	at app.freerouting.board.PolylineTrace.combine(PolylineTrace.java:180)
	at app.freerouting.board.PolylineTrace.combine(PolylineTrace.java:180)
	at app.freerouting.board.PolylineTrace.combine(PolylineTrace.java:180)
	at app.freerouting.board.PolylineTrace.combine(PolylineTrace.java:180)
	at app.freerouting.board.PolylineTrace.combine(PolylineTrace.java:180)
	at app.freerouting.board.PolylineTrace.combine(PolylineTrace.java:180)
	at app.freerouting.board.PolylineTrace.combine(PolylineTrace.java:180)
	at app.freerouting.board.PolylineTrace.combine(PolylineTrace.java:180)
	at app.freerouting.board.PolylineTrace.combine(PolylineTrace.java:180)
	at app.freerouting.board.PolylineTrace.combine(PolylineTrace.java:180)
	at app.freerouting.board.PolylineTrace.combine(PolylineTrace.java:180)
	at app.freerouting.board.PolylineTrace.combine(PolylineTrace.java:180)
	at app.freerouting.board.PolylineTrace.combine(PolylineTrace.java:180)
	at app.freerouting.board.PolylineTrace.combine(PolylineTrace.java:180)
	at app.freerouting.board.PolylineTrace.combine(PolylineTrace.java:180)
	at app.freerouting.board.PolylineTrace.combine(PolylineTrace.java:180)
	at app.freerouting.board.PolylineTrace.combine(PolylineTrace.java:180)
	at app.freerouting.board.PolylineTrace.combine(PolylineTrace.java:180)
	at app.freerouting.board.PolylineTrace.combine(PolylineTrace.java:180)
	at app.freerouting.board.PolylineTrace.combine(PolylineTrace.java:180)
	at app.freerouting.board.PolylineTrace.combine(PolylineTrace.java:180)
	at app.freerouting.board.PolylineTrace.combine(PolylineTrace.java:180)
	at app.freerouting.board.PolylineTrace.combine(PolylineTrace.java:180)
	at app.freerouting.board.PolylineTrace.combine(PolylineTrace.java:180)
	at app.freerouting.board.PolylineTrace.combine(PolylineTrace.java:180)
	at app.freerouting.board.PolylineTrace.combine(PolylineTrace.java:180)
	at app.freerouting.board.PolylineTrace.combine(PolylineTrace.java:180)
	at app.freerouting.board.PolylineTrace.combine(PolylineTrace.java:180)
	at app.freerouting.board.PolylineTrace.combine(PolylineTrace.java:180)
	at app.freerouting.board.PolylineTrace.combine(PolylineTrace.java:180)
	at app.freerouting.board.PolylineTrace.combine(PolylineTrace.java:180)
	at app.freerouting.board.PolylineTrace.combine(PolylineTrace.java:180)
	at app.freerouting.board.PolylineTrace.combine(PolylineTrace.java:180)
	at app.freerouting.board.PolylineTrace.combine(PolylineTrace.java:180)
	at app.freerouting.board.PolylineTrace.combine(PolylineTrace.java:180)
	at app.freerouting.board.PolylineTrace.combine(PolylineTrace.java:180)
	at app.freerouting.board.PolylineTrace.combine(PolylineTrace.java:180)
	at app.freerouting.board.PolylineTrace.combine(PolylineTrace.java:180)
	at app.freerouting.board.PolylineTrace.combine(PolylineTrace.java:180)
	at app.freerouting.board.PolylineTrace.combine(PolylineTrace.java:180)
	at app.freerouting.board.PolylineTrace.combine(PolylineTrace.java:180)
	at app.freerouting.board.PolylineTrace.combine(PolylineTrace.java:180)
	at app.freerouting.board.PolylineTrace.combine(PolylineTrace.java:180)
	at app.freerouting.board.PolylineTrace.combine(PolylineTrace.java:180)
	at app.freerouting.board.PolylineTrace.combine(PolylineTrace.java:180)
	at app.freerouting.board.PolylineTrace.combine(PolylineTrace.java:180)
	at app.freerouting.board.PolylineTrace.combine(PolylineTrace.java:180)
	at app.freerouting.board.PolylineTrace.combine(PolylineTrace.java:180)
	at app.freerouting.board.PolylineTrace.combine(PolylineTrace.java:180)
	at app.freerouting.board.PolylineTrace.combine(PolylineTrace.java:180)
	at app.freerouting.board.PolylineTrace.combine(PolylineTrace.java:180)
	at app.freerouting.board.PolylineTrace.combine(PolylineTrace.java:180)
	at app.freerouting.board.PolylineTrace.combine(PolylineTrace.java:180)
	at app.freerouting.board.PolylineTrace.combine(PolylineTrace.java:180)
	at app.freerouting.board.PolylineTrace.combine(PolylineTrace.java:180)
	at app.freerouting.board.PolylineTrace.combine(PolylineTrace.java:180)
	at app.freerouting.board.PolylineTrace.combine(PolylineTrace.java:180)
	at app.freerouting.board.PolylineTrace.combine(PolylineTrace.java:180)
	at app.freerouting.board.PolylineTrace.combine(PolylineTrace.java:180)
	at app.freerouting.board.PolylineTrace.combine(PolylineTrace.java:180)
	at app.freerouting.board.PolylineTrace.combine(PolylineTrace.java:180)
	at app.freerouting.board.PolylineTrace.combine(PolylineTrace.java:180)
	at app.freerouting.board.PolylineTrace.combine(PolylineTrace.java:180)
	at app.freerouting.board.PolylineTrace.combine(PolylineTrace.java:180)
	at app.freerouting.board.PolylineTrace.combine(PolylineTrace.java:180)
	at app.freerouting.board.PolylineTrace.combine(PolylineTrace.java:180)
	at app.freerouting.board.PolylineTrace.combine(PolylineTrace.java:180)
	at app.freerouting.board.PolylineTrace.combine(PolylineTrace.java:180)
	at app.freerouting.board.PolylineTrace.combine(PolylineTrace.java:180)
	at app.freerouting.board.PolylineTrace.combine(PolylineTrace.java:180)
	at app.freerouting.board.PolylineTrace.combine(PolylineTrace.java:180)
	at app.freerouting.board.PolylineTrace.combine(PolylineTrace.java:180)
	at app.freerouting.board.PolylineTrace.combine(PolylineTrace.java:180)
	at app.freerouting.board.PolylineTrace.combine(PolylineTrace.java:180)
	at app.freerouting.board.PolylineTrace.combine(PolylineTrace.java:180)
	at app.freerouting.board.PolylineTrace.combine(PolylineTrace.java:180)
	at app.freerouting.board.PolylineTrace.combine(PolylineTrace.java:180)
	at app.freerouting.board.PolylineTrace.combine(PolylineTrace.java:180)
	at app.freerouting.board.PolylineTrace.combine(PolylineTrace.java:180)
	at app.freerouting.board.PolylineTrace.combine(PolylineTrace.java:180)
	at app.freerouting.board.PolylineTrace.combine(PolylineTrace.java:180)
	at app.freerouting.board.PolylineTrace.combine(PolylineTrace.java:180)
	at app.freerouting.board.PolylineTrace.combine(PolylineTrace.java:180)
	at app.freerouting.board.PolylineTrace.combine(PolylineTrace.java:180)
	at app.freerouting.board.PolylineTrace.combine(PolylineTrace.java:180)
	at app.freerouting.board.PolylineTrace.combine(PolylineTrace.java:180)
	at app.freerouting.board.PolylineTrace.combine(PolylineTrace.java:180)
	at app.freerouting.board.PolylineTrace.combine(PolylineTrace.java:180)
	at app.freerouting.board.PolylineTrace.combine(PolylineTrace.java:180)
	at app.freerouting.board.PolylineTrace.combine(PolylineTrace.java:180)
	at app.freerouting.board.PolylineTrace.combine(PolylineTrace.java:180)
	at app.freerouting.board.PolylineTrace.combine(PolylineTrace.java:180)
	at app.freerouting.board.PolylineTrace.combine(PolylineTrace.java:180)
	at app.freerouting.board.PolylineTrace.combine(PolylineTrace.java:180)
	at app.freerouting.board.PolylineTrace.combine(PolylineTrace.java:180)
	at app.freerouting.board.PolylineTrace.combine(PolylineTrace.java:180)
	at app.freerouting.board.PolylineTrace.combine(PolylineTrace.java:180)
	at app.freerouting.board.PolylineTrace.combine(PolylineTrace.java:180)
	at app.freerouting.board.PolylineTrace.combine(PolylineTrace.java:180)
	at app.freerouting.board.PolylineTrace.combine(PolylineTrace.java:180)
	at app.freerouting.board.PolylineTrace.combine(PolylineTrace.java:180)
	at app.freerouting.board.PolylineTrace.combine(PolylineTrace.java:180)
	at app.freerouting.board.PolylineTrace.combine(PolylineTrace.java:180)
	at app.freerouting.board.PolylineTrace.combine(PolylineTrace.java:180)
	at app.freerouting.board.PolylineTrace.combine(PolylineTrace.java:180)
	at app.freerouting.board.PolylineTrace.combine(PolylineTrace.java:180)
	at app.freerouting.board.PolylineTrace.combine(PolylineTrace.java:180)
	at app.freerouting.board.PolylineTrace.combine(PolylineTrace.java:180)
	at app.freerouting.board.PolylineTrace.combine(PolylineTrace.java:180)
	at app.freerouting.board.PolylineTrace.combine(PolylineTrace.java:180)
	at app.freerouting.board.PolylineTrace.combine(PolylineTrace.java:180)
	at app.freerouting.board.PolylineTrace.combine(PolylineTrace.java:180)
	at app.freerouting.board.PolylineTrace.combine(PolylineTrace.java:180)
	at app.freerouting.board.PolylineTrace.combine(PolylineTrace.java:180)
	at app.freerouting.board.PolylineTrace.combine(PolylineTrace.java:180)
	at app.freerouting.board.PolylineTrace.combine(PolylineTrace.java:180)
	at app.freerouting.board.PolylineTrace.combine(PolylineTrace.java:180)
	at app.freerouting.board.PolylineTrace.combine(PolylineTrace.java:180)
	at app.freerouting.board.PolylineTrace.combine(PolylineTrace.java:180)
	at app.freerouting.board.PolylineTrace.combine(PolylineTrace.java:180)
	at app.freerouting.board.PolylineTrace.combine(PolylineTrace.java:180)
	at app.freerouting.board.PolylineTrace.combine(PolylineTrace.java:180)
	at app.freerouting.board.PolylineTrace.combine(PolylineTrace.java:180)
	at app.freerouting.board.PolylineTrace.combine(PolylineTrace.java:180)
	at app.freerouting.board.PolylineTrace.combine(PolylineTrace.java:180)
	at app.freerouting.board.PolylineTrace.combine(PolylineTrace.java:180)
	at app.freerouting.board.PolylineTrace.combine(PolylineTrace.java:180)
	at app.freerouting.board.PolylineTrace.combine(PolylineTrace.java:180)
	at app.freerouting.board.PolylineTrace.combine(PolylineTrace.java:180)
	at app.freerouting.board.PolylineTrace.combine(PolylineTrace.java:180)
	at app.freerouting.board.PolylineTrace.combine(PolylineTrace.java:180)
	at app.freerouting.board.PolylineTrace.combine(PolylineTrace.java:180)
	at app.freerouting.board.PolylineTrace.combine(PolylineTrace.java:180)
	at app.freerouting.board.PolylineTrace.combine(PolylineTrace.java:180)
	at app.freerouting.board.PolylineTrace.combine(PolylineTrace.java:180)
	at app.freerouting.board.PolylineTrace.combine(PolylineTrace.java:180)
	at app.freerouting.board.PolylineTrace.combine(PolylineTrace.java:180)
	at app.freerouting.board.PolylineTrace.combine(PolylineTrace.java:180)
	at app.freerouting.board.PolylineTrace.combine(PolylineTrace.java:180)
	at app.freerouting.board.PolylineTrace.combine(PolylineTrace.java:180)
	at app.freerouting.board.PolylineTrace.combine(PolylineTrace.java:180)
	at app.freerouting.board.PolylineTrace.combine(PolylineTrace.java:180)
	at app.freerouting.board.PolylineTrace.combine(PolylineTrace.java:180)
	at app.freerouting.board.PolylineTrace.combine(PolylineTrace.java:180)
	at app.freerouting.board.PolylineTrace.combine(PolylineTrace.java:180)
	at app.freerouting.board.PolylineTrace.combine(PolylineTrace.java:180)
	at app.freerouting.board.PolylineTrace.combine(PolylineTrace.java:180)
	at app.freerouting.board.PolylineTrace.combine(PolylineTrace.java:180)
	at app.freerouting.board.PolylineTrace.combine(PolylineTrace.java:180)
	at app.freerouting.board.PolylineTrace.combine(PolylineTrace.java:180)
	at app.freerouting.board.PolylineTrace.combine(PolylineTrace.java:180)
	at app.freerouting.board.PolylineTrace.combine(PolylineTrace.java:180)
	at app.freerouting.board.PolylineTrace.combine(PolylineTrace.java:180)
	at app.freerouting.board.PolylineTrace.combine(PolylineTrace.java:180)
	at app.freerouting.board.PolylineTrace.combine(PolylineTrace.java:180)
	at app.freerouting.board.PolylineTrace.combine(PolylineTrace.java:180)
	at app.freerouting.board.PolylineTrace.combine(PolylineTrace.java:180)
	at app.freerouting.board.PolylineTrace.combine(PolylineTrace.java:180)
	at app.freerouting.board.PolylineTrace.combine(PolylineTrace.java:180)
	at app.freerouting.board.PolylineTrace.combine(PolylineTrace.java:180)
	at app.freerouting.board.PolylineTrace.combine(PolylineTrace.java:180)
	at app.freerouting.board.PolylineTrace.combine(PolylineTrace.java:180)
	at app.freerouting.board.PolylineTrace.combine(PolylineTrace.java:180)
	at app.freerouting.board.PolylineTrace.combine(PolylineTrace.java:180)
	at app.freerouting.board.PolylineTrace.combine(PolylineTrace.java:180)
	at app.freerouting.board.PolylineTrace.combine(PolylineTrace.java:180)
	at app.freerouting.board.PolylineTrace.combine(PolylineTrace.java:180)
	at app.freerouting.board.PolylineTrace.combine(PolylineTrace.java:180)
	at app.freerouting.board.PolylineTrace.combine(PolylineTrace.java:180)
	at app.freerouting.board.PolylineTrace.combine(PolylineTrace.java:180)
	at app.freerouting.board.PolylineTrace.combine(PolylineTrace.java:180)
	at app.freerouting.board.PolylineTrace.combine(PolylineTrace.java:180)
	at app.freerouting.board.PolylineTrace.combine(PolylineTrace.java:180)
	at app.freerouting.board.PolylineTrace.combine(PolylineTrace.java:180)
	at app.freerouting.board.PolylineTrace.combine(PolylineTrace.java:180)
	at app.freerouting.board.PolylineTrace.combine(PolylineTrace.java:180)
	at app.freerouting.board.PolylineTrace.combine(PolylineTrace.java:180)
	at app.freerouting.board.PolylineTrace.combine(PolylineTrace.java:180)
	at app.freerouting.board.PolylineTrace.combine(PolylineTrace.java:180)
	at app.freerouting.board.PolylineTrace.combine(PolylineTrace.java:180)
	at app.freerouting.board.PolylineTrace.combine(PolylineTrace.java:180)
	at app.freerouting.board.PolylineTrace.combine(PolylineTrace.java:180)
	at app.freerouting.board.PolylineTrace.combine(PolylineTrace.java:180)
	at app.freerouting.board.PolylineTrace.combine(PolylineTrace.java:180)
	at app.freerouting.board.PolylineTrace.combine(PolylineTrace.java:180)
	at app.freerouting.board.PolylineTrace.combine(PolylineTrace.java:180)
	at app.freerouting.board.PolylineTrace.combine(PolylineTrace.java:180)
	at app.freerouting.board.PolylineTrace.combine(PolylineTrace.java:180)
	at app.freerouting.board.PolylineTrace.combine(PolylineTrace.java:180)
	at app.freerouting.board.PolylineTrace.combine(PolylineTrace.java:180)
	at app.freerouting.board.PolylineTrace.combine(PolylineTrace.java:180)
	at app.freerouting.board.PolylineTrace.combine(PolylineTrace.java:180)
	at app.freerouting.board.PolylineTrace.combine(PolylineTrace.java:180)
	at app.freerouting.board.PolylineTrace.combine(PolylineTrace.java:180)
	at app.freerouting.board.PolylineTrace.combine(PolylineTrace.java:180)
	at app.freerouting.board.PolylineTrace.combine(PolylineTrace.java:180)
	at app.freerouting.board.PolylineTrace.combine(PolylineTrace.java:180)
	at app.freerouting.board.PolylineTrace.combine(PolylineTrace.java:180)
	at app.freerouting.board.PolylineTrace.combine(PolylineTrace.java:180)
	at app.freerouting.board.PolylineTrace.combine(PolylineTrace.java:180)
	at app.freerouting.board.PolylineTrace.combine(PolylineTrace.java:180)
	at app.freerouting.board.PolylineTrace.combine(PolylineTrace.java:180)
	at app.freerouting.board.PolylineTrace.combine(PolylineTrace.java:180)
	at app.freerouting.board.PolylineTrace.combine(PolylineTrace.java:180)
	at app.freerouting.board.PolylineTrace.combine(PolylineTrace.java:180)
	at app.freerouting.board.PolylineTrace.combine(PolylineTrace.java:180)
	at app.freerouting.board.PolylineTrace.combine(PolylineTrace.java:180)
	at app.freerouting.board.PolylineTrace.combine(PolylineTrace.java:180)
	at app.freerouting.board.PolylineTrace.combine(PolylineTrace.java:180)
	at app.freerouting.board.PolylineTrace.combine(PolylineTrace.java:180)
	at app.freerouting.board.PolylineTrace.combine(PolylineTrace.java:180)
	at app.freerouting.board.PolylineTrace.combine(PolylineTrace.java:180)
	at app.freerouting.board.PolylineTrace.combine(PolylineTrace.java:180)
	at app.freerouting.board.PolylineTrace.combine(PolylineTrace.java:180)
	at app.freerouting.board.PolylineTrace.combine(PolylineTrace.java:180)
	at app.freerouting.board.PolylineTrace.combine(PolylineTrace.java:180)
	at app.freerouting.board.PolylineTrace.combine(PolylineTrace.java:180)
	at app.freerouting.board.PolylineTrace.combine(PolylineTrace.java:180)
	at app.freerouting.board.PolylineTrace.combine(PolylineTrace.java:180)
	at app.freerouting.board.PolylineTrace.combine(PolylineTrace.java:180)
	at app.freerouting.board.PolylineTrace.combine(PolylineTrace.java:180)
	at app.freerouting.board.PolylineTrace.combine(PolylineTrace.java:180)
	at app.freerouting.board.PolylineTrace.combine(PolylineTrace.java:180)
	at app.freerouting.board.PolylineTrace.combine(PolylineTrace.java:180)
	at app.freerouting.board.PolylineTrace.combine(PolylineTrace.java:180)
	at app.freerouting.board.PolylineTrace.combine(PolylineTrace.java:180)
	at app.freerouting.board.PolylineTrace.combine(PolylineTrace.java:180)
	at app.freerouting.board.PolylineTrace.combine(PolylineTrace.java:180)
	at app.freerouting.board.PolylineTrace.combine(PolylineTrace.java:180)
	at app.freerouting.board.PolylineTrace.combine(PolylineTrace.java:180)
	at app.freerouting.board.PolylineTrace.combine(PolylineTrace.java:180)
	at app.freerouting.board.PolylineTrace.combine(PolylineTrace.java:180)
	at app.freerouting.board.PolylineTrace.combine(PolylineTrace.java:180)
	at app.freerouting.board.PolylineTrace.combine(PolylineTrace.java:180)
	at app.freerouting.board.PolylineTrace.combine(PolylineTrace.java:180)
	at app.freerouting.board.PolylineTrace.combine(PolylineTrace.java:180)
	at app.freerouting.board.PolylineTrace.combine(PolylineTrace.java:180)
	at app.freerouting.board.PolylineTrace.combine(PolylineTrace.java:180)
	at app.freerouting.board.PolylineTrace.combine(PolylineTrace.java:180)
	at app.freerouting.board.PolylineTrace.combine(PolylineTrace.java:180)
	at app.freerouting.board.PolylineTrace.combine(PolylineTrace.java:180)
	at app.freerouting.board.PolylineTrace.combine(PolylineTrace.java:180)
	at app.freerouting.board.PolylineTrace.combine(PolylineTrace.java:180)
	at app.freerouting.board.PolylineTrace.combine(PolylineTrace.java:180)
	at app.freerouting.board.PolylineTrace.combine(PolylineTrace.java:180)
	at app.freerouting.board.PolylineTrace.combine(PolylineTrace.java:180)
	at app.freerouting.board.PolylineTrace.combine(PolylineTrace.java:180)
	at app.freerouting.board.PolylineTrace.combine(PolylineTrace.java:180)
	at app.freerouting.board.PolylineTrace.combine(PolylineTrace.java:180)
	at app.freerouting.board.PolylineTrace.combine(PolylineTrace.java:180)
	at app.freerouting.board.PolylineTrace.combine(PolylineTrace.java:180)
	at app.freerouting.board.PolylineTrace.combine(PolylineTrace.java:180)
	at app.freerouting.board.PolylineTrace.combine(PolylineTrace.java:180)
	at app.freerouting.board.PolylineTrace.combine(PolylineTrace.java:180)
	at app.freerouting.board.PolylineTrace.combine(PolylineTrace.java:180)
	at app.freerouting.board.PolylineTrace.combine(PolylineTrace.java:180)
	at app.freerouting.board.PolylineTrace.combine(PolylineTrace.java:180)
	at app.freerouting.board.PolylineTrace.combine(PolylineTrace.java:180)
	at app.freerouting.board.PolylineTrace.combine(PolylineTrace.java:180)
	at app.freerouting.board.PolylineTrace.combine(PolylineTrace.java:180)
	at app.freerouting.board.PolylineTrace.combine(PolylineTrace.java:180)
	at app.freerouting.board.PolylineTrace.combine(PolylineTrace.java:180)
	at app.freerouting.board.PolylineTrace.combine(PolylineTrace.java:180)
	at app.freerouting.board.PolylineTrace.combine(PolylineTrace.java:180)
	at app.freerouting.board.PolylineTrace.combine(PolylineTrace.java:180)
	at app.freerouting.board.PolylineTrace.combine(PolylineTrace.java:180)
	at app.freerouting.board.PolylineTrace.combine(PolylineTrace.java:180)
	at app.freerouting.board.PolylineTrace.combine(PolylineTrace.java:180)
	at app.freerouting.board.PolylineTrace.combine(PolylineTrace.java:180)
	at app.freerouting.board.PolylineTrace.combine(PolylineTrace.java:180)
	at app.freerouting.board.PolylineTrace.combine(PolylineTrace.java:180)
	at app.freerouting.board.PolylineTrace.combine(PolylineTrace.java:180)
	at app.freerouting.board.PolylineTrace.combine(PolylineTrace.java:180)
	at app.freerouting.board.PolylineTrace.combine(PolylineTrace.java:180)
	at app.freerouting.board.PolylineTrace.combine(PolylineTrace.java:180)
	at app.freerouting.board.PolylineTrace.combine(PolylineTrace.java:180)
	at app.freerouting.board.PolylineTrace.combine(PolylineTrace.java:180)
	at app.freerouting.board.PolylineTrace.combine(PolylineTrace.java:180)
	at app.freerouting.board.PolylineTrace.combine(PolylineTrace.java:180)
	at app.freerouting.board.PolylineTrace.combine(PolylineTrace.java:180)
	at app.freerouting.board.PolylineTrace.combine(PolylineTrace.java:180)
	at app.freerouting.board.PolylineTrace.combine(PolylineTrace.java:180)
	at app.freerouting.board.PolylineTrace.combine(PolylineTrace.java:180)
	at app.freerouting.board.PolylineTrace.combine(PolylineTrace.java:180)
	at app.freerouting.board.PolylineTrace.combine(PolylineTrace.java:180)
	at app.freerouting.board.PolylineTrace.combine(PolylineTrace.java:180)
	at app.freerouting.board.PolylineTrace.combine(PolylineTrace.java:180)
	at app.freerouting.board.PolylineTrace.combine(PolylineTrace.java:180)
	at app.freerouting.board.PolylineTrace.combine(PolylineTrace.java:180)
	at app.freerouting.board.PolylineTrace.combine(PolylineTrace.java:180)
	at app.freerouting.board.PolylineTrace.combine(PolylineTrace.java:180)
	at app.freerouting.board.PolylineTrace.combine(PolylineTrace.java:180)
	at app.freerouting.board.PolylineTrace.combine(PolylineTrace.java:180)
	at app.freerouting.board.PolylineTrace.combine(PolylineTrace.java:180)
	at app.freerouting.board.PolylineTrace.combine(PolylineTrace.java:180)
	at app.freerouting.board.PolylineTrace.combine(PolylineTrace.java:180)
	at app.freerouting.board.PolylineTrace.combine(PolylineTrace.java:180)
	at app.freerouting.board.PolylineTrace.combine(PolylineTrace.java:180)
	at app.freerouting.board.PolylineTrace.combine(PolylineTrace.java:180)
	at app.freerouting.board.PolylineTrace.combine(PolylineTrace.java:180)
	at app.freerouting.board.PolylineTrace.combine(PolylineTrace.java:180)
	at app.freerouting.board.PolylineTrace.combine(PolylineTrace.java:180)
	at app.freerouting.board.PolylineTrace.combine(PolylineTrace.java:180)
	at app.freerouting.board.PolylineTrace.combine(PolylineTrace.java:180)
	at app.freerouting.board.PolylineTrace.combine(PolylineTrace.java:180)
	at app.freerouting.board.PolylineTrace.combine(PolylineTrace.java:180)
	at app.freerouting.board.PolylineTrace.combine(PolylineTrace.java:180)
	at app.freerouting.board.PolylineTrace.combine(PolylineTrace.java:180)
	at app.freerouting.board.PolylineTrace.combine(PolylineTrace.java:180)
	at app.freerouting.board.PolylineTrace.combine(PolylineTrace.java:180)
	at app.freerouting.board.PolylineTrace.combine(PolylineTrace.java:180)
	at app.freerouting.board.PolylineTrace.combine(PolylineTrace.java:180)
	at app.freerouting.board.PolylineTrace.combine(PolylineTrace.java:180)
	at app.freerouting.board.PolylineTrace.combine(PolylineTrace.java:180)
	at app.freerouting.board.PolylineTrace.combine(PolylineTrace.java:180)
	at app.freerouting.board.PolylineTrace.combine(PolylineTrace.java:180)
	at app.freerouting.board.PolylineTrace.combine(PolylineTrace.java:180)
	at app.freerouting.board.PolylineTrace.combine(PolylineTrace.java:180)
	at app.freerouting.board.PolylineTrace.combine(PolylineTrace.java:180)
	at app.freerouting.board.PolylineTrace.combine(PolylineTrace.java:180)
	at app.freerouting.board.PolylineTrace.combine(PolylineTrace.java:180)
	at app.freerouting.board.PolylineTrace.combine(PolylineTrace.java:180)
	at app.freerouting.board.PolylineTrace.combine(PolylineTrace.java:180)
	at app.freerouting.board.PolylineTrace.combine(PolylineTrace.java:180)
	at app.freerouting.board.PolylineTrace.combine(PolylineTrace.java:180)
	at app.freerouting.board.PolylineTrace.combine(PolylineTrace.java:180)
	at app.freerouting.board.PolylineTrace.combine(PolylineTrace.java:180)
	at app.freerouting.board.PolylineTrace.combine(PolylineTrace.java:180)
	at app.freerouting.board.PolylineTrace.combine(PolylineTrace.java:180)
	at app.freerouting.board.PolylineTrace.combine(PolylineTrace.java:180)
	at app.freerouting.board.PolylineTrace.combine(PolylineTrace.java:180)
	at app.freerouting.board.PolylineTrace.combine(PolylineTrace.java:180)
	at app.freerouting.board.PolylineTrace.combine(PolylineTrace.java:180)
	at app.freerouting.board.PolylineTrace.combine(PolylineTrace.java:180)
	at app.freerouting.board.PolylineTrace.combine(PolylineTrace.java:180)
	at app.freerouting.board.PolylineTrace.combine(PolylineTrace.java:180)
	at app.freerouting.board.PolylineTrace.combine(PolylineTrace.java:180)
	at app.freerouting.board.PolylineTrace.combine(PolylineTrace.java:180)
	at app.freerouting.board.PolylineTrace.combine(PolylineTrace.java:180)
	at app.freerouting.board.PolylineTrace.combine(PolylineTrace.java:180)
	at app.freerouting.board.PolylineTrace.combine(PolylineTrace.java:180)
	at app.freerouting.board.PolylineTrace.combine(PolylineTrace.java:180)
	at app.freerouting.board.PolylineTrace.combine(PolylineTrace.java:180)
	at app.freerouting.board.PolylineTrace.combine(PolylineTrace.java:180)
	at app.freerouting.board.PolylineTrace.combine(PolylineTrace.java:180)
	at app.freerouting.board.PolylineTrace.combine(PolylineTrace.java:180)
	at app.freerouting.board.PolylineTrace.combine(PolylineTrace.java:180)
	at app.freerouting.board.PolylineTrace.combine(PolylineTrace.java:180)
	at app.freerouting.board.PolylineTrace.combine(PolylineTrace.java:180)
	at app.freerouting.board.PolylineTrace.combine(PolylineTrace.java:180)
	at app.freerouting.board.PolylineTrace.combine(PolylineTrace.java:180)
	at app.freerouting.board.PolylineTrace.combine(PolylineTrace.java:180)
	at app.freerouting.board.PolylineTrace.combine(PolylineTrace.java:180)
	at app.freerouting.board.PolylineTrace.combine(PolylineTrace.java:180)
	at app.freerouting.board.PolylineTrace.combine(PolylineTrace.java:180)
	at app.freerouting.board.PolylineTrace.combine(PolylineTrace.java:180)
	at app.freerouting.board.PolylineTrace.combine(PolylineTrace.java:180)
	at app.freerouting.board.PolylineTrace.combine(PolylineTrace.java:180)
	at app.freerouting.board.PolylineTrace.combine(PolylineTrace.java:180)
	at app.freerouting.board.PolylineTrace.combine(PolylineTrace.java:180)
	at app.freerouting.board.PolylineTrace.combine(PolylineTrace.java:180)
	at app.freerouting.board.PolylineTrace.combine(PolylineTrace.java:180)
	at app.freerouting.board.PolylineTrace.combine(PolylineTrace.java:180)
	at app.freerouting.board.PolylineTrace.combine(PolylineTrace.java:180)
	at app.freerouting.board.PolylineTrace.combine(PolylineTrace.java:180)
	at app.freerouting.board.PolylineTrace.combine(PolylineTrace.java:180)
	at app.freerouting.board.PolylineTrace.combine(PolylineTrace.java:180)
	at app.freerouting.board.PolylineTrace.combine(PolylineTrace.java:180)
	at app.freerouting.board.PolylineTrace.combine(PolylineTrace.java:180)
	at app.freerouting.board.PolylineTrace.combine(PolylineTrace.java:180)
	at app.freerouting.board.PolylineTrace.combine(PolylineTrace.java:180)
	at app.freerouting.board.PolylineTrace.combine(PolylineTrace.java:180)
	at app.freerouting.board.PolylineTrace.combine(PolylineTrace.java:180)
	at app.freerouting.board.PolylineTrace.combine(PolylineTrace.java:180)
	at app.freerouting.board.PolylineTrace.combine(PolylineTrace.java:180)
	at app.freerouting.board.PolylineTrace.combine(PolylineTrace.java:180)
	at app.freerouting.board.PolylineTrace.combine(PolylineTrace.java:180)
	at app.freerouting.board.PolylineTrace.combine(PolylineTrace.java:180)
	at app.freerouting.board.PolylineTrace.combine(PolylineTrace.java:180)
	at app.freerouting.board.PolylineTrace.combine(PolylineTrace.java:180)
	at app.freerouting.board.PolylineTrace.combine(PolylineTrace.java:180)
	at app.freerouting.board.PolylineTrace.combine(PolylineTrace.java:180)
	at app.freerouting.board.PolylineTrace.combine(PolylineTrace.java:180)
	at app.freerouting.board.PolylineTrace.combine(PolylineTrace.java:180)
	at app.freerouting.board.PolylineTrace.combine(PolylineTrace.java:180)
	at app.freerouting.board.PolylineTrace.combine(PolylineTrace.java:180)
	at app.freerouting.board.PolylineTrace.combine(PolylineTrace.java:180)
	at app.freerouting.board.PolylineTrace.combine(PolylineTrace.java:180)
	at app.freerouting.board.PolylineTrace.combine(PolylineTrace.java:180)
	at app.freerouting.board.PolylineTrace.combine(PolylineTrace.java:180)
	at app.freerouting.board.PolylineTrace.combine(PolylineTrace.java:180)
	at app.freerouting.board.PolylineTrace.combine(PolylineTrace.java:180)
	at app.freerouting.board.PolylineTrace.combine(PolylineTrace.java:180)
	at app.freerouting.board.PolylineTrace.combine(PolylineTrace.java:180)
	at app.freerouting.board.PolylineTrace.combine(PolylineTrace.java:180)
	at app.freerouting.board.PolylineTrace.combine(PolylineTrace.java:180)
	at app.freerouting.board.PolylineTrace.combine(PolylineTrace.java:180)
	at app.freerouting.board.PolylineTrace.combine(PolylineTrace.java:180)
	at app.freerouting.board.PolylineTrace.combine(PolylineTrace.java:180)
	at app.freerouting.board.PolylineTrace.combine(PolylineTrace.java:180)
	at app.freerouting.board.PolylineTrace.combine(PolylineTrace.java:180)
	at app.freerouting.board.PolylineTrace.combine(PolylineTrace.java:180)
	at app.freerouting.board.PolylineTrace.combine(PolylineTrace.java:180)
	at app.freerouting.board.PolylineTrace.combine(PolylineTrace.java:180)
	at app.freerouting.board.PolylineTrace.combine(PolylineTrace.java:180)
	at app.freerouting.board.PolylineTrace.combine(PolylineTrace.java:180)
	at app.freerouting.board.PolylineTrace.combine(PolylineTrace.java:180)
	at app.freerouting.board.PolylineTrace.combine(PolylineTrace.java:180)
	at app.freerouting.board.PolylineTrace.combine(PolylineTrace.java:180)
	at app.freerouting.board.PolylineTrace.combine(PolylineTrace.java:180)
	at app.freerouting.board.PolylineTrace.combine(PolylineTrace.java:180)
	at app.freerouting.board.PolylineTrace.combine(PolylineTrace.java:180)
	at app.freerouting.board.PolylineTrace.combine(PolylineTrace.java:180)
	at app.freerouting.board.PolylineTrace.combine(PolylineTrace.java:180)
	at app.freerouting.board.PolylineTrace.combine(PolylineTrace.java:180)
	at app.freerouting.board.PolylineTrace.combine(PolylineTrace.java:180)
	at app.freerouting.board.PolylineTrace.combine(PolylineTrace.java:180)
	at app.freerouting.board.PolylineTrace.combine(PolylineTrace.java:180)
	at app.freerouting.board.PolylineTrace.combine(PolylineTrace.java:180)
	at app.freerouting.board.PolylineTrace.combine(PolylineTrace.java:180)
	at app.freerouting.board.PolylineTrace.combine(PolylineTrace.java:180)
	at app.freerouting.board.PolylineTrace.combine(PolylineTrace.java:180)
	at app.freerouting.board.PolylineTrace.combine(PolylineTrace.java:180)
	at app.freerouting.board.PolylineTrace.combine(PolylineTrace.java:180)
	at app.freerouting.board.PolylineTrace.combine(PolylineTrace.java:180)
	at app.freerouting.board.PolylineTrace.combine(PolylineTrace.java:180)
	at app.freerouting.board.PolylineTrace.combine(PolylineTrace.java:180)
	at app.freerouting.board.PolylineTrace.combine(PolylineTrace.java:180)
	at app.freerouting.board.PolylineTrace.combine(PolylineTrace.java:180)
	at app.freerouting.board.PolylineTrace.combine(PolylineTrace.java:180)
	at app.freerouting.board.PolylineTrace.combine(PolylineTrace.java:180)
	at app.freerouting.board.PolylineTrace.combine(PolylineTrace.java:180)
	at app.freerouting.board.PolylineTrace.combine(PolylineTrace.java:180)
	at app.freerouting.board.PolylineTrace.combine(PolylineTrace.java:180)
	at app.freerouting.board.PolylineTrace.combine(PolylineTrace.java:180)
	at app.freerouting.board.PolylineTrace.combine(PolylineTrace.java:180)
	at app.freerouting.board.PolylineTrace.combine(PolylineTrace.java:180)
	at app.freerouting.board.PolylineTrace.combine(PolylineTrace.java:180)
	at app.freerouting.board.PolylineTrace.combine(PolylineTrace.java:180)
	at app.freerouting.board.PolylineTrace.combine(PolylineTrace.java:180)
	at app.freerouting.board.PolylineTrace.combine(PolylineTrace.java:180)
	at app.freerouting.board.PolylineTrace.combine(PolylineTrace.java:180)
	at app.freerouting.board.PolylineTrace.combine(PolylineTrace.java:180)
	at app.freerouting.board.PolylineTrace.combine(PolylineTrace.java:180)
	at app.freerouting.board.PolylineTrace.combine(PolylineTrace.java:180)
	at app.freerouting.board.PolylineTrace.combine(PolylineTrace.java:180)
	at app.freerouting.board.PolylineTrace.combine(PolylineTrace.java:180)
	at app.freerouting.board.PolylineTrace.combine(PolylineTrace.java:180)
	at app.freerouting.board.PolylineTrace.combine(PolylineTrace.java:180)
	at app.freerouting.board.PolylineTrace.combine(PolylineTrace.java:180)
	at app.freerouting.board.PolylineTrace.combine(PolylineTrace.java:180)
	at app.freerouting.board.PolylineTrace.combine(PolylineTrace.java:180)
	at app.freerouting.board.PolylineTrace.combine(PolylineTrace.java:180)
	at app.freerouting.board.PolylineTrace.combine(PolylineTrace.java:180)
	at app.freerouting.board.PolylineTrace.combine(PolylineTrace.java:180)
	at app.freerouting.board.PolylineTrace.combine(PolylineTrace.java:180)
	at app.freerouting.board.PolylineTrace.combine(PolylineTrace.java:180)
	at app.freerouting.board.PolylineTrace.combine(PolylineTrace.java:180)
	at app.freerouting.board.PolylineTrace.combine(PolylineTrace.java:180)
	at app.freerouting.board.PolylineTrace.combine(PolylineTrace.java:180)
	at app.freerouting.board.PolylineTrace.combine(PolylineTrace.java:180)
	at app.freerouting.board.PolylineTrace.combine(PolylineTrace.java:180)
	at app.freerouting.board.PolylineTrace.combine(PolylineTrace.java:180)
	at app.freerouting.board.PolylineTrace.combine(PolylineTrace.java:180)
	at app.freerouting.board.PolylineTrace.combine(PolylineTrace.java:180)
	at app.freerouting.board.PolylineTrace.combine(PolylineTrace.java:180)
	at app.freerouting.board.PolylineTrace.combine(PolylineTrace.java:180)
	at app.freerouting.board.PolylineTrace.combine(PolylineTrace.java:180)
	at app.freerouting.board.PolylineTrace.combine(PolylineTrace.java:180)
	at app.freerouting.board.PolylineTrace.combine(PolylineTrace.java:180)
	at app.freerouting.board.PolylineTrace.combine(PolylineTrace.java:180)
	at app.freerouting.board.PolylineTrace.combine(PolylineTrace.java:180)
	at app.freerouting.board.PolylineTrace.combine(PolylineTrace.java:180)
	at app.freerouting.board.PolylineTrace.combine(PolylineTrace.java:180)
	at app.freerouting.board.PolylineTrace.combine(PolylineTrace.java:180)
	at app.freerouting.board.PolylineTrace.combine(PolylineTrace.java:180)
	at app.freerouting.board.PolylineTrace.combine(PolylineTrace.java:180)
	at app.freerouting.board.PolylineTrace.combine(PolylineTrace.java:180)
	at app.freerouting.board.PolylineTrace.combine(PolylineTrace.java:180)
	at app.freerouting.board.PolylineTrace.combine(PolylineTrace.java:180)
	at app.freerouting.board.PolylineTrace.combine(PolylineTrace.java:180)
	at app.freerouting.board.PolylineTrace.combine(PolylineTrace.java:180)
	at app.freerouting.board.PolylineTrace.combine(PolylineTrace.java:180)
	at app.freerouting.board.PolylineTrace.combine(PolylineTrace.java:180)
	at app.freerouting.board.PolylineTrace.combine(PolylineTrace.java:180)
	at app.freerouting.board.PolylineTrace.combine(PolylineTrace.java:180)
	at app.freerouting.board.PolylineTrace.combine(PolylineTrace.java:180)
	at app.freerouting.board.PolylineTrace.combine(PolylineTrace.java:180)
	at app.freerouting.board.PolylineTrace.combine(PolylineTrace.java:180)
	at app.freerouting.board.PolylineTrace.combine(PolylineTrace.java:180)
	at app.freerouting.board.PolylineTrace.combine(PolylineTrace.java:180)
	at app.freerouting.board.PolylineTrace.combine(PolylineTrace.java:180)
	at app.freerouting.board.PolylineTrace.combine(PolylineTrace.java:180)
	at app.freerouting.board.PolylineTrace.combine(PolylineTrace.java:180)
	at app.freerouting.board.PolylineTrace.combine(PolylineTrace.java:180)
	at app.freerouting.board.PolylineTrace.combine(PolylineTrace.java:180)
	at app.freerouting.board.PolylineTrace.combine(PolylineTrace.java:180)
	at app.freerouting.board.PolylineTrace.combine(PolylineTrace.java:180)
	at app.freerouting.board.PolylineTrace.combine(PolylineTrace.java:180)
	at app.freerouting.board.PolylineTrace.combine(PolylineTrace.java:180)
	at app.freerouting.board.PolylineTrace.combine(PolylineTrace.java:180)
	at app.freerouting.board.PolylineTrace.combine(PolylineTrace.java:180)
	at app.freerouting.board.PolylineTrace.combine(PolylineTrace.java:180)
	at app.freerouting.board.PolylineTrace.combine(PolylineTrace.java:180)
	at app.freerouting.board.PolylineTrace.combine(PolylineTrace.java:180)
	at app.freerouting.board.PolylineTrace.combine(PolylineTrace.java:180)
	at app.freerouting.board.PolylineTrace.combine(PolylineTrace.java:180)
	at app.freerouting.board.PolylineTrace.combine(PolylineTrace.java:180)
	at app.freerouting.board.PolylineTrace.combine(PolylineTrace.java:180)
	at app.freerouting.board.PolylineTrace.combine(PolylineTrace.java:180)
	at app.freerouting.board.PolylineTrace.combine(PolylineTrace.java:180)
	at app.freerouting.board.PolylineTrace.combine(PolylineTrace.java:180)
	at app.freerouting.board.PolylineTrace.combine(PolylineTrace.java:180)
	at app.freerouting.board.PolylineTrace.combine(PolylineTrace.java:180)
	at app.freerouting.board.PolylineTrace.combine(PolylineTrace.java:180)
	at app.freerouting.board.PolylineTrace.combine(PolylineTrace.java:180)
	at app.freerouting.board.PolylineTrace.combine(PolylineTrace.java:180)
	at app.freerouting.board.PolylineTrace.combine(PolylineTrace.java:180)
	at app.freerouting.board.PolylineTrace.combine(PolylineTrace.java:180)
	at app.freerouting.board.PolylineTrace.combine(PolylineTrace.java:180)
	at app.freerouting.board.PolylineTrace.combine(PolylineTrace.java:180)
	at app.freerouting.board.PolylineTrace.combine(PolylineTrace.java:180)
	at app.freerouting.board.PolylineTrace.combine(PolylineTrace.java:180)
	at app.freerouting.board.PolylineTrace.combine(PolylineTrace.java:180)
	at app.freerouting.board.PolylineTrace.combine(PolylineTrace.java:180)
	at app.freerouting.board.PolylineTrace.combine(PolylineTrace.java:180)
	at app.freerouting.board.PolylineTrace.combine(PolylineTrace.java:180)
	at app.freerouting.board.PolylineTrace.combine(PolylineTrace.java:180)
	at app.freerouting.board.PolylineTrace.combine(PolylineTrace.java:180)
	at app.freerouting.board.PolylineTrace.combine(PolylineTrace.java:180)
	at app.freerouting.board.PolylineTrace.combine(PolylineTrace.java:180)
	at app.freerouting.board.PolylineTrace.combine(PolylineTrace.java:180)
	at app.freerouting.board.PolylineTrace.combine(PolylineTrace.java:180)
	at app.freerouting.board.PolylineTrace.combine(PolylineTrace.java:180)
	at app.freerouting.board.PolylineTrace.combine(PolylineTrace.java:180)
	at app.freerouting.board.PolylineTrace.combine(PolylineTrace.java:180)
	at app.freerouting.board.PolylineTrace.combine(PolylineTrace.java:180)
	at app.freerouting.board.PolylineTrace.combine(PolylineTrace.java:180)
	at app.freerouting.board.PolylineTrace.combine(PolylineTrace.java:180)
	at app.freerouting.board.PolylineTrace.combine(PolylineTrace.java:180)
	at app.freerouting.board.PolylineTrace.combine(PolylineTrace.java:180)
	at app.freerouting.board.PolylineTrace.combine(PolylineTrace.java:180)
	at app.freerouting.board.PolylineTrace.combine(PolylineTrace.java:180)
	at app.freerouting.board.PolylineTrace.combine(PolylineTrace.java:180)
	at app.freerouting.board.PolylineTrace.combine(PolylineTrace.java:180)
	at app.freerouting.board.PolylineTrace.combine(PolylineTrace.java:180)
	at app.freerouting.board.PolylineTrace.combine(PolylineTrace.java:180)
	at app.freerouting.board.PolylineTrace.combine(PolylineTrace.java:180)
	at app.freerouting.board.PolylineTrace.combine(PolylineTrace.java:180)
	at app.freerouting.board.PolylineTrace.combine(PolylineTrace.java:180)
	at app.freerouting.board.PolylineTrace.combine(PolylineTrace.java:180)
	at app.freerouting.board.PolylineTrace.combine(PolylineTrace.java:180)
	at app.freerouting.board.PolylineTrace.combine(PolylineTrace.java:180)
	at app.freerouting.board.PolylineTrace.combine(PolylineTrace.java:180)
	at app.freerouting.board.PolylineTrace.combine(PolylineTrace.java:180)
	at app.freerouting.board.PolylineTrace.combine(PolylineTrace.java:180)
	at app.freerouting.board.PolylineTrace.combine(PolylineTrace.java:180)
	at app.freerouting.board.PolylineTrace.combine(PolylineTrace.java:180)
	at app.freerouting.board.PolylineTrace.combine(PolylineTrace.java:180)
	at app.freerouting.board.PolylineTrace.combine(PolylineTrace.java:180)
	at app.freerouting.board.PolylineTrace.combine(PolylineTrace.java:180)
	at app.freerouting.board.PolylineTrace.combine(PolylineTrace.java:180)
	at app.freerouting.board.PolylineTrace.combine(PolylineTrace.java:180)
	at app.freerouting.board.PolylineTrace.combine(PolylineTrace.java:180)
	at app.freerouting.board.PolylineTrace.combine(PolylineTrace.java:180)
	at app.freerouting.board.PolylineTrace.combine(PolylineTrace.java:180)
	at app.freerouting.board.PolylineTrace.combine(PolylineTrace.java:180)
	at app.freerouting.board.PolylineTrace.combine(PolylineTrace.java:180)
	at app.freerouting.board.PolylineTrace.combine(PolylineTrace.java:180)
	at app.freerouting.board.PolylineTrace.combine(PolylineTrace.java:180)
	at app.freerouting.board.PolylineTrace.combine(PolylineTrace.java:180)
	at app.freerouting.board.PolylineTrace.combine(PolylineTrace.java:180)
	at app.freerouting.board.PolylineTrace.combine(PolylineTrace.java:180)
	at app.freerouting.board.PolylineTrace.combine(PolylineTrace.java:180)
	at app.freerouting.board.PolylineTrace.combine(PolylineTrace.java:180)
	at app.freerouting.board.PolylineTrace.combine(PolylineTrace.java:180)
	at app.freerouting.board.PolylineTrace.combine(PolylineTrace.java:180)
	at app.freerouting.board.PolylineTrace.combine(PolylineTrace.java:180)
	at app.freerouting.board.PolylineTrace.combine(PolylineTrace.java:180)
	at app.freerouting.board.PolylineTrace.combine(PolylineTrace.java:180)
	at app.freerouting.board.PolylineTrace.combine(PolylineTrace.java:180)
	at app.freerouting.board.PolylineTrace.combine(PolylineTrace.java:180)
	at app.freerouting.board.PolylineTrace.combine(PolylineTrace.java:180)
	at app.freerouting.board.PolylineTrace.combine(PolylineTrace.java:180)
	at app.freerouting.board.PolylineTrace.combine(PolylineTrace.java:180)
	at app.freerouting.board.PolylineTrace.combine(PolylineTrace.java:180)
	at app.freerouting.board.PolylineTrace.combine(PolylineTrace.java:180)
	at app.freerouting.board.PolylineTrace.combine(PolylineTrace.java:180)
	at app.freerouting.board.PolylineTrace.combine(PolylineTrace.java:180)
	at app.freerouting.board.PolylineTrace.combine(PolylineTrace.java:180)
	at app.freerouting.board.PolylineTrace.combine(PolylineTrace.java:180)
	at app.freerouting.board.PolylineTrace.combine(PolylineTrace.java:180)
	at app.freerouting.board.PolylineTrace.combine(PolylineTrace.java:180)
	at app.freerouting.board.PolylineTrace.combine(PolylineTrace.java:180)
	at app.freerouting.board.PolylineTrace.combine(PolylineTrace.java:180)
	at app.freerouting.board.PolylineTrace.combine(PolylineTrace.java:180)
	at app.freerouting.board.PolylineTrace.combine(PolylineTrace.java:180)
	at app.freerouting.board.PolylineTrace.combine(PolylineTrace.java:180)
	at app.freerouting.board.PolylineTrace.combine(PolylineTrace.java:180)
	at app.freerouting.board.PolylineTrace.combine(PolylineTrace.java:180)
	at app.freerouting.board.PolylineTrace.combine(PolylineTrace.java:180)
	at app.freerouting.board.PolylineTrace.combine(PolylineTrace.java:180)
	at app.freerouting.board.PolylineTrace.combine(PolylineTrace.java:180)
	at app.freerouting.board.PolylineTrace.combine(PolylineTrace.java:180)
	at app.freerouting.board.PolylineTrace.combine(PolylineTrace.java:180)
	at app.freerouting.board.PolylineTrace.combine(PolylineTrace.java:180)
	at app.freerouting.board.PolylineTrace.combine(PolylineTrace.java:180)
	at app.freerouting.board.PolylineTrace.combine(PolylineTrace.java:180)
	at app.freerouting.board.PolylineTrace.combine(PolylineTrace.java:180)
	at app.freerouting.board.PolylineTrace.combine(PolylineTrace.java:180)
	at app.freerouting.board.PolylineTrace.combine(PolylineTrace.java:180)
	at app.freerouting.board.PolylineTrace.combine(PolylineTrace.java:180)
	at app.freerouting.board.PolylineTrace.combine(PolylineTrace.java:180)
	at app.freerouting.board.PolylineTrace.combine(PolylineTrace.java:180)
	at app.freerouting.board.PolylineTrace.combine(PolylineTrace.java:180)
	at app.freerouting.board.PolylineTrace.combine(PolylineTrace.java:180)
	at app.freerouting.board.PolylineTrace.combine(PolylineTrace.java:180)
	at app.freerouting.board.PolylineTrace.combine(PolylineTrace.java:180)
	at app.freerouting.board.PolylineTrace.combine(PolylineTrace.java:180)
	at app.freerouting.board.PolylineTrace.combine(PolylineTrace.java:180)
	at app.freerouting.board.PolylineTrace.combine(PolylineTrace.java:180)
	at app.freerouting.board.PolylineTrace.combine(PolylineTrace.java:180)
	at app.freerouting.board.PolylineTrace.combine(PolylineTrace.java:180)
	at app.freerouting.board.PolylineTrace.combine(PolylineTrace.java:180)
	at app.freerouting.board.PolylineTrace.combine(PolylineTrace.java:180)
	at app.freerouting.board.PolylineTrace.combine(PolylineTrace.java:180)
	at app.freerouting.board.PolylineTrace.combine(PolylineTrace.java:180)
	at app.freerouting.board.PolylineTrace.combine(PolylineTrace.java:180)
	at app.freerouting.board.PolylineTrace.combine(PolylineTrace.java:180)
	at app.freerouting.board.PolylineTrace.combine(PolylineTrace.java:180)
	at app.freerouting.board.PolylineTrace.combine(PolylineTrace.java:180)
	at app.freerouting.board.PolylineTrace.combine(PolylineTrace.java:180)
	at app.freerouting.board.PolylineTrace.combine(PolylineTrace.java:180)
	at app.freerouting.board.PolylineTrace.combine(PolylineTrace.java:180)
	at app.freerouting.board.PolylineTrace.combine(PolylineTrace.java:180)
	at app.freerouting.board.PolylineTrace.combine(PolylineTrace.java:180)
	at app.freerouting.board.PolylineTrace.combine(PolylineTrace.java:180)
	at app.freerouting.board.PolylineTrace.combine(PolylineTrace.java:180)
	at app.freerouting.board.PolylineTrace.combine(PolylineTrace.java:180)
	at app.freerouting.board.PolylineTrace.combine(PolylineTrace.java:180)
	at app.freerouting.board.PolylineTrace.combine(PolylineTrace.java:180)
	at app.freerouting.board.PolylineTrace.combine(PolylineTrace.java:180)
	at app.freerouting.board.PolylineTrace.combine(PolylineTrace.java:180)
	at app.freerouting.board.PolylineTrace.combine(PolylineTrace.java:180)
	at app.freerouting.board.PolylineTrace.combine(PolylineTrace.java:180)
	at app.freerouting.board.PolylineTrace.combine(PolylineTrace.java:180)
	at app.freerouting.board.PolylineTrace.combine(PolylineTrace.java:180)
	at app.freerouting.board.PolylineTrace.combine(PolylineTrace.java:180)
	at app.freerouting.board.PolylineTrace.combine(PolylineTrace.java:180)
	at app.freerouting.board.PolylineTrace.combine(PolylineTrace.java:180)
	at app.freerouting.board.PolylineTrace.combine(PolylineTrace.java:180)
	at app.freerouting.board.PolylineTrace.combine(PolylineTrace.java:180)
	at app.freerouting.board.PolylineTrace.combine(PolylineTrace.java:180)
	at app.freerouting.board.PolylineTrace.combine(PolylineTrace.java:180)
	at app.freerouting.board.PolylineTrace.combine(PolylineTrace.java:180)
	at app.freerouting.board.PolylineTrace.combine(PolylineTrace.java:180)
	at app.freerouting.board.PolylineTrace.combine(PolylineTrace.java:180)
	at app.freerouting.board.PolylineTrace.combine(PolylineTrace.java:180)
	at app.freerouting.board.PolylineTrace.combine(PolylineTrace.java:180)
	at app.freerouting.board.PolylineTrace.combine(PolylineTrace.java:180)
	at app.freerouting.board.PolylineTrace.combine(PolylineTrace.java:180)
	at app.freerouting.board.PolylineTrace.combine(PolylineTrace.java:180)
	at app.freerouting.board.PolylineTrace.combine(PolylineTrace.java:180)
	at app.freerouting.board.PolylineTrace.combine(PolylineTrace.java:180)
	at app.freerouting.board.PolylineTrace.combine(PolylineTrace.java:180)
	at app.freerouting.board.PolylineTrace.combine(PolylineTrace.java:180)
	at app.freerouting.board.PolylineTrace.combine(PolylineTrace.java:180)
	at app.freerouting.board.PolylineTrace.combine(PolylineTrace.java:180)
	at app.freerouting.board.PolylineTrace.combine(PolylineTrace.java:180)
	at app.freerouting.board.PolylineTrace.combine(PolylineTrace.java:180)
	at app.freerouting.board.PolylineTrace.combine(PolylineTrace.java:180)
	at app.freerouting.board.PolylineTrace.combine(PolylineTrace.java:180)
	at app.freerouting.board.PolylineTrace.combine(PolylineTrace.java:180)
	at app.freerouting.board.PolylineTrace.combine(PolylineTrace.java:180)
	at app.freerouting.board.PolylineTrace.combine(PolylineTrace.java:180)
	at app.freerouting.board.PolylineTrace.combine(PolylineTrace.java:180)
	at app.freerouting.board.PolylineTrace.combine(PolylineTrace.java:180)
	at app.freerouting.board.PolylineTrace.combine(PolylineTrace.java:180)
	at app.freerouting.board.PolylineTrace.combine(PolylineTrace.java:180)
	at app.freerouting.board.PolylineTrace.combine(PolylineTrace.java:180)
	at app.freerouting.board.PolylineTrace.combine(PolylineTrace.java:180)
	at app.freerouting.board.PolylineTrace.combine(PolylineTrace.java:180)
	at app.freerouting.board.PolylineTrace.combine(PolylineTrace.java:180)
	at app.freerouting.board.PolylineTrace.combine(PolylineTrace.java:180)
	at app.freerouting.board.PolylineTrace.combine(PolylineTrace.java:180)
	at app.freerouting.board.PolylineTrace.combine(PolylineTrace.java:180)
	at app.freerouting.board.PolylineTrace.combine(PolylineTrace.java:180)
	at app.freerouting.board.PolylineTrace.combine(PolylineTrace.java:180)
	at app.freerouting.board.PolylineTrace.combine(PolylineTrace.java:180)
	at app.freerouting.board.PolylineTrace.combine(PolylineTrace.java:180)
	at app.freerouting.board.PolylineTrace.combine(PolylineTrace.java:180)
	at app.freerouting.board.PolylineTrace.combine(PolylineTrace.java:180)
	at app.freerouting.board.PolylineTrace.combine(PolylineTrace.java:180)
	at app.freerouting.board.PolylineTrace.combine(PolylineTrace.java:180)
	at app.freerouting.board.PolylineTrace.combine(PolylineTrace.java:180)
	at app.freerouting.board.PolylineTrace.combine(PolylineTrace.java:180)
	at app.freerouting.board.PolylineTrace.combine(PolylineTrace.java:180)
	at app.freerouting.board.PolylineTrace.combine(PolylineTrace.java:180)
	at app.freerouting.board.PolylineTrace.combine(PolylineTrace.java:180)
	at app.freerouting.board.PolylineTrace.combine(PolylineTrace.java:180)
	at app.freerouting.board.PolylineTrace.combine(PolylineTrace.java:180)
	at app.freerouting.board.PolylineTrace.combine(PolylineTrace.java:180)
	at app.freerouting.board.PolylineTrace.combine(PolylineTrace.java:180)
	at app.freerouting.board.PolylineTrace.combine(PolylineTrace.java:180)
	at app.freerouting.board.PolylineTrace.combine(PolylineTrace.java:180)
	at app.freerouting.board.PolylineTrace.combine(PolylineTrace.java:180)
	at app.freerouting.board.PolylineTrace.combine(PolylineTrace.java:180)
	at app.freerouting.board.PolylineTrace.combine(PolylineTrace.java:180)
	at app.freerouting.board.PolylineTrace.combine(PolylineTrace.java:180)
	at app.freerouting.board.PolylineTrace.combine(PolylineTrace.java:180)
	at app.freerouting.board.PolylineTrace.combine(PolylineTrace.java:180)
	at app.freerouting.board.PolylineTrace.combine(PolylineTrace.java:180)
	at app.freerouting.board.PolylineTrace.combine(PolylineTrace.java:180)
	at app.freerouting.board.PolylineTrace.combine(PolylineTrace.java:180)
	at app.freerouting.board.PolylineTrace.combine(PolylineTrace.java:180)
	at app.freerouting.board.PolylineTrace.combine(PolylineTrace.java:180)
	at app.freerouting.board.PolylineTrace.combine(PolylineTrace.java:180)
	at app.freerouting.board.PolylineTrace.combine(PolylineTrace.java:180)
	at app.freerouting.board.PolylineTrace.combine(PolylineTrace.java:180)
	at app.freerouting.board.PolylineTrace.combine(PolylineTrace.java:180)
2026-07-19 17:55:11.076 ERROR  null
java.lang.StackOverflowError
	at java.base/java.math.BigInteger.multiplyByInt(BigInteger.java:1784)
	at java.base/java.math.BigInteger.multiply(BigInteger.java:1695)
	at java.base/java.math.BigInteger.multiply(BigInteger.java:1644)
	at app.freerouting.geometry.planar.Line.intersection(Line.java:298)
	at app.freerouting.geometry.planar.Line.side_of_intersection(Line.java:159)
	at app.freerouting.geometry.planar.Simplex.remove_redundant_lines(Simplex.java:922)
	at app.freerouting.geometry.planar.Simplex.intersection(Simplex.java:631)
	at app.freerouting.geometry.planar.Simplex.intersection(Simplex.java:686)
	at app.freerouting.geometry.planar.Simplex.intersection(Simplex.java:13)
	at app.freerouting.geometry.planar.IntOctagon.intersection(IntOctagon.java:353)
	at app.freerouting.geometry.planar.TileShape.intersection_with_simplify(TileShape.java:78)
	at app.freerouting.geometry.planar.Polyline.offset_shapes(Polyline.java:548)
	at app.freerouting.geometry.planar.Polyline.offset_shape(Polyline.java:570)
	at app.freerouting.board.ShapeSearchTree.offset_shape(ShapeSearchTree.java:959)
	at app.freerouting.board.ShapeSearchTree.calculate_tree_shapes(ShapeSearchTree.java:978)
	at app.freerouting.board.PolylineTrace.calculate_tree_shapes(PolylineTrace.java:126)
	at app.freerouting.board.Item.get_precalculated_tree_shapes(Item.java:202)
	at app.freerouting.board.Item.tree_shape_count(Item.java:183)
	at app.freerouting.datastructures.ShapeTree.insert(ShapeTree.java:40)
	at app.freerouting.board.SearchTreeManager.insert(SearchTreeManager.java:42)
	at app.freerouting.board.PolylineTrace.combine_at_end(PolylineTrace.java:392)
	at app.freerouting.board.PolylineTrace.combine(PolylineTrace.java:178)
	at app.freerouting.board.PolylineTrace.combine(PolylineTrace.java:180)
	at app.freerouting.board.PolylineTrace.combine(PolylineTrace.java:180)
	at app.freerouting.board.PolylineTrace.combine(PolylineTrace.java:180)
	at app.freerouting.board.PolylineTrace.combine(PolylineTrace.java:180)
	at app.freerouting.board.PolylineTrace.combine(PolylineTrace.java:180)
	at app.freerouting.board.PolylineTrace.combine(PolylineTrace.java:180)
	at app.freerouting.board.PolylineTrace.combine(PolylineTrace.java:180)
	at app.freerouting.board.PolylineTrace.combine(PolylineTrace.java:180)
	at app.freerouting.board.PolylineTrace.combine(PolylineTrace.java:180)
	at app.freerouting.board.PolylineTrace.combine(PolylineTrace.java:180)
	at app.freerouting.board.PolylineTrace.combine(PolylineTrace.java:180)
	at app.freerouting.board.PolylineTrace.combine(PolylineTrace.java:180)
	at app.freerouting.board.PolylineTrace.combine(PolylineTrace.java:180)
	at app.freerouting.board.PolylineTrace.combine(PolylineTrace.java:180)
	at app.freerouting.board.PolylineTrace.combine(PolylineTrace.java:180)
	at app.freerouting.board.PolylineTrace.combine(PolylineTrace.java:180)
	at app.freerouting.board.PolylineTrace.combine(PolylineTrace.java:180)
	at app.freerouting.board.PolylineTrace.combine(PolylineTrace.java:180)
	at app.freerouting.board.PolylineTrace.combine(PolylineTrace.java:180)
	at app.freerouting.board.PolylineTrace.combine(PolylineTrace.java:180)
	at app.freerouting.board.PolylineTrace.combine(PolylineTrace.java:180)
	at app.freerouting.board.PolylineTrace.combine(PolylineTrace.java:180)
	at app.freerouting.board.PolylineTrace.combine(PolylineTrace.java:180)
	at app.freerouting.board.PolylineTrace.combine(PolylineTrace.java:180)
	at app.freerouting.board.PolylineTrace.combine(PolylineTrace.java:180)
	at app.freerouting.board.PolylineTrace.combine(PolylineTrace.java:180)
	at app.freerouting.board.PolylineTrace.combine(PolylineTrace.java:180)
	at app.freerouting.board.PolylineTrace.combine(PolylineTrace.java:180)
	at app.freerouting.board.PolylineTrace.combine(PolylineTrace.java:180)
	at app.freerouting.board.PolylineTrace.combine(PolylineTrace.java:180)
	at app.freerouting.board.PolylineTrace.combine(PolylineTrace.java:180)
	at app.freerouting.board.PolylineTrace.combine(PolylineTrace.java:180)
	at app.freerouting.board.PolylineTrace.combine(PolylineTrace.java:180)
	at app.freerouting.board.PolylineTrace.combine(PolylineTrace.java:180)
	at app.freerouting.board.PolylineTrace.combine(PolylineTrace.java:180)
	at app.freerouting.board.PolylineTrace.combine(PolylineTrace.java:180)
	at app.freerouting.board.PolylineTrace.combine(PolylineTrace.java:180)
	at app.freerouting.board.PolylineTrace.combine(PolylineTrace.java:180)
	at app.freerouting.board.PolylineTrace.combine(PolylineTrace.java:180)
	at app.freerouting.board.PolylineTrace.combine(PolylineTrace.java:180)
	at app.freerouting.board.PolylineTrace.combine(PolylineTrace.java:180)
	at app.freerouting.board.PolylineTrace.combine(PolylineTrace.java:180)
	at app.freerouting.board.PolylineTrace.combine(PolylineTrace.java:180)
	at app.freerouting.board.PolylineTrace.combine(PolylineTrace.java:180)
	at app.freerouting.board.PolylineTrace.combine(PolylineTrace.java:180)
	at app.freerouting.board.PolylineTrace.combine(PolylineTrace.java:180)
	at app.freerouting.board.PolylineTrace.combine(PolylineTrace.java:180)
	at app.freerouting.board.PolylineTrace.combine(PolylineTrace.java:180)
	at app.freerouting.board.PolylineTrace.combine(PolylineTrace.java:180)
	at app.freerouting.board.PolylineTrace.combine(PolylineTrace.java:180)
	at app.freerouting.board.PolylineTrace.combine(PolylineTrace.java:180)
	at app.freerouting.board.PolylineTrace.combine(PolylineTrace.java:180)
	at app.freerouting.board.PolylineTrace.combine(PolylineTrace.java:180)
	at app.freerouting.board.PolylineTrace.combine(PolylineTrace.java:180)
	at app.freerouting.board.PolylineTrace.combine(PolylineTrace.java:180)
	at app.freerouting.board.PolylineTrace.combine(PolylineTrace.java:180)
	at app.freerouting.board.PolylineTrace.combine(PolylineTrace.java:180)
	at app.freerouting.board.PolylineTrace.combine(PolylineTrace.java:180)
	at app.freerouting.board.PolylineTrace.combine(PolylineTrace.java:180)
	at app.freerouting.board.PolylineTrace.combine(PolylineTrace.java:180)
	at app.freerouting.board.PolylineTrace.combine(PolylineTrace.java:180)
	at app.freerouting.board.PolylineTrace.combine(PolylineTrace.java:180)
	at app.freerouting.board.PolylineTrace.combine(PolylineTrace.java:180)
	at app.freerouting.board.PolylineTrace.combine(PolylineTrace.java:180)
	at app.freerouting.board.PolylineTrace.combine(PolylineTrace.java:180)
	at app.freerouting.board.PolylineTrace.combine(PolylineTrace.java:180)
	at app.freerouting.board.PolylineTrace.combine(PolylineTrace.java:180)
	at app.freerouting.board.PolylineTrace.combine(PolylineTrace.java:180)
	at app.freerouting.board.PolylineTrace.combine(PolylineTrace.java:180)
	at app.freerouting.board.PolylineTrace.combine(PolylineTrace.java:180)
	at app.freerouting.board.PolylineTrace.combine(PolylineTrace.java:180)
	at app.freerouting.board.PolylineTrace.combine(PolylineTrace.java:180)
	at app.freerouting.board.PolylineTrace.combine(PolylineTrace.java:180)
	at app.freerouting.board.PolylineTrace.combine(PolylineTrace.java:180)
	at app.freerouting.board.PolylineTrace.combine(PolylineTrace.java:180)
	at app.freerouting.board.PolylineTrace.combine(PolylineTrace.java:180)
	at app.freerouting.board.PolylineTrace.combine(PolylineTrace.java:180)
	at app.freerouting.board.PolylineTrace.combine(PolylineTrace.java:180)
	at app.freerouting.board.PolylineTrace.combine(PolylineTrace.java:180)
	at app.freerouting.board.PolylineTrace.combine(PolylineTrace.java:180)
	at app.freerouting.board.PolylineTrace.combine(PolylineTrace.java:180)
	at app.freerouting.board.PolylineTrace.combine(PolylineTrace.java:180)
	at app.freerouting.board.PolylineTrace.combine(PolylineTrace.java:180)
	at app.freerouting.board.PolylineTrace.combine(PolylineTrace.java:180)
	at app.freerouting.board.PolylineTrace.combine(PolylineTrace.java:180)
	at app.freerouting.board.PolylineTrace.combine(PolylineTrace.java:180)
	at app.freerouting.board.PolylineTrace.combine(PolylineTrace.java:180)
	at app.freerouting.board.PolylineTrace.combine(PolylineTrace.java:180)
	at app.freerouting.board.PolylineTrace.combine(PolylineTrace.java:180)
	at app.freerouting.board.PolylineTrace.combine(PolylineTrace.java:180)
	at app.freerouting.board.PolylineTrace.combine(PolylineTrace.java:180)
	at app.freerouting.board.PolylineTrace.combine(PolylineTrace.java:180)
	at app.freerouting.board.PolylineTrace.combine(PolylineTrace.java:180)
	at app.freerouting.board.PolylineTrace.combine(PolylineTrace.java:180)
	at app.freerouting.board.PolylineTrace.combine(PolylineTrace.java:180)
	at app.freerouting.board.PolylineTrace.combine(PolylineTrace.java:180)
	at app.freerouting.board.PolylineTrace.combine(PolylineTrace.java:180)
	at app.freerouting.board.PolylineTrace.combine(PolylineTrace.java:180)
	at app.freerouting.board.PolylineTrace.combine(PolylineTrace.java:180)
	at app.freerouting.board.PolylineTrace.combine(PolylineTrace.java:180)
	at app.freerouting.board.PolylineTrace.combine(PolylineTrace.java:180)
	at app.freerouting.board.PolylineTrace.combine(PolylineTrace.java:180)
	at app.freerouting.board.PolylineTrace.combine(PolylineTrace.java:180)
	at app.freerouting.board.PolylineTrace.combine(PolylineTrace.java:180)
	at app.freerouting.board.PolylineTrace.combine(PolylineTrace.java:180)
	at app.freerouting.board.PolylineTrace.combine(PolylineTrace.java:180)
	at app.freerouting.board.PolylineTrace.combine(PolylineTrace.java:180)
	at app.freerouting.board.PolylineTrace.combine(PolylineTrace.java:180)
	at app.freerouting.board.PolylineTrace.combine(PolylineTrace.java:180)
	at app.freerouting.board.PolylineTrace.combine(PolylineTrace.java:180)
	at app.freerouting.board.PolylineTrace.combine(PolylineTrace.java:180)
	at app.freerouting.board.PolylineTrace.combine(PolylineTrace.java:180)
	at app.freerouting.board.PolylineTrace.combine(PolylineTrace.java:180)
	at app.freerouting.board.PolylineTrace.combine(PolylineTrace.java:180)
	at app.freerouting.board.PolylineTrace.combine(PolylineTrace.java:180)
	at app.freerouting.board.PolylineTrace.combine(PolylineTrace.java:180)
	at app.freerouting.board.PolylineTrace.combine(PolylineTrace.java:180)
	at app.freerouting.board.PolylineTrace.combine(PolylineTrace.java:180)
	at app.freerouting.board.PolylineTrace.combine(PolylineTrace.java:180)
	at app.freerouting.board.PolylineTrace.combine(PolylineTrace.java:180)
	at app.freerouting.board.PolylineTrace.combine(PolylineTrace.java:180)
	at app.freerouting.board.PolylineTrace.combine(PolylineTrace.java:180)
	at app.freerouting.board.PolylineTrace.combine(PolylineTrace.java:180)
	at app.freerouting.board.PolylineTrace.combine(PolylineTrace.java:180)
	at app.freerouting.board.PolylineTrace.combine(PolylineTrace.java:180)
	at app.freerouting.board.PolylineTrace.combine(PolylineTrace.java:180)
	at app.freerouting.board.PolylineTrace.combine(PolylineTrace.java:180)
	at app.freerouting.board.PolylineTrace.combine(PolylineTrace.java:180)
	at app.freerouting.board.PolylineTrace.combine(PolylineTrace.java:180)
	at app.freerouting.board.PolylineTrace.combine(PolylineTrace.java:180)
	at app.freerouting.board.PolylineTrace.combine(PolylineTrace.java:180)
	at app.freerouting.board.PolylineTrace.combine(PolylineTrace.java:180)
	at app.freerouting.board.PolylineTrace.combine(PolylineTrace.java:180)
	at app.freerouting.board.PolylineTrace.combine(PolylineTrace.java:180)
	at app.freerouting.board.PolylineTrace.combine(PolylineTrace.java:180)
	at app.freerouting.board.PolylineTrace.combine(PolylineTrace.java:180)
	at app.freerouting.board.PolylineTrace.combine(PolylineTrace.java:180)
	at app.freerouting.board.PolylineTrace.combine(PolylineTrace.java:180)
	at app.freerouting.board.PolylineTrace.combine(PolylineTrace.java:180)
	at app.freerouting.board.PolylineTrace.combine(PolylineTrace.java:180)
	at app.freerouting.board.PolylineTrace.combine(PolylineTrace.java:180)
	at app.freerouting.board.PolylineTrace.combine(PolylineTrace.java:180)
	at app.freerouting.board.PolylineTrace.combine(PolylineTrace.java:180)
	at app.freerouting.board.PolylineTrace.combine(PolylineTrace.java:180)
	at app.freerouting.board.PolylineTrace.combine(PolylineTrace.java:180)
	at app.freerouting.board.PolylineTrace.combine(PolylineTrace.java:180)
	at app.freerouting.board.PolylineTrace.combine(PolylineTrace.java:180)
	at app.freerouting.board.PolylineTrace.combine(PolylineTrace.java:180)
	at app.freerouting.board.PolylineTrace.combine(PolylineTrace.java:180)
	at app.freerouting.board.PolylineTrace.combine(PolylineTrace.java:180)
	at app.freerouting.board.PolylineTrace.combine(PolylineTrace.java:180)
	at app.freerouting.board.PolylineTrace.combine(PolylineTrace.java:180)
	at app.freerouting.board.PolylineTrace.combine(PolylineTrace.java:180)
	at app.freerouting.board.PolylineTrace.combine(PolylineTrace.java:180)
	at app.freerouting.board.PolylineTrace.combine(PolylineTrace.java:180)
	at app.freerouting.board.PolylineTrace.combine(PolylineTrace.java:180)
	at app.freerouting.board.PolylineTrace.combine(PolylineTrace.java:180)
	at app.freerouting.board.PolylineTrace.combine(PolylineTrace.java:180)
	at app.freerouting.board.PolylineTrace.combine(PolylineTrace.java:180)
	at app.freerouting.board.PolylineTrace.combine(PolylineTrace.java:180)
	at app.freerouting.board.PolylineTrace.combine(PolylineTrace.java:180)
	at app.freerouting.board.PolylineTrace.combine(PolylineTrace.java:180)
	at app.freerouting.board.PolylineTrace.combine(PolylineTrace.java:180)
	at app.freerouting.board.PolylineTrace.combine(PolylineTrace.java:180)
	at app.freerouting.board.PolylineTrace.combine(PolylineTrace.java:180)
	at app.freerouting.board.PolylineTrace.combine(PolylineTrace.java:180)
	at app.freerouting.board.PolylineTrace.combine(PolylineTrace.java:180)
	at app.freerouting.board.PolylineTrace.combine(PolylineTrace.java:180)
	at app.freerouting.board.PolylineTrace.combine(PolylineTrace.java:180)
	at app.freerouting.board.PolylineTrace.combine(PolylineTrace.java:180)
	at app.freerouting.board.PolylineTrace.combine(PolylineTrace.java:180)
	at app.freerouting.board.PolylineTrace.combine(PolylineTrace.java:180)
	at app.freerouting.board.PolylineTrace.combine(PolylineTrace.java:180)
	at app.freerouting.board.PolylineTrace.combine(PolylineTrace.java:180)
	at app.freerouting.board.PolylineTrace.combine(PolylineTrace.java:180)
	at app.freerouting.board.PolylineTrace.combine(PolylineTrace.java:180)
	at app.freerouting.board.PolylineTrace.combine(PolylineTrace.java:180)
	at app.freerouting.board.PolylineTrace.combine(PolylineTrace.java:180)
	at app.freerouting.board.PolylineTrace.combine(PolylineTrace.java:180)
	at app.freerouting.board.PolylineTrace.combine(PolylineTrace.java:180)
	at app.freerouting.board.PolylineTrace.combine(PolylineTrace.java:180)
	at app.freerouting.board.PolylineTrace.combine(PolylineTrace.java:180)
	at app.freerouting.board.PolylineTrace.combine(PolylineTrace.java:180)
	at app.freerouting.board.PolylineTrace.combine(PolylineTrace.java:180)
	at app.freerouting.board.PolylineTrace.combine(PolylineTrace.java:180)
	at app.freerouting.board.PolylineTrace.combine(PolylineTrace.java:180)
	at app.freerouting.board.PolylineTrace.combine(PolylineTrace.java:180)
	at app.freerouting.board.PolylineTrace.combine(PolylineTrace.java:180)
	at app.freerouting.board.PolylineTrace.combine(PolylineTrace.java:180)
	at app.freerouting.board.PolylineTrace.combine(PolylineTrace.java:180)
	at app.freerouting.board.PolylineTrace.combine(PolylineTrace.java:180)
	at app.freerouting.board.PolylineTrace.combine(PolylineTrace.java:180)
	at app.freerouting.board.PolylineTrace.combine(PolylineTrace.java:180)
	at app.freerouting.board.PolylineTrace.combine(PolylineTrace.java:180)
	at app.freerouting.board.PolylineTrace.combine(PolylineTrace.java:180)
	at app.freerouting.board.PolylineTrace.combine(PolylineTrace.java:180)
	at app.freerouting.board.PolylineTrace.combine(PolylineTrace.java:180)
	at app.freerouting.board.PolylineTrace.combine(PolylineTrace.java:180)
	at app.freerouting.board.PolylineTrace.combine(PolylineTrace.java:180)
	at app.freerouting.board.PolylineTrace.combine(PolylineTrace.java:180)
	at app.freerouting.board.PolylineTrace.combine(PolylineTrace.java:180)
	at app.freerouting.board.PolylineTrace.combine(PolylineTrace.java:180)
	at app.freerouting.board.PolylineTrace.combine(PolylineTrace.java:180)
	at app.freerouting.board.PolylineTrace.combine(PolylineTrace.java:180)
	at app.freerouting.board.PolylineTrace.combine(PolylineTrace.java:180)
	at app.freerouting.board.PolylineTrace.combine(PolylineTrace.java:180)
	at app.freerouting.board.PolylineTrace.combine(PolylineTrace.java:180)
	at app.freerouting.board.PolylineTrace.combine(PolylineTrace.java:180)
	at app.freerouting.board.PolylineTrace.combine(PolylineTrace.java:180)
	at app.freerouting.board.PolylineTrace.combine(PolylineTrace.java:180)
	at app.freerouting.board.PolylineTrace.combine(PolylineTrace.java:180)
	at app.freerouting.board.PolylineTrace.combine(PolylineTrace.java:180)
	at app.freerouting.board.PolylineTrace.combine(PolylineTrace.java:180)
	at app.freerouting.board.PolylineTrace.combine(PolylineTrace.java:180)
	at app.freerouting.board.PolylineTrace.combine(PolylineTrace.java:180)
	at app.freerouting.board.PolylineTrace.combine(PolylineTrace.java:180)
	at app.freerouting.board.PolylineTrace.combine(PolylineTrace.java:180)
	at app.freerouting.board.PolylineTrace.combine(PolylineTrace.java:180)
	at app.freerouting.board.PolylineTrace.combine(PolylineTrace.java:180)
	at app.freerouting.board.PolylineTrace.combine(PolylineTrace.java:180)
	at app.freerouting.board.PolylineTrace.combine(PolylineTrace.java:180)
	at app.freerouting.board.PolylineTrace.combine(PolylineTrace.java:180)
	at app.freerouting.board.PolylineTrace.combine(PolylineTrace.java:180)
	at app.freerouting.board.PolylineTrace.combine(PolylineTrace.java:180)
	at app.freerouting.board.PolylineTrace.combine(PolylineTrace.java:180)
	at app.freerouting.board.PolylineTrace.combine(PolylineTrace.java:180)
	at app.freerouting.board.PolylineTrace.combine(PolylineTrace.java:180)
	at app.freerouting.board.PolylineTrace.combine(PolylineTrace.java:180)
	at app.freerouting.board.PolylineTrace.combine(PolylineTrace.java:180)
	at app.freerouting.board.PolylineTrace.combine(PolylineTrace.java:180)
	at app.freerouting.board.PolylineTrace.combine(PolylineTrace.java:180)
	at app.freerouting.board.PolylineTrace.combine(PolylineTrace.java:180)
	at app.freerouting.board.PolylineTrace.combine(PolylineTrace.java:180)
	at app.freerouting.board.PolylineTrace.combine(PolylineTrace.java:180)
	at app.freerouting.board.PolylineTrace.combine(PolylineTrace.java:180)
	at app.freerouting.board.PolylineTrace.combine(PolylineTrace.java:180)
	at app.freerouting.board.PolylineTrace.combine(PolylineTrace.java:180)
	at app.freerouting.board.PolylineTrace.combine(PolylineTrace.java:180)
	at app.freerouting.board.PolylineTrace.combine(PolylineTrace.java:180)
	at app.freerouting.board.PolylineTrace.combine(PolylineTrace.java:180)
	at app.freerouting.board.PolylineTrace.combine(PolylineTrace.java:180)
	at app.freerouting.board.PolylineTrace.combine(PolylineTrace.java:180)
	at app.freerouting.board.PolylineTrace.combine(PolylineTrace.java:180)
	at app.freerouting.board.PolylineTrace.combine(PolylineTrace.java:180)
	at app.freerouting.board.PolylineTrace.combine(PolylineTrace.java:180)
	at app.freerouting.board.PolylineTrace.combine(PolylineTrace.java:180)
	at app.freerouting.board.PolylineTrace.combine(PolylineTrace.java:180)
	at app.freerouting.board.PolylineTrace.combine(PolylineTrace.java:180)
	at app.freerouting.board.PolylineTrace.combine(PolylineTrace.java:180)
	at app.freerouting.board.PolylineTrace.combine(PolylineTrace.java:180)
	at app.freerouting.board.PolylineTrace.combine(PolylineTrace.java:180)
	at app.freerouting.board.PolylineTrace.combine(PolylineTrace.java:180)
	at app.freerouting.board.PolylineTrace.combine(PolylineTrace.java:180)
	at app.freerouting.board.PolylineTrace.combine(PolylineTrace.java:180)
	at app.freerouting.board.PolylineTrace.combine(PolylineTrace.java:180)
	at app.freerouting.board.PolylineTrace.combine(PolylineTrace.java:180)
	at app.freerouting.board.PolylineTrace.combine(PolylineTrace.java:180)
	at app.freerouting.board.PolylineTrace.combine(PolylineTrace.java:180)
	at app.freerouting.board.PolylineTrace.combine(PolylineTrace.java:180)
	at app.freerouting.board.PolylineTrace.combine(PolylineTrace.java:180)
	at app.freerouting.board.PolylineTrace.combine(PolylineTrace.java:180)
	at app.freerouting.board.PolylineTrace.combine(PolylineTrace.java:180)
	at app.freerouting.board.PolylineTrace.combine(PolylineTrace.java:180)
	at app.freerouting.board.PolylineTrace.combine(PolylineTrace.java:180)
	at app.freerouting.board.PolylineTrace.combine(PolylineTrace.java:180)
	at app.freerouting.board.PolylineTrace.combine(PolylineTrace.java:180)
	at app.freerouting.board.PolylineTrace.combine(PolylineTrace.java:180)
	at app.freerouting.board.PolylineTrace.combine(PolylineTrace.java:180)
	at app.freerouting.board.PolylineTrace.combine(PolylineTrace.java:180)
	at app.freerouting.board.PolylineTrace.combine(PolylineTrace.java:180)
	at app.freerouting.board.PolylineTrace.combine(PolylineTrace.java:180)
	at app.freerouting.board.PolylineTrace.combine(PolylineTrace.java:180)
	at app.freerouting.board.PolylineTrace.combine(PolylineTrace.java:180)
	at app.freerouting.board.PolylineTrace.combine(PolylineTrace.java:180)
	at app.freerouting.board.PolylineTrace.combine(PolylineTrace.java:180)
	at app.freerouting.board.PolylineTrace.combine(PolylineTrace.java:180)
	at app.freerouting.board.PolylineTrace.combine(PolylineTrace.java:180)
	at app.freerouting.board.PolylineTrace.combine(PolylineTrace.java:180)
	at app.freerouting.board.PolylineTrace.combine(PolylineTrace.java:180)
	at app.freerouting.board.PolylineTrace.combine(PolylineTrace.java:180)
	at app.freerouting.board.PolylineTrace.combine(PolylineTrace.java:180)
	at app.freerouting.board.PolylineTrace.combine(PolylineTrace.java:180)
	at app.freerouting.board.PolylineTrace.combine(PolylineTrace.java:180)
	at app.freerouting.board.PolylineTrace.combine(PolylineTrace.java:180)
	at app.freerouting.board.PolylineTrace.combine(PolylineTrace.java:180)
	at app.freerouting.board.PolylineTrace.combine(PolylineTrace.java:180)
	at app.freerouting.board.PolylineTrace.combine(PolylineTrace.java:180)
	at app.freerouting.board.PolylineTrace.combine(PolylineTrace.java:180)
	at app.freerouting.board.PolylineTrace.combine(PolylineTrace.java:180)
	at app.freerouting.board.PolylineTrace.combine(PolylineTrace.java:180)
	at app.freerouting.board.PolylineTrace.combine(PolylineTrace.java:180)
	at app.freerouting.board.PolylineTrace.combine(PolylineTrace.java:180)
	at app.freerouting.board.PolylineTrace.combine(PolylineTrace.java:180)
	at app.freerouting.board.PolylineTrace.combine(PolylineTrace.java:180)
	at app.freerouting.board.PolylineTrace.combine(PolylineTrace.java:180)
	at app.freerouting.board.PolylineTrace.combine(PolylineTrace.java:180)
	at app.freerouting.board.PolylineTrace.combine(PolylineTrace.java:180)
	at app.freerouting.board.PolylineTrace.combine(PolylineTrace.java:180)
	at app.freerouting.board.PolylineTrace.combine(PolylineTrace.java:180)
	at app.freerouting.board.PolylineTrace.combine(PolylineTrace.java:180)
	at app.freerouting.board.PolylineTrace.combine(PolylineTrace.java:180)
	at app.freerouting.board.PolylineTrace.combine(PolylineTrace.java:180)
	at app.freerouting.board.PolylineTrace.combine(PolylineTrace.java:180)
	at app.freerouting.board.PolylineTrace.combine(PolylineTrace.java:180)
	at app.freerouting.board.PolylineTrace.combine(PolylineTrace.java:180)
	at app.freerouting.board.PolylineTrace.combine(PolylineTrace.java:180)
	at app.freerouting.board.PolylineTrace.combine(PolylineTrace.java:180)
	at app.freerouting.board.PolylineTrace.combine(PolylineTrace.java:180)
	at app.freerouting.board.PolylineTrace.combine(PolylineTrace.java:180)
	at app.freerouting.board.PolylineTrace.combine(PolylineTrace.java:180)
	at app.freerouting.board.PolylineTrace.combine(PolylineTrace.java:180)
	at app.freerouting.board.PolylineTrace.combine(PolylineTrace.java:180)
	at app.freerouting.board.PolylineTrace.combine(PolylineTrace.java:180)
	at app.freerouting.board.PolylineTrace.combine(PolylineTrace.java:180)
	at app.freerouting.board.PolylineTrace.combine(PolylineTrace.java:180)
	at app.freerouting.board.PolylineTrace.combine(PolylineTrace.java:180)
	at app.freerouting.board.PolylineTrace.combine(PolylineTrace.java:180)
	at app.freerouting.board.PolylineTrace.combine(PolylineTrace.java:180)
	at app.freerouting.board.PolylineTrace.combine(PolylineTrace.java:180)
	at app.freerouting.board.PolylineTrace.combine(PolylineTrace.java:180)
	at app.freerouting.board.PolylineTrace.combine(PolylineTrace.java:180)
	at app.freerouting.board.PolylineTrace.combine(PolylineTrace.java:180)
	at app.freerouting.board.PolylineTrace.combine(PolylineTrace.java:180)
	at app.freerouting.board.PolylineTrace.combine(PolylineTrace.java:180)
	at app.freerouting.board.PolylineTrace.combine(PolylineTrace.java:180)
	at app.freerouting.board.PolylineTrace.combine(PolylineTrace.java:180)
	at app.freerouting.board.PolylineTrace.combine(PolylineTrace.java:180)
	at app.freerouting.board.PolylineTrace.combine(PolylineTrace.java:180)
	at app.freerouting.board.PolylineTrace.combine(PolylineTrace.java:180)
	at app.freerouting.board.PolylineTrace.combine(PolylineTrace.java:180)
	at app.freerouting.board.PolylineTrace.combine(PolylineTrace.java:180)
	at app.freerouting.board.PolylineTrace.combine(PolylineTrace.java:180)
	at app.freerouting.board.PolylineTrace.combine(PolylineTrace.java:180)
	at app.freerouting.board.PolylineTrace.combine(PolylineTrace.java:180)
	at app.freerouting.board.PolylineTrace.combine(PolylineTrace.java:180)
	at app.freerouting.board.PolylineTrace.combine(PolylineTrace.java:180)
	at app.freerouting.board.PolylineTrace.combine(PolylineTrace.java:180)
	at app.freerouting.board.PolylineTrace.combine(PolylineTrace.java:180)
	at app.freerouting.board.PolylineTrace.combine(PolylineTrace.java:180)
	at app.freerouting.board.PolylineTrace.combine(PolylineTrace.java:180)
	at app.freerouting.board.PolylineTrace.combine(PolylineTrace.java:180)
	at app.freerouting.board.PolylineTrace.combine(PolylineTrace.java:180)
	at app.freerouting.board.PolylineTrace.combine(PolylineTrace.java:180)
	at app.freerouting.board.PolylineTrace.combine(PolylineTrace.java:180)
	at app.freerouting.board.PolylineTrace.combine(PolylineTrace.java:180)
	at app.freerouting.board.PolylineTrace.combine(PolylineTrace.java:180)
	at app.freerouting.board.PolylineTrace.combine(PolylineTrace.java:180)
	at app.freerouting.board.PolylineTrace.combine(PolylineTrace.java:180)
	at app.freerouting.board.PolylineTrace.combine(PolylineTrace.java:180)
	at app.freerouting.board.PolylineTrace.combine(PolylineTrace.java:180)
	at app.freerouting.board.PolylineTrace.combine(PolylineTrace.java:180)
	at app.freerouting.board.PolylineTrace.combine(PolylineTrace.java:180)
	at app.freerouting.board.PolylineTrace.combine(PolylineTrace.java:180)
	at app.freerouting.board.PolylineTrace.combine(PolylineTrace.java:180)
	at app.freerouting.board.PolylineTrace.combine(PolylineTrace.java:180)
	at app.freerouting.board.PolylineTrace.combine(PolylineTrace.java:180)
	at app.freerouting.board.PolylineTrace.combine(PolylineTrace.java:180)
	at app.freerouting.board.PolylineTrace.combine(PolylineTrace.java:180)
	at app.freerouting.board.PolylineTrace.combine(PolylineTrace.java:180)
	at app.freerouting.board.PolylineTrace.combine(PolylineTrace.java:180)
	at app.freerouting.board.PolylineTrace.combine(PolylineTrace.java:180)
	at app.freerouting.board.PolylineTrace.combine(PolylineTrace.java:180)
	at app.freerouting.board.PolylineTrace.combine(PolylineTrace.java:180)
	at app.freerouting.board.PolylineTrace.combine(PolylineTrace.java:180)
	at app.freerouting.board.PolylineTrace.combine(PolylineTrace.java:180)
	at app.freerouting.board.PolylineTrace.combine(PolylineTrace.java:180)
	at app.freerouting.board.PolylineTrace.combine(PolylineTrace.java:180)
	at app.freerouting.board.PolylineTrace.combine(PolylineTrace.java:180)
	at app.freerouting.board.PolylineTrace.combine(PolylineTrace.java:180)
	at app.freerouting.board.PolylineTrace.combine(PolylineTrace.java:180)
	at app.freerouting.board.PolylineTrace.combine(PolylineTrace.java:180)
	at app.freerouting.board.PolylineTrace.combine(PolylineTrace.java:180)
	at app.freerouting.board.PolylineTrace.combine(PolylineTrace.java:180)
	at app.freerouting.board.PolylineTrace.combine(PolylineTrace.java:180)
	at app.freerouting.board.PolylineTrace.combine(PolylineTrace.java:180)
	at app.freerouting.board.PolylineTrace.combine(PolylineTrace.java:180)
	at app.freerouting.board.PolylineTrace.combine(PolylineTrace.java:180)
	at app.freerouting.board.PolylineTrace.combine(PolylineTrace.java:180)
	at app.freerouting.board.PolylineTrace.combine(PolylineTrace.java:180)
	at app.freerouting.board.PolylineTrace.combine(PolylineTrace.java:180)
	at app.freerouting.board.PolylineTrace.combine(PolylineTrace.java:180)
	at app.freerouting.board.PolylineTrace.combine(PolylineTrace.java:180)
	at app.freerouting.board.PolylineTrace.combine(PolylineTrace.java:180)
	at app.freerouting.board.PolylineTrace.combine(PolylineTrace.java:180)
	at app.freerouting.board.PolylineTrace.combine(PolylineTrace.java:180)
	at app.freerouting.board.PolylineTrace.combine(PolylineTrace.java:180)
	at app.freerouting.board.PolylineTrace.combine(PolylineTrace.java:180)
	at app.freerouting.board.PolylineTrace.combine(PolylineTrace.java:180)
	at app.freerouting.board.PolylineTrace.combine(PolylineTrace.java:180)
	at app.freerouting.board.PolylineTrace.combine(PolylineTrace.java:180)
	at app.freerouting.board.PolylineTrace.combine(PolylineTrace.java:180)
	at app.freerouting.board.PolylineTrace.combine(PolylineTrace.java:180)
	at app.freerouting.board.PolylineTrace.combine(PolylineTrace.java:180)
	at app.freerouting.board.PolylineTrace.combine(PolylineTrace.java:180)
	at app.freerouting.board.PolylineTrace.combine(PolylineTrace.java:180)
	at app.freerouting.board.PolylineTrace.combine(PolylineTrace.java:180)
	at app.freerouting.board.PolylineTrace.combine(PolylineTrace.java:180)
	at app.freerouting.board.PolylineTrace.combine(PolylineTrace.java:180)
	at app.freerouting.board.PolylineTrace.combine(PolylineTrace.java:180)
	at app.freerouting.board.PolylineTrace.combine(PolylineTrace.java:180)
	at app.freerouting.board.PolylineTrace.combine(PolylineTrace.java:180)
	at app.freerouting.board.PolylineTrace.combine(PolylineTrace.java:180)
	at app.freerouting.board.PolylineTrace.combine(PolylineTrace.java:180)
	at app.freerouting.board.PolylineTrace.combine(PolylineTrace.java:180)
	at app.freerouting.board.PolylineTrace.combine(PolylineTrace.java:180)
	at app.freerouting.board.PolylineTrace.combine(PolylineTrace.java:180)
	at app.freerouting.board.PolylineTrace.combine(PolylineTrace.java:180)
	at app.freerouting.board.PolylineTrace.combine(PolylineTrace.java:180)
	at app.freerouting.board.PolylineTrace.combine(PolylineTrace.java:180)
	at app.freerouting.board.PolylineTrace.combine(PolylineTrace.java:180)
	at app.freerouting.board.PolylineTrace.combine(PolylineTrace.java:180)
	at app.freerouting.board.PolylineTrace.combine(PolylineTrace.java:180)
	at app.freerouting.board.PolylineTrace.combine(PolylineTrace.java:180)
	at app.freerouting.board.PolylineTrace.combine(PolylineTrace.java:180)
	at app.freerouting.board.PolylineTrace.combine(PolylineTrace.java:180)
	at app.freerouting.board.PolylineTrace.combine(PolylineTrace.java:180)
	at app.freerouting.board.PolylineTrace.combine(PolylineTrace.java:180)
	at app.freerouting.board.PolylineTrace.combine(PolylineTrace.java:180)
	at app.freerouting.board.PolylineTrace.combine(PolylineTrace.java:180)
	at app.freerouting.board.PolylineTrace.combine(PolylineTrace.java:180)
	at app.freerouting.board.PolylineTrace.combine(PolylineTrace.java:180)
	at app.freerouting.board.PolylineTrace.combine(PolylineTrace.java:180)
	at app.freerouting.board.PolylineTrace.combine(PolylineTrace.java:180)
	at app.freerouting.board.PolylineTrace.combine(PolylineTrace.java:180)
	at app.freerouting.board.PolylineTrace.combine(PolylineTrace.java:180)
	at app.freerouting.board.PolylineTrace.combine(PolylineTrace.java:180)
	at app.freerouting.board.PolylineTrace.combine(PolylineTrace.java:180)
	at app.freerouting.board.PolylineTrace.combine(PolylineTrace.java:180)
	at app.freerouting.board.PolylineTrace.combine(PolylineTrace.java:180)
	at app.freerouting.board.PolylineTrace.combine(PolylineTrace.java:180)
	at app.freerouting.board.PolylineTrace.combine(PolylineTrace.java:180)
	at app.freerouting.board.PolylineTrace.combine(PolylineTrace.java:180)
	at app.freerouting.board.PolylineTrace.combine(PolylineTrace.java:180)
	at app.freerouting.board.PolylineTrace.combine(PolylineTrace.java:180)
	at app.freerouting.board.PolylineTrace.combine(PolylineTrace.java:180)
	at app.freerouting.board.PolylineTrace.combine(PolylineTrace.java:180)
	at app.freerouting.board.PolylineTrace.combine(PolylineTrace.java:180)
	at app.freerouting.board.PolylineTrace.combine(PolylineTrace.java:180)
	at app.freerouting.board.PolylineTrace.combine(PolylineTrace.java:180)
	at app.freerouting.board.PolylineTrace.combine(PolylineTrace.java:180)
	at app.freerouting.board.PolylineTrace.combine(PolylineTrace.java:180)
	at app.freerouting.board.PolylineTrace.combine(PolylineTrace.java:180)
	at app.freerouting.board.PolylineTrace.combine(PolylineTrace.java:180)
	at app.freerouting.board.PolylineTrace.combine(PolylineTrace.java:180)
	at app.freerouting.board.PolylineTrace.combine(PolylineTrace.java:180)
	at app.freerouting.board.PolylineTrace.combine(PolylineTrace.java:180)
	at app.freerouting.board.PolylineTrace.combine(PolylineTrace.java:180)
	at app.freerouting.board.PolylineTrace.combine(PolylineTrace.java:180)
	at app.freerouting.board.PolylineTrace.combine(PolylineTrace.java:180)
	at app.freerouting.board.PolylineTrace.combine(PolylineTrace.java:180)
	at app.freerouting.board.PolylineTrace.combine(PolylineTrace.java:180)
	at app.freerouting.board.PolylineTrace.combine(PolylineTrace.java:180)
	at app.freerouting.board.PolylineTrace.combine(PolylineTrace.java:180)
	at app.freerouting.board.PolylineTrace.combine(PolylineTrace.java:180)
	at app.freerouting.board.PolylineTrace.combine(PolylineTrace.java:180)
	at app.freerouting.board.PolylineTrace.combine(PolylineTrace.java:180)
	at app.freerouting.board.PolylineTrace.combine(PolylineTrace.java:180)
	at app.freerouting.board.PolylineTrace.combine(PolylineTrace.java:180)
	at app.freerouting.board.PolylineTrace.combine(PolylineTrace.java:180)
	at app.freerouting.board.PolylineTrace.combine(PolylineTrace.java:180)
	at app.freerouting.board.PolylineTrace.combine(PolylineTrace.java:180)
	at app.freerouting.board.PolylineTrace.combine(PolylineTrace.java:180)
	at app.freerouting.board.PolylineTrace.combine(PolylineTrace.java:180)
	at app.freerouting.board.PolylineTrace.combine(PolylineTrace.java:180)
	at app.freerouting.board.PolylineTrace.combine(PolylineTrace.java:180)
	at app.freerouting.board.PolylineTrace.combine(PolylineTrace.java:180)
	at app.freerouting.board.PolylineTrace.combine(PolylineTrace.java:180)
	at app.freerouting.board.PolylineTrace.combine(PolylineTrace.java:180)
	at app.freerouting.board.PolylineTrace.combine(PolylineTrace.java:180)
	at app.freerouting.board.PolylineTrace.combine(PolylineTrace.java:180)
	at app.freerouting.board.PolylineTrace.combine(PolylineTrace.java:180)
	at app.freerouting.board.PolylineTrace.combine(PolylineTrace.java:180)
	at app.freerouting.board.PolylineTrace.combine(PolylineTrace.java:180)
	at app.freerouting.board.PolylineTrace.combine(PolylineTrace.java:180)
	at app.freerouting.board.PolylineTrace.combine(PolylineTrace.java:180)
	at app.freerouting.board.PolylineTrace.combine(PolylineTrace.java:180)
	at app.freerouting.board.PolylineTrace.combine(PolylineTrace.java:180)
	at app.freerouting.board.PolylineTrace.combine(PolylineTrace.java:180)
	at app.freerouting.board.PolylineTrace.combine(PolylineTrace.java:180)
	at app.freerouting.board.PolylineTrace.combine(PolylineTrace.java:180)
	at app.freerouting.board.PolylineTrace.combine(PolylineTrace.java:180)
	at app.freerouting.board.PolylineTrace.combine(PolylineTrace.java:180)
	at app.freerouting.board.PolylineTrace.combine(PolylineTrace.java:180)
	at app.freerouting.board.PolylineTrace.combine(PolylineTrace.java:180)
	at app.freerouting.board.PolylineTrace.combine(PolylineTrace.java:180)
	at app.freerouting.board.PolylineTrace.combine(PolylineTrace.java:180)
	at app.freerouting.board.PolylineTrace.combine(PolylineTrace.java:180)
	at app.freerouting.board.PolylineTrace.combine(PolylineTrace.java:180)
	at app.freerouting.board.PolylineTrace.combine(PolylineTrace.java:180)
	at app.freerouting.board.PolylineTrace.combine(PolylineTrace.java:180)
	at app.freerouting.board.PolylineTrace.combine(PolylineTrace.java:180)
	at app.freerouting.board.PolylineTrace.combine(PolylineTrace.java:180)
	at app.freerouting.board.PolylineTrace.combine(PolylineTrace.java:180)
	at app.freerouting.board.PolylineTrace.combine(PolylineTrace.java:180)
	at app.freerouting.board.PolylineTrace.combine(PolylineTrace.java:180)
	at app.freerouting.board.PolylineTrace.combine(PolylineTrace.java:180)
	at app.freerouting.board.PolylineTrace.combine(PolylineTrace.java:180)
	at app.freerouting.board.PolylineTrace.combine(PolylineTrace.java:180)
	at app.freerouting.board.PolylineTrace.combine(PolylineTrace.java:180)
	at app.freerouting.board.PolylineTrace.combine(PolylineTrace.java:180)
	at app.freerouting.board.PolylineTrace.combine(PolylineTrace.java:180)
	at app.freerouting.board.PolylineTrace.combine(PolylineTrace.java:180)
	at app.freerouting.board.PolylineTrace.combine(PolylineTrace.java:180)
	at app.freerouting.board.PolylineTrace.combine(PolylineTrace.java:180)
	at app.freerouting.board.PolylineTrace.combine(PolylineTrace.java:180)
	at app.freerouting.board.PolylineTrace.combine(PolylineTrace.java:180)
	at app.freerouting.board.PolylineTrace.combine(PolylineTrace.java:180)
	at app.freerouting.board.PolylineTrace.combine(PolylineTrace.java:180)
	at app.freerouting.board.PolylineTrace.combine(PolylineTrace.java:180)
	at app.freerouting.board.PolylineTrace.combine(PolylineTrace.java:180)
	at app.freerouting.board.PolylineTrace.combine(PolylineTrace.java:180)
	at app.freerouting.board.PolylineTrace.combine(PolylineTrace.java:180)
	at app.freerouting.board.PolylineTrace.combine(PolylineTrace.java:180)
	at app.freerouting.board.PolylineTrace.combine(PolylineTrace.java:180)
	at app.freerouting.board.PolylineTrace.combine(PolylineTrace.java:180)
	at app.freerouting.board.PolylineTrace.combine(PolylineTrace.java:180)
	at app.freerouting.board.PolylineTrace.combine(PolylineTrace.java:180)
	at app.freerouting.board.PolylineTrace.combine(PolylineTrace.java:180)
	at app.freerouting.board.PolylineTrace.combine(PolylineTrace.java:180)
	at app.freerouting.board.PolylineTrace.combine(PolylineTrace.java:180)
	at app.freerouting.board.PolylineTrace.combine(PolylineTrace.java:180)
	at app.freerouting.board.PolylineTrace.combine(PolylineTrace.java:180)
	at app.freerouting.board.PolylineTrace.combine(PolylineTrace.java:180)
	at app.freerouting.board.PolylineTrace.combine(PolylineTrace.java:180)
	at app.freerouting.board.PolylineTrace.combine(PolylineTrace.java:180)
	at app.freerouting.board.PolylineTrace.combine(PolylineTrace.java:180)
	at app.freerouting.board.PolylineTrace.combine(PolylineTrace.java:180)
	at app.freerouting.board.PolylineTrace.combine(PolylineTrace.java:180)
	at app.freerouting.board.PolylineTrace.combine(PolylineTrace.java:180)
	at app.freerouting.board.PolylineTrace.combine(PolylineTrace.java:180)
	at app.freerouting.board.PolylineTrace.combine(PolylineTrace.java:180)
	at app.freerouting.board.PolylineTrace.combine(PolylineTrace.java:180)
	at app.freerouting.board.PolylineTrace.combine(PolylineTrace.java:180)
	at app.freerouting.board.PolylineTrace.combine(PolylineTrace.java:180)
	at app.freerouting.board.PolylineTrace.combine(PolylineTrace.java:180)
	at app.freerouting.board.PolylineTrace.combine(PolylineTrace.java:180)
	at app.freerouting.board.PolylineTrace.combine(PolylineTrace.java:180)
	at app.freerouting.board.PolylineTrace.combine(PolylineTrace.java:180)
	at app.freerouting.board.PolylineTrace.combine(PolylineTrace.java:180)
	at app.freerouting.board.PolylineTrace.combine(PolylineTrace.java:180)
	at app.freerouting.board.PolylineTrace.combine(PolylineTrace.java:180)
	at app.freerouting.board.PolylineTrace.combine(PolylineTrace.java:180)
	at app.freerouting.board.PolylineTrace.combine(PolylineTrace.java:180)
	at app.freerouting.board.PolylineTrace.combine(PolylineTrace.java:180)
	at app.freerouting.board.PolylineTrace.combine(PolylineTrace.java:180)
	at app.freerouting.board.PolylineTrace.combine(PolylineTrace.java:180)
	at app.freerouting.board.PolylineTrace.combine(PolylineTrace.java:180)
	at app.freerouting.board.PolylineTrace.combine(PolylineTrace.java:180)
	at app.freerouting.board.PolylineTrace.combine(PolylineTrace.java:180)
	at app.freerouting.board.PolylineTrace.combine(PolylineTrace.java:180)
	at app.freerouting.board.PolylineTrace.combine(PolylineTrace.java:180)
	at app.freerouting.board.PolylineTrace.combine(PolylineTrace.java:180)
	at app.freerouting.board.PolylineTrace.combine(PolylineTrace.java:180)
	at app.freerouting.board.PolylineTrace.combine(PolylineTrace.java:180)
	at app.freerouting.board.PolylineTrace.combine(PolylineTrace.java:180)
	at app.freerouting.board.PolylineTrace.combine(PolylineTrace.java:180)
	at app.freerouting.board.PolylineTrace.combine(PolylineTrace.java:180)
	at app.freerouting.board.PolylineTrace.combine(PolylineTrace.java:180)
	at app.freerouting.board.PolylineTrace.combine(PolylineTrace.java:180)
	at app.freerouting.board.PolylineTrace.combine(PolylineTrace.java:180)
	at app.freerouting.board.PolylineTrace.combine(PolylineTrace.java:180)
	at app.freerouting.board.PolylineTrace.combine(PolylineTrace.java:180)
	at app.freerouting.board.PolylineTrace.combine(PolylineTrace.java:180)
	at app.freerouting.board.PolylineTrace.combine(PolylineTrace.java:180)
	at app.freerouting.board.PolylineTrace.combine(PolylineTrace.java:180)
	at app.freerouting.board.PolylineTrace.combine(PolylineTrace.java:180)
	at app.freerouting.board.PolylineTrace.combine(PolylineTrace.java:180)
	at app.freerouting.board.PolylineTrace.combine(PolylineTrace.java:180)
	at app.freerouting.board.PolylineTrace.combine(PolylineTrace.java:180)
	at app.freerouting.board.PolylineTrace.combine(PolylineTrace.java:180)
	at app.freerouting.board.PolylineTrace.combine(PolylineTrace.java:180)
	at app.freerouting.board.PolylineTrace.combine(PolylineTrace.java:180)
	at app.freerouting.board.PolylineTrace.combine(PolylineTrace.java:180)
	at app.freerouting.board.PolylineTrace.combine(PolylineTrace.java:180)
	at app.freerouting.board.PolylineTrace.combine(PolylineTrace.java:180)
	at app.freerouting.board.PolylineTrace.combine(PolylineTrace.java:180)
	at app.freerouting.board.PolylineTrace.combine(PolylineTrace.java:180)
	at app.freerouting.board.PolylineTrace.combine(PolylineTrace.java:180)
	at app.freerouting.board.PolylineTrace.combine(PolylineTrace.java:180)
	at app.freerouting.board.PolylineTrace.combine(PolylineTrace.java:180)
	at app.freerouting.board.PolylineTrace.combine(PolylineTrace.java:180)
	at app.freerouting.board.PolylineTrace.combine(PolylineTrace.java:180)
	at app.freerouting.board.PolylineTrace.combine(PolylineTrace.java:180)
	at app.freerouting.board.PolylineTrace.combine(PolylineTrace.java:180)
	at app.freerouting.board.PolylineTrace.combine(PolylineTrace.java:180)
	at app.freerouting.board.PolylineTrace.combine(PolylineTrace.java:180)
	at app.freerouting.board.PolylineTrace.combine(PolylineTrace.java:180)
	at app.freerouting.board.PolylineTrace.combine(PolylineTrace.java:180)
	at app.freerouting.board.PolylineTrace.combine(PolylineTrace.java:180)
	at app.freerouting.board.PolylineTrace.combine(PolylineTrace.java:180)
	at app.freerouting.board.PolylineTrace.combine(PolylineTrace.java:180)
	at app.freerouting.board.PolylineTrace.combine(PolylineTrace.java:180)
	at app.freerouting.board.PolylineTrace.combine(PolylineTrace.java:180)
	at app.freerouting.board.PolylineTrace.combine(PolylineTrace.java:180)
	at app.freerouting.board.PolylineTrace.combine(PolylineTrace.java:180)
	at app.freerouting.board.PolylineTrace.combine(PolylineTrace.java:180)
	at app.freerouting.board.PolylineTrace.combine(PolylineTrace.java:180)
	at app.freerouting.board.PolylineTrace.combine(PolylineTrace.java:180)
	at app.freerouting.board.PolylineTrace.combine(PolylineTrace.java:180)
	at app.freerouting.board.PolylineTrace.combine(PolylineTrace.java:180)
	at app.freerouting.board.PolylineTrace.combine(PolylineTrace.java:180)
	at app.freerouting.board.PolylineTrace.combine(PolylineTrace.java:180)
	at app.freerouting.board.PolylineTrace.combine(PolylineTrace.java:180)
	at app.freerouting.board.PolylineTrace.combine(PolylineTrace.java:180)
	at app.freerouting.board.PolylineTrace.combine(PolylineTrace.java:180)
	at app.freerouting.board.PolylineTrace.combine(PolylineTrace.java:180)
	at app.freerouting.board.PolylineTrace.combine(PolylineTrace.java:180)
	at app.freerouting.board.PolylineTrace.combine(PolylineTrace.java:180)
	at app.freerouting.board.PolylineTrace.combine(PolylineTrace.java:180)
	at app.freerouting.board.PolylineTrace.combine(PolylineTrace.java:180)
	at app.freerouting.board.PolylineTrace.combine(PolylineTrace.java:180)
	at app.freerouting.board.PolylineTrace.combine(PolylineTrace.java:180)
	at app.freerouting.board.PolylineTrace.combine(PolylineTrace.java:180)
	at app.freerouting.board.PolylineTrace.combine(PolylineTrace.java:180)
	at app.freerouting.board.PolylineTrace.combine(PolylineTrace.java:180)
	at app.freerouting.board.PolylineTrace.combine(PolylineTrace.java:180)
	at app.freerouting.board.PolylineTrace.combine(PolylineTrace.java:180)
	at app.freerouting.board.PolylineTrace.combine(PolylineTrace.java:180)
	at app.freerouting.board.PolylineTrace.combine(PolylineTrace.java:180)
	at app.freerouting.board.PolylineTrace.combine(PolylineTrace.java:180)
	at app.freerouting.board.PolylineTrace.combine(PolylineTrace.java:180)
	at app.freerouting.board.PolylineTrace.combine(PolylineTrace.java:180)
	at app.freerouting.board.PolylineTrace.combine(PolylineTrace.java:180)
	at app.freerouting.board.PolylineTrace.combine(PolylineTrace.java:180)
	at app.freerouting.board.PolylineTrace.combine(PolylineTrace.java:180)
	at app.freerouting.board.PolylineTrace.combine(PolylineTrace.java:180)
	at app.freerouting.board.PolylineTrace.combine(PolylineTrace.java:180)
	at app.freerouting.board.PolylineTrace.combine(PolylineTrace.java:180)
	at app.freerouting.board.PolylineTrace.combine(PolylineTrace.java:180)
	at app.freerouting.board.PolylineTrace.combine(PolylineTrace.java:180)
	at app.freerouting.board.PolylineTrace.combine(PolylineTrace.java:180)
	at app.freerouting.board.PolylineTrace.combine(PolylineTrace.java:180)
	at app.freerouting.board.PolylineTrace.combine(PolylineTrace.java:180)
	at app.freerouting.board.PolylineTrace.combine(PolylineTrace.java:180)
	at app.freerouting.board.PolylineTrace.combine(PolylineTrace.java:180)
	at app.freerouting.board.PolylineTrace.combine(PolylineTrace.java:180)
	at app.freerouting.board.PolylineTrace.combine(PolylineTrace.java:180)
	at app.freerouting.board.PolylineTrace.combine(PolylineTrace.java:180)
	at app.freerouting.board.PolylineTrace.combine(PolylineTrace.java:180)
	at app.freerouting.board.PolylineTrace.combine(PolylineTrace.java:180)
	at app.freerouting.board.PolylineTrace.combine(PolylineTrace.java:180)
	at app.freerouting.board.PolylineTrace.combine(PolylineTrace.java:180)
	at app.freerouting.board.PolylineTrace.combine(PolylineTrace.java:180)
	at app.freerouting.board.PolylineTrace.combine(PolylineTrace.java:180)
	at app.freerouting.board.PolylineTrace.combine(PolylineTrace.java:180)
	at app.freerouting.board.PolylineTrace.combine(PolylineTrace.java:180)
	at app.freerouting.board.PolylineTrace.combine(PolylineTrace.java:180)
	at app.freerouting.board.PolylineTrace.combine(PolylineTrace.java:180)
	at app.freerouting.board.PolylineTrace.combine(PolylineTrace.java:180)
	at app.freerouting.board.PolylineTrace.combine(PolylineTrace.java:180)
	at app.freerouting.board.PolylineTrace.combine(PolylineTrace.java:180)
	at app.freerouting.board.PolylineTrace.combine(PolylineTrace.java:180)
	at app.freerouting.board.PolylineTrace.combine(PolylineTrace.java:180)
	at app.freerouting.board.PolylineTrace.combine(PolylineTrace.java:180)
	at app.freerouting.board.PolylineTrace.combine(PolylineTrace.java:180)
	at app.freerouting.board.PolylineTrace.combine(PolylineTrace.java:180)
	at app.freerouting.board.PolylineTrace.combine(PolylineTrace.java:180)
	at app.freerouting.board.PolylineTrace.combine(PolylineTrace.java:180)
	at app.freerouting.board.PolylineTrace.combine(PolylineTrace.java:180)
	at app.freerouting.board.PolylineTrace.combine(PolylineTrace.java:180)
	at app.freerouting.board.PolylineTrace.combine(PolylineTrace.java:180)
	at app.freerouting.board.PolylineTrace.combine(PolylineTrace.java:180)
	at app.freerouting.board.PolylineTrace.combine(PolylineTrace.java:180)
	at app.freerouting.board.PolylineTrace.combine(PolylineTrace.java:180)
	at app.freerouting.board.PolylineTrace.combine(PolylineTrace.java:180)
	at app.freerouting.board.PolylineTrace.combine(PolylineTrace.java:180)
	at app.freerouting.board.PolylineTrace.combine(PolylineTrace.java:180)
	at app.freerouting.board.PolylineTrace.combine(PolylineTrace.java:180)
	at app.freerouting.board.PolylineTrace.combine(PolylineTrace.java:180)
	at app.freerouting.board.PolylineTrace.combine(PolylineTrace.java:180)
	at app.freerouting.board.PolylineTrace.combine(PolylineTrace.java:180)
	at app.freerouting.board.PolylineTrace.combine(PolylineTrace.java:180)
	at app.freerouting.board.PolylineTrace.combine(PolylineTrace.java:180)
	at app.freerouting.board.PolylineTrace.combine(PolylineTrace.java:180)
	at app.freerouting.board.PolylineTrace.combine(PolylineTrace.java:180)
	at app.freerouting.board.PolylineTrace.combine(PolylineTrace.java:180)
	at app.freerouting.board.PolylineTrace.combine(PolylineTrace.java:180)
	at app.freerouting.board.PolylineTrace.combine(PolylineTrace.java:180)
	at app.freerouting.board.PolylineTrace.combine(PolylineTrace.java:180)
	at app.freerouting.board.PolylineTrace.combine(PolylineTrace.java:180)
	at app.freerouting.board.PolylineTrace.combine(PolylineTrace.java:180)
	at app.freerouting.board.PolylineTrace.combine(PolylineTrace.java:180)
	at app.freerouting.board.PolylineTrace.combine(PolylineTrace.java:180)
	at app.freerouting.board.PolylineTrace.combine(PolylineTrace.java:180)
	at app.freerouting.board.PolylineTrace.combine(PolylineTrace.java:180)
	at app.freerouting.board.PolylineTrace.combine(PolylineTrace.java:180)
	at app.freerouting.board.PolylineTrace.combine(PolylineTrace.java:180)
	at app.freerouting.board.PolylineTrace.combine(PolylineTrace.java:180)
	at app.freerouting.board.PolylineTrace.combine(PolylineTrace.java:180)
	at app.freerouting.board.PolylineTrace.combine(PolylineTrace.java:180)
	at app.freerouting.board.PolylineTrace.combine(PolylineTrace.java:180)
	at app.freerouting.board.PolylineTrace.combine(PolylineTrace.java:180)
	at app.freerouting.board.PolylineTrace.combine(PolylineTrace.java:180)
	at app.freerouting.board.PolylineTrace.combine(PolylineTrace.java:180)
	at app.freerouting.board.PolylineTrace.combine(PolylineTrace.java:180)
	at app.freerouting.board.PolylineTrace.combine(PolylineTrace.java:180)
	at app.freerouting.board.PolylineTrace.combine(PolylineTrace.java:180)
	at app.freerouting.board.PolylineTrace.combine(PolylineTrace.java:180)
	at app.freerouting.board.PolylineTrace.combine(PolylineTrace.java:180)
	at app.freerouting.board.PolylineTrace.combine(PolylineTrace.java:180)
	at app.freerouting.board.PolylineTrace.combine(PolylineTrace.java:180)
	at app.freerouting.board.PolylineTrace.combine(PolylineTrace.java:180)
	at app.freerouting.board.PolylineTrace.combine(PolylineTrace.java:180)
	at app.freerouting.board.PolylineTrace.combine(PolylineTrace.java:180)
	at app.freerouting.board.PolylineTrace.combine(PolylineTrace.java:180)
	at app.freerouting.board.PolylineTrace.combine(PolylineTrace.java:180)
	at app.freerouting.board.PolylineTrace.combine(PolylineTrace.java:180)
	at app.freerouting.board.PolylineTrace.combine(PolylineTrace.java:180)
	at app.freerouting.board.PolylineTrace.combine(PolylineTrace.java:180)
	at app.freerouting.board.PolylineTrace.combine(PolylineTrace.java:180)
	at app.freerouting.board.PolylineTrace.combine(PolylineTrace.java:180)
	at app.freerouting.board.PolylineTrace.combine(PolylineTrace.java:180)
	at app.freerouting.board.PolylineTrace.combine(PolylineTrace.java:180)
	at app.freerouting.board.PolylineTrace.combine(PolylineTrace.java:180)
	at app.freerouting.board.PolylineTrace.combine(PolylineTrace.java:180)
	at app.freerouting.board.PolylineTrace.combine(PolylineTrace.java:180)
	at app.freerouting.board.PolylineTrace.combine(PolylineTrace.java:180)
	at app.freerouting.board.PolylineTrace.combine(PolylineTrace.java:180)
	at app.freerouting.board.PolylineTrace.combine(PolylineTrace.java:180)
	at app.freerouting.board.PolylineTrace.combine(PolylineTrace.java:180)
	at app.freerouting.board.PolylineTrace.combine(PolylineTrace.java:180)
	at app.freerouting.board.PolylineTrace.combine(PolylineTrace.java:180)
	at app.freerouting.board.PolylineTrace.combine(PolylineTrace.java:180)
	at app.freerouting.board.PolylineTrace.combine(PolylineTrace.java:180)
	at app.freerouting.board.PolylineTrace.combine(PolylineTrace.java:180)
	at app.freerouting.board.PolylineTrace.combine(PolylineTrace.java:180)
	at app.freerouting.board.PolylineTrace.combine(PolylineTrace.java:180)
	at app.freerouting.board.PolylineTrace.combine(PolylineTrace.java:180)
	at app.freerouting.board.PolylineTrace.combine(PolylineTrace.java:180)
	at app.freerouting.board.PolylineTrace.combine(PolylineTrace.java:180)
	at app.freerouting.board.PolylineTrace.combine(PolylineTrace.java:180)
	at app.freerouting.board.PolylineTrace.combine(PolylineTrace.java:180)
	at app.freerouting.board.PolylineTrace.combine(PolylineTrace.java:180)
	at app.freerouting.board.PolylineTrace.combine(PolylineTrace.java:180)
	at app.freerouting.board.PolylineTrace.combine(PolylineTrace.java:180)
	at app.freerouting.board.PolylineTrace.combine(PolylineTrace.java:180)
	at app.freerouting.board.PolylineTrace.combine(PolylineTrace.java:180)
	at app.freerouting.board.PolylineTrace.combine(PolylineTrace.java:180)
	at app.freerouting.board.PolylineTrace.combine(PolylineTrace.java:180)
	at app.freerouting.board.PolylineTrace.combine(PolylineTrace.java:180)
	at app.freerouting.board.PolylineTrace.combine(PolylineTrace.java:180)
	at app.freerouting.board.PolylineTrace.combine(PolylineTrace.java:180)
	at app.freerouting.board.PolylineTrace.combine(PolylineTrace.java:180)
	at app.freerouting.board.PolylineTrace.combine(PolylineTrace.java:180)
	at app.freerouting.board.PolylineTrace.combine(PolylineTrace.java:180)
	at app.freerouting.board.PolylineTrace.combine(PolylineTrace.java:180)
	at app.freerouting.board.PolylineTrace.combine(PolylineTrace.java:180)
	at app.freerouting.board.PolylineTrace.combine(PolylineTrace.java:180)
	at app.freerouting.board.PolylineTrace.combine(PolylineTrace.java:180)
	at app.freerouting.board.PolylineTrace.combine(PolylineTrace.java:180)
	at app.freerouting.board.PolylineTrace.combine(PolylineTrace.java:180)
	at app.freerouting.board.PolylineTrace.combine(PolylineTrace.java:180)
	at app.freerouting.board.PolylineTrace.combine(PolylineTrace.java:180)
	at app.freerouting.board.PolylineTrace.combine(PolylineTrace.java:180)
	at app.freerouting.board.PolylineTrace.combine(PolylineTrace.java:180)
	at app.freerouting.board.PolylineTrace.combine(PolylineTrace.java:180)
	at app.freerouting.board.PolylineTrace.combine(PolylineTrace.java:180)
	at app.freerouting.board.PolylineTrace.combine(PolylineTrace.java:180)
	at app.freerouting.board.PolylineTrace.combine(PolylineTrace.java:180)
	at app.freerouting.board.PolylineTrace.combine(PolylineTrace.java:180)
	at app.freerouting.board.PolylineTrace.combine(PolylineTrace.java:180)
	at app.freerouting.board.PolylineTrace.combine(PolylineTrace.java:180)
	at app.freerouting.board.PolylineTrace.combine(PolylineTrace.java:180)
	at app.freerouting.board.PolylineTrace.combine(PolylineTrace.java:180)
	at app.freerouting.board.PolylineTrace.combine(PolylineTrace.java:180)
	at app.freerouting.board.PolylineTrace.combine(PolylineTrace.java:180)
	at app.freerouting.board.PolylineTrace.combine(PolylineTrace.java:180)
	at app.freerouting.board.PolylineTrace.combine(PolylineTrace.java:180)
	at app.freerouting.board.PolylineTrace.combine(PolylineTrace.java:180)
	at app.freerouting.board.PolylineTrace.combine(PolylineTrace.java:180)
	at app.freerouting.board.PolylineTrace.combine(PolylineTrace.java:180)
	at app.freerouting.board.PolylineTrace.combine(PolylineTrace.java:180)
	at app.freerouting.board.PolylineTrace.combine(PolylineTrace.java:180)
	at app.freerouting.board.PolylineTrace.combine(PolylineTrace.java:180)
	at app.freerouting.board.PolylineTrace.combine(PolylineTrace.java:180)
	at app.freerouting.board.PolylineTrace.combine(PolylineTrace.java:180)
	at app.freerouting.board.PolylineTrace.combine(PolylineTrace.java:180)
	at app.freerouting.board.PolylineTrace.combine(PolylineTrace.java:180)
	at app.freerouting.board.PolylineTrace.combine(PolylineTrace.java:180)
	at app.freerouting.board.PolylineTrace.combine(PolylineTrace.java:180)
	at app.freerouting.board.PolylineTrace.combine(PolylineTrace.java:180)
	at app.freerouting.board.PolylineTrace.combine(PolylineTrace.java:180)
	at app.freerouting.board.PolylineTrace.combine(PolylineTrace.java:180)
	at app.freerouting.board.PolylineTrace.combine(PolylineTrace.java:180)
	at app.freerouting.board.PolylineTrace.combine(PolylineTrace.java:180)
	at app.freerouting.board.PolylineTrace.combine(PolylineTrace.java:180)
	at app.freerouting.board.PolylineTrace.combine(PolylineTrace.java:180)
	at app.freerouting.board.PolylineTrace.combine(PolylineTrace.java:180)
	at app.freerouting.board.PolylineTrace.combine(PolylineTrace.java:180)
	at app.freerouting.board.PolylineTrace.combine(PolylineTrace.java:180)
	at app.freerouting.board.PolylineTrace.combine(PolylineTrace.java:180)
	at app.freerouting.board.PolylineTrace.combine(PolylineTrace.java:180)
	at app.freerouting.board.PolylineTrace.combine(PolylineTrace.java:180)
	at app.freerouting.board.PolylineTrace.combine(PolylineTrace.java:180)
	at app.freerouting.board.PolylineTrace.combine(PolylineTrace.java:180)
	at app.freerouting.board.PolylineTrace.combine(PolylineTrace.java:180)
	at app.freerouting.board.PolylineTrace.combine(PolylineTrace.java:180)
	at app.freerouting.board.PolylineTrace.combine(PolylineTrace.java:180)
	at app.freerouting.board.PolylineTrace.combine(PolylineTrace.java:180)
	at app.freerouting.board.PolylineTrace.combine(PolylineTrace.java:180)
	at app.freerouting.board.PolylineTrace.combine(PolylineTrace.java:180)
	at app.freerouting.board.PolylineTrace.combine(PolylineTrace.java:180)
	at app.freerouting.board.PolylineTrace.combine(PolylineTrace.java:180)
	at app.freerouting.board.PolylineTrace.combine(PolylineTrace.java:180)
	at app.freerouting.board.PolylineTrace.combine(PolylineTrace.java:180)
	at app.freerouting.board.PolylineTrace.combine(PolylineTrace.java:180)
	at app.freerouting.board.PolylineTrace.combine(PolylineTrace.java:180)
	at app.freerouting.board.PolylineTrace.combine(PolylineTrace.java:180)
	at app.freerouting.board.PolylineTrace.combine(PolylineTrace.java:180)
	at app.freerouting.board.PolylineTrace.combine(PolylineTrace.java:180)
	at app.freerouting.board.PolylineTrace.combine(PolylineTrace.java:180)
	at app.freerouting.board.PolylineTrace.combine(PolylineTrace.java:180)
	at app.freerouting.board.PolylineTrace.combine(PolylineTrace.java:180)
	at app.freerouting.board.PolylineTrace.combine(PolylineTrace.java:180)
	at app.freerouting.board.PolylineTrace.combine(PolylineTrace.java:180)
	at app.freerouting.board.PolylineTrace.combine(PolylineTrace.java:180)
	at app.freerouting.board.PolylineTrace.combine(PolylineTrace.java:180)
	at app.freerouting.board.PolylineTrace.combine(PolylineTrace.java:180)
	at app.freerouting.board.PolylineTrace.combine(PolylineTrace.java:180)
	at app.freerouting.board.PolylineTrace.combine(PolylineTrace.java:180)
	at app.freerouting.board.PolylineTrace.combine(PolylineTrace.java:180)
	at app.freerouting.board.PolylineTrace.combine(PolylineTrace.java:180)
	at app.freerouting.board.PolylineTrace.combine(PolylineTrace.java:180)
	at app.freerouting.board.PolylineTrace.combine(PolylineTrace.java:180)
	at app.freerouting.board.PolylineTrace.combine(PolylineTrace.java:180)
	at app.freerouting.board.PolylineTrace.combine(PolylineTrace.java:180)
	at app.freerouting.board.PolylineTrace.combine(PolylineTrace.java:180)
	at app.freerouting.board.PolylineTrace.combine(PolylineTrace.java:180)
	at app.freerouting.board.PolylineTrace.combine(PolylineTrace.java:180)
	at app.freerouting.board.PolylineTrace.combine(PolylineTrace.java:180)
	at app.freerouting.board.PolylineTrace.combine(PolylineTrace.java:180)
	at app.freerouting.board.PolylineTrace.combine(PolylineTrace.java:180)
	at app.freerouting.board.PolylineTrace.combine(PolylineTrace.java:180)
	at app.freerouting.board.PolylineTrace.combine(PolylineTrace.java:180)
	at app.freerouting.board.PolylineTrace.combine(PolylineTrace.java:180)
	at app.freerouting.board.PolylineTrace.combine(PolylineTrace.java:180)
	at app.freerouting.board.PolylineTrace.combine(PolylineTrace.java:180)
	at app.freerouting.board.PolylineTrace.combine(PolylineTrace.java:180)
	at app.freerouting.board.PolylineTrace.combine(PolylineTrace.java:180)
	at app.freerouting.board.PolylineTrace.combine(PolylineTrace.java:180)
	at app.freerouting.board.PolylineTrace.combine(PolylineTrace.java:180)
	at app.freerouting.board.PolylineTrace.combine(PolylineTrace.java:180)
	at app.freerouting.board.PolylineTrace.combine(PolylineTrace.java:180)
	at app.freerouting.board.PolylineTrace.combine(PolylineTrace.java:180)
	at app.freerouting.board.PolylineTrace.combine(PolylineTrace.java:180)
	at app.freerouting.board.PolylineTrace.combine(PolylineTrace.java:180)
	at app.freerouting.board.PolylineTrace.combine(PolylineTrace.java:180)
	at app.freerouting.board.PolylineTrace.combine(PolylineTrace.java:180)
	at app.freerouting.board.PolylineTrace.combine(PolylineTrace.java:180)
	at app.freerouting.board.PolylineTrace.combine(PolylineTrace.java:180)
	at app.freerouting.board.PolylineTrace.combine(PolylineTrace.java:180)
	at app.freerouting.board.PolylineTrace.combine(PolylineTrace.java:180)
	at app.freerouting.board.PolylineTrace.combine(PolylineTrace.java:180)
	at app.freerouting.board.PolylineTrace.combine(PolylineTrace.java:180)
	at app.freerouting.board.PolylineTrace.combine(PolylineTrace.java:180)
	at app.freerouting.board.PolylineTrace.combine(PolylineTrace.java:180)
	at app.freerouting.board.PolylineTrace.combine(PolylineTrace.java:180)
	at app.freerouting.board.PolylineTrace.combine(PolylineTrace.java:180)
	at app.freerouting.board.PolylineTrace.combine(PolylineTrace.java:180)
	at app.freerouting.board.PolylineTrace.combine(PolylineTrace.java:180)
	at app.freerouting.board.PolylineTrace.combine(PolylineTrace.java:180)
	at app.freerouting.board.PolylineTrace.combine(PolylineTrace.java:180)
	at app.freerouting.board.PolylineTrace.combine(PolylineTrace.java:180)
	at app.freerouting.board.PolylineTrace.combine(PolylineTrace.java:180)
	at app.freerouting.board.PolylineTrace.combine(PolylineTrace.java:180)
	at app.freerouting.board.PolylineTrace.combine(PolylineTrace.java:180)
	at app.freerouting.board.PolylineTrace.combine(PolylineTrace.java:180)
	at app.freerouting.board.PolylineTrace.combine(PolylineTrace.java:180)
	at app.freerouting.board.PolylineTrace.combine(PolylineTrace.java:180)
	at app.freerouting.board.PolylineTrace.combine(PolylineTrace.java:180)
	at app.freerouting.board.PolylineTrace.combine(PolylineTrace.java:180)
	at app.freerouting.board.PolylineTrace.combine(PolylineTrace.java:180)
	at app.freerouting.board.PolylineTrace.combine(PolylineTrace.java:180)
	at app.freerouting.board.PolylineTrace.combine(PolylineTrace.java:180)
	at app.freerouting.board.PolylineTrace.combine(PolylineTrace.java:180)
	at app.freerouting.board.PolylineTrace.combine(PolylineTrace.java:180)
	at app.freerouting.board.PolylineTrace.combine(PolylineTrace.java:180)
	at app.freerouting.board.PolylineTrace.combine(PolylineTrace.java:180)
	at app.freerouting.board.PolylineTrace.combine(PolylineTrace.java:180)
	at app.freerouting.board.PolylineTrace.combine(PolylineTrace.java:180)
	at app.freerouting.board.PolylineTrace.combine(PolylineTrace.java:180)
	at app.freerouting.board.PolylineTrace.combine(PolylineTrace.java:180)
	at app.freerouting.board.PolylineTrace.combine(PolylineTrace.java:180)
	at app.freerouting.board.PolylineTrace.combine(PolylineTrace.java:180)
	at app.freerouting.board.PolylineTrace.combine(PolylineTrace.java:180)
	at app.freerouting.board.PolylineTrace.combine(PolylineTrace.java:180)
	at app.freerouting.board.PolylineTrace.combine(PolylineTrace.java:180)
	at app.freerouting.board.PolylineTrace.combine(PolylineTrace.java:180)
	at app.freerouting.board.PolylineTrace.combine(PolylineTrace.java:180)
	at app.freerouting.board.PolylineTrace.combine(PolylineTrace.java:180)
	at app.freerouting.board.PolylineTrace.combine(PolylineTrace.java:180)
	at app.freerouting.board.PolylineTrace.combine(PolylineTrace.java:180)
	at app.freerouting.board.PolylineTrace.combine(PolylineTrace.java:180)
	at app.freerouting.board.PolylineTrace.combine(PolylineTrace.java:180)
	at app.freerouting.board.PolylineTrace.combine(PolylineTrace.java:180)
	at app.freerouting.board.PolylineTrace.combine(PolylineTrace.java:180)
	at app.freerouting.board.PolylineTrace.combine(PolylineTrace.java:180)
	at app.freerouting.board.PolylineTrace.combine(PolylineTrace.java:180)
	at app.freerouting.board.PolylineTrace.combine(PolylineTrace.java:180)
	at app.freerouting.board.PolylineTrace.combine(PolylineTrace.java:180)
	at app.freerouting.board.PolylineTrace.combine(PolylineTrace.java:180)
	at app.freerouting.board.PolylineTrace.combine(PolylineTrace.java:180)
	at app.freerouting.board.PolylineTrace.combine(PolylineTrace.java:180)
	at app.freerouting.board.PolylineTrace.combine(PolylineTrace.java:180)
	at app.freerouting.board.PolylineTrace.combine(PolylineTrace.java:180)
	at app.freerouting.board.PolylineTrace.combine(PolylineTrace.java:180)
	at app.freerouting.board.PolylineTrace.combine(PolylineTrace.java:180)
	at app.freerouting.board.PolylineTrace.combine(PolylineTrace.java:180)
	at app.freerouting.board.PolylineTrace.combine(PolylineTrace.java:180)
	at app.freerouting.board.PolylineTrace.combine(PolylineTrace.java:180)
	at app.freerouting.board.PolylineTrace.combine(PolylineTrace.java:180)
	at app.freerouting.board.PolylineTrace.combine(PolylineTrace.java:180)
	at app.freerouting.board.PolylineTrace.combine(PolylineTrace.java:180)
	at app.freerouting.board.PolylineTrace.combine(PolylineTrace.java:180)
	at app.freerouting.board.PolylineTrace.combine(PolylineTrace.java:180)
	at app.freerouting.board.PolylineTrace.combine(PolylineTrace.java:180)
	at app.freerouting.board.PolylineTrace.combine(PolylineTrace.java:180)
	at app.freerouting.board.PolylineTrace.combine(PolylineTrace.java:180)
	at app.freerouting.board.PolylineTrace.combine(PolylineTrace.java:180)
	at app.freerouting.board.PolylineTrace.combine(PolylineTrace.java:180)
	at app.freerouting.board.PolylineTrace.combine(PolylineTrace.java:180)
	at app.freerouting.board.PolylineTrace.combine(PolylineTrace.java:180)
	at app.freerouting.board.PolylineTrace.combine(PolylineTrace.java:180)
	at app.freerouting.board.PolylineTrace.combine(PolylineTrace.java:180)
	at app.freerouting.board.PolylineTrace.combine(PolylineTrace.java:180)
	at app.freerouting.board.PolylineTrace.combine(PolylineTrace.java:180)
	at app.freerouting.board.PolylineTrace.combine(PolylineTrace.java:180)
	at app.freerouting.board.PolylineTrace.combine(PolylineTrace.java:180)
	at app.freerouting.board.PolylineTrace.combine(PolylineTrace.java:180)
	at app.freerouting.board.PolylineTrace.combine(PolylineTrace.java:180)
	at app.freerouting.board.PolylineTrace.combine(PolylineTrace.java:180)
	at app.freerouting.board.PolylineTrace.combine(PolylineTrace.java:180)
	at app.freerouting.board.PolylineTrace.combine(PolylineTrace.java:180)
	at app.freerouting.board.PolylineTrace.combine(PolylineTrace.java:180)
	at app.freerouting.board.PolylineTrace.combine(PolylineTrace.java:180)
	at app.freerouting.board.PolylineTrace.combine(PolylineTrace.java:180)
	at app.freerouting.board.PolylineTrace.combine(PolylineTrace.java:180)
	at app.freerouting.board.PolylineTrace.combine(PolylineTrace.java:180)
	at app.freerouting.board.PolylineTrace.combine(PolylineTrace.java:180)
	at app.freerouting.board.PolylineTrace.combine(PolylineTrace.java:180)
	at app.freerouting.board.PolylineTrace.combine(PolylineTrace.java:180)
	at app.freerouting.board.PolylineTrace.combine(PolylineTrace.java:180)
	at app.freerouting.board.PolylineTrace.combine(PolylineTrace.java:180)
	at app.freerouting.board.PolylineTrace.combine(PolylineTrace.java:180)
	at app.freerouting.board.PolylineTrace.combine(PolylineTrace.java:180)
	at app.freerouting.board.PolylineTrace.combine(PolylineTrace.java:180)
	at app.freerouting.board.PolylineTrace.combine(PolylineTrace.java:180)
	at app.freerouting.board.PolylineTrace.combine(PolylineTrace.java:180)
	at app.freerouting.board.PolylineTrace.combine(PolylineTrace.java:180)
	at app.freerouting.board.PolylineTrace.combine(PolylineTrace.java:180)
	at app.freerouting.board.PolylineTrace.combine(PolylineTrace.java:180)
	at app.freerouting.board.PolylineTrace.combine(PolylineTrace.java:180)
	at app.freerouting.board.PolylineTrace.combine(PolylineTrace.java:180)
	at app.freerouting.board.PolylineTrace.combine(PolylineTrace.java:180)
	at app.freerouting.board.PolylineTrace.combine(PolylineTrace.java:180)
	at app.freerouting.board.PolylineTrace.combine(PolylineTrace.java:180)
	at app.freerouting.board.PolylineTrace.combine(PolylineTrace.java:180)
	at app.freerouting.board.PolylineTrace.combine(PolylineTrace.java:180)
	at app.freerouting.board.PolylineTrace.combine(PolylineTrace.java:180)
	at app.freerouting.board.PolylineTrace.combine(PolylineTrace.java:180)
	at app.freerouting.board.PolylineTrace.combine(PolylineTrace.java:180)
	at app.freerouting.board.PolylineTrace.combine(PolylineTrace.java:180)
	at app.freerouting.board.PolylineTrace.combine(PolylineTrace.java:180)
	at app.freerouting.board.PolylineTrace.combine(PolylineTrace.java:180)
	at app.freerouting.board.PolylineTrace.combine(PolylineTrace.java:180)
	at app.freerouting.board.PolylineTrace.combine(PolylineTrace.java:180)
	at app.freerouting.board.PolylineTrace.combine(PolylineTrace.java:180)
	at app.freerouting.board.PolylineTrace.combine(PolylineTrace.java:180)
	at app.freerouting.board.PolylineTrace.combine(PolylineTrace.java:180)
	at app.freerouting.board.PolylineTrace.combine(PolylineTrace.java:180)
	at app.freerouting.board.PolylineTrace.combine(PolylineTrace.java:180)
	at app.freerouting.board.PolylineTrace.combine(PolylineTrace.java:180)
	at app.freerouting.board.PolylineTrace.combine(PolylineTrace.java:180)
	at app.freerouting.board.PolylineTrace.combine(PolylineTrace.java:180)
	at app.freerouting.board.PolylineTrace.combine(PolylineTrace.java:180)
	at app.freerouting.board.PolylineTrace.combine(PolylineTrace.java:180)
	at app.freerouting.board.PolylineTrace.combine(PolylineTrace.java:180)
	at app.freerouting.board.PolylineTrace.combine(PolylineTrace.java:180)
	at app.freerouting.board.PolylineTrace.combine(PolylineTrace.java:180)
	at app.freerouting.board.PolylineTrace.combine(PolylineTrace.java:180)
	at app.freerouting.board.PolylineTrace.combine(PolylineTrace.java:180)
	at app.freerouting.board.PolylineTrace.combine(PolylineTrace.java:180)
	at app.freerouting.board.PolylineTrace.combine(PolylineTrace.java:180)
	at app.freerouting.board.PolylineTrace.combine(PolylineTrace.java:180)
	at app.freerouting.board.PolylineTrace.combine(PolylineTrace.java:180)
	at app.freerouting.board.PolylineTrace.combine(PolylineTrace.java:180)
	at app.freerouting.board.PolylineTrace.combine(PolylineTrace.java:180)
	at app.freerouting.board.PolylineTrace.combine(PolylineTrace.java:180)
	at app.freerouting.board.PolylineTrace.combine(PolylineTrace.java:180)
	at app.freerouting.board.PolylineTrace.combine(PolylineTrace.java:180)
	at app.freerouting.board.PolylineTrace.combine(PolylineTrace.java:180)
	at app.freerouting.board.PolylineTrace.combine(PolylineTrace.java:180)
	at app.freerouting.board.PolylineTrace.combine(PolylineTrace.java:180)
	at app.freerouting.board.PolylineTrace.combine(PolylineTrace.java:180)
	at app.freerouting.board.PolylineTrace.combine(PolylineTrace.java:180)
	at app.freerouting.board.PolylineTrace.combine(PolylineTrace.java:180)
	at app.freerouting.board.PolylineTrace.combine(PolylineTrace.java:180)
	at app.freerouting.board.PolylineTrace.combine(PolylineTrace.java:180)
	at app.freerouting.board.PolylineTrace.combine(PolylineTrace.java:180)
	at app.freerouting.board.PolylineTrace.combine(PolylineTrace.java:180)
	at app.freerouting.board.PolylineTrace.combine(PolylineTrace.java:180)
	at app.freerouting.board.PolylineTrace.combine(PolylineTrace.java:180)

Exception: java.awt.HeadlessException thrown from the UncaughtExceptionHandler in thread "Thread-1"
