** Drc report for main_rev_b.kicad_pcb **
** Created on 2026-07-18T22:35:03+0530 **

** Found 127 DRC violations **
[via_dangling]: Via is not connected or connected on only one layer
    Local override; warning
    @(77.0000 mm, 88.0000 mm): Via [/GND] on F.Cu - B.Cu
[via_dangling]: Via is not connected or connected on only one layer
    Local override; warning
    @(35.0000 mm, 3.0000 mm): Via [/GND] on F.Cu - B.Cu
[via_dangling]: Via is not connected or connected on only one layer
    Local override; warning
    @(137.0000 mm, 33.0000 mm): Via [/GND] on F.Cu - B.Cu
[via_dangling]: Via is not connected or connected on only one layer
    Local override; warning
    @(92.0000 mm, 12.0000 mm): Via [/GND] on F.Cu - B.Cu
[via_dangling]: Via is not connected or connected on only one layer
    Local override; warning
    @(134.0000 mm, 36.0000 mm): Via [/GND] on F.Cu - B.Cu
[via_dangling]: Via is not connected or connected on only one layer
    Local override; warning
    @(89.0000 mm, 36.0000 mm): Via [/GND] on F.Cu - B.Cu
[via_dangling]: Via is not connected or connected on only one layer
    Local override; warning
    @(137.0000 mm, 28.0000 mm): Via [/GND] on F.Cu - B.Cu
[via_dangling]: Via is not connected or connected on only one layer
    Local override; warning
    @(137.0000 mm, 23.0000 mm): Via [/GND] on F.Cu - B.Cu
[via_dangling]: Via is not connected or connected on only one layer
    Local override; warning
    @(77.0000 mm, 8.0000 mm): Via [/GND] on F.Cu - B.Cu
[via_dangling]: Via is not connected or connected on only one layer
    Local override; warning
    @(15.0000 mm, 97.0000 mm): Via [/GND] on F.Cu - B.Cu
[via_dangling]: Via is not connected or connected on only one layer
    Local override; warning
    @(77.0000 mm, 83.0000 mm): Via [/GND] on F.Cu - B.Cu
[via_dangling]: Via is not connected or connected on only one layer
    Local override; warning
    @(137.0000 mm, 18.0000 mm): Via [/GND] on F.Cu - B.Cu
[via_dangling]: Via is not connected or connected on only one layer
    Local override; warning
    @(77.0000 mm, 13.0000 mm): Via [/GND] on F.Cu - B.Cu
[via_dangling]: Via is not connected or connected on only one layer
    Local override; warning
    @(90.0000 mm, 3.0000 mm): Via [/GND] on F.Cu - B.Cu
[via_dangling]: Via is not connected or connected on only one layer
    Local override; warning
    @(82.0000 mm, 12.0000 mm): Via [/GND] on F.Cu - B.Cu
[via_dangling]: Via is not connected or connected on only one layer
    Local override; warning
    @(92.0000 mm, 26.0000 mm): Via [/GND] on F.Cu - B.Cu
[via_dangling]: Via is not connected or connected on only one layer
    Local override; warning
    @(90.0000 mm, 12.0000 mm): Via [/GND] on F.Cu - B.Cu
[via_dangling]: Via is not connected or connected on only one layer
    Local override; warning
    @(80.0000 mm, 36.0000 mm): Via [/GND] on F.Cu - B.Cu
[via_dangling]: Via is not connected or connected on only one layer
    Local override; warning
    @(77.0000 mm, 18.0000 mm): Via [/GND] on F.Cu - B.Cu
[via_dangling]: Via is not connected or connected on only one layer
    Local override; warning
    @(75.0000 mm, 97.0000 mm): Via [/GND] on F.Cu - B.Cu
[via_dangling]: Via is not connected or connected on only one layer
    Local override; warning
    @(86.0000 mm, 12.0000 mm): Via [/GND] on F.Cu - B.Cu
[via_dangling]: Via is not connected or connected on only one layer
    Local override; warning
    @(50.0000 mm, 97.0000 mm): Via [/GND] on F.Cu - B.Cu
[via_dangling]: Via is not connected or connected on only one layer
    Local override; warning
    @(110.0000 mm, 97.0000 mm): Via [/GND] on F.Cu - B.Cu
[via_dangling]: Via is not connected or connected on only one layer
    Local override; warning
    @(77.0000 mm, 33.0000 mm): Via [/GND] on F.Cu - B.Cu
[via_dangling]: Via is not connected or connected on only one layer
    Local override; warning
    @(95.0000 mm, 3.0000 mm): Via [/GND] on F.Cu - B.Cu
[via_dangling]: Via is not connected or connected on only one layer
    Local override; warning
    @(77.0000 mm, 73.0000 mm): Via [/GND] on F.Cu - B.Cu
[via_dangling]: Via is not connected or connected on only one layer
    Local override; warning
    @(85.0000 mm, 97.0000 mm): Via [/GND] on F.Cu - B.Cu
[via_dangling]: Via is not connected or connected on only one layer
    Local override; warning
    @(137.0000 mm, 78.0000 mm): Via [/GND] on F.Cu - B.Cu
[via_dangling]: Via is not connected or connected on only one layer
    Local override; warning
    @(110.0000 mm, 3.0000 mm): Via [/GND] on F.Cu - B.Cu
[via_dangling]: Via is not connected or connected on only one layer
    Local override; warning
    @(77.0000 mm, 58.0000 mm): Via [/GND] on F.Cu - B.Cu
[via_dangling]: Via is not connected or connected on only one layer
    Local override; warning
    @(95.0000 mm, 36.0000 mm): Via [/GND] on F.Cu - B.Cu
[via_dangling]: Via is not connected or connected on only one layer
    Local override; warning
    @(77.0000 mm, 28.0000 mm): Via [/GND] on F.Cu - B.Cu
[via_dangling]: Via is not connected or connected on only one layer
    Local override; warning
    @(85.0000 mm, 3.0000 mm): Via [/GND] on F.Cu - B.Cu
[via_dangling]: Via is not connected or connected on only one layer
    Local override; warning
    @(113.0000 mm, 36.0000 mm): Via [/GND] on F.Cu - B.Cu
[via_dangling]: Via is not connected or connected on only one layer
    Local override; warning
    @(120.0000 mm, 3.0000 mm): Via [/GND] on F.Cu - B.Cu
[via_dangling]: Via is not connected or connected on only one layer
    Local override; warning
    @(137.0000 mm, 68.0000 mm): Via [/GND] on F.Cu - B.Cu
[via_dangling]: Via is not connected or connected on only one layer
    Local override; warning
    @(77.0000 mm, 53.0000 mm): Via [/GND] on F.Cu - B.Cu
[via_dangling]: Via is not connected or connected on only one layer
    Local override; warning
    @(116.0000 mm, 36.0000 mm): Via [/GND] on F.Cu - B.Cu
[via_dangling]: Via is not connected or connected on only one layer
    Local override; warning
    @(95.0000 mm, 97.0000 mm): Via [/GND] on F.Cu - B.Cu
[via_dangling]: Via is not connected or connected on only one layer
    Local override; warning
    @(77.0000 mm, 43.0000 mm): Via [/GND] on F.Cu - B.Cu
[via_dangling]: Via is not connected or connected on only one layer
    Local override; warning
    @(77.0000 mm, 38.0000 mm): Via [/GND] on F.Cu - B.Cu
[via_dangling]: Via is not connected or connected on only one layer
    Local override; warning
    @(137.0000 mm, 8.0000 mm): Via [/GND] on F.Cu - B.Cu
[via_dangling]: Via is not connected or connected on only one layer
    Local override; warning
    @(125.0000 mm, 36.0000 mm): Via [/GND] on F.Cu - B.Cu
[via_dangling]: Via is not connected or connected on only one layer
    Local override; warning
    @(82.0000 mm, 26.0000 mm): Via [/GND] on F.Cu - B.Cu
[via_dangling]: Via is not connected or connected on only one layer
    Local override; warning
    @(137.0000 mm, 13.0000 mm): Via [/GND] on F.Cu - B.Cu
[via_dangling]: Via is not connected or connected on only one layer
    Local override; warning
    @(115.0000 mm, 3.0000 mm): Via [/GND] on F.Cu - B.Cu
[via_dangling]: Via is not connected or connected on only one layer
    Local override; warning
    @(15.0000 mm, 3.0000 mm): Via [/GND] on F.Cu - B.Cu
[via_dangling]: Via is not connected or connected on only one layer
    Local override; warning
    @(128.0000 mm, 36.0000 mm): Via [/GND] on F.Cu - B.Cu
[via_dangling]: Via is not connected or connected on only one layer
    Local override; warning
    @(125.0000 mm, 97.0000 mm): Via [/GND] on F.Cu - B.Cu
[via_dangling]: Via is not connected or connected on only one layer
    Local override; warning
    @(77.0000 mm, 48.0000 mm): Via [/GND] on F.Cu - B.Cu
[via_dangling]: Via is not connected or connected on only one layer
    Local override; warning
    @(86.0000 mm, 36.0000 mm): Via [/GND] on F.Cu - B.Cu
[via_dangling]: Via is not connected or connected on only one layer
    Local override; warning
    @(137.0000 mm, 93.0000 mm): Via [/GND] on F.Cu - B.Cu
[via_dangling]: Via is not connected or connected on only one layer
    Local override; warning
    @(137.0000 mm, 73.0000 mm): Via [/GND] on F.Cu - B.Cu
[via_dangling]: Via is not connected or connected on only one layer
    Local override; warning
    @(10.0000 mm, 3.0000 mm): Via [/GND] on F.Cu - B.Cu
[via_dangling]: Via is not connected or connected on only one layer
    Local override; warning
    @(105.0000 mm, 3.0000 mm): Via [/GND] on F.Cu - B.Cu
[via_dangling]: Via is not connected or connected on only one layer
    Local override; warning
    @(137.0000 mm, 58.0000 mm): Via [/GND] on F.Cu - B.Cu
[via_dangling]: Via is not connected or connected on only one layer
    Local override; warning
    @(94.0000 mm, 12.0000 mm): Via [/GND] on F.Cu - B.Cu
[via_dangling]: Via is not connected or connected on only one layer
    Local override; warning
    @(40.0000 mm, 3.0000 mm): Via [/GND] on F.Cu - B.Cu
[via_dangling]: Via is not connected or connected on only one layer
    Local override; warning
    @(65.0000 mm, 3.0000 mm): Via [/GND] on F.Cu - B.Cu
[via_dangling]: Via is not connected or connected on only one layer
    Local override; warning
    @(100.0000 mm, 3.0000 mm): Via [/GND] on F.Cu - B.Cu
[via_dangling]: Via is not connected or connected on only one layer
    Local override; warning
    @(60.0000 mm, 97.0000 mm): Via [/GND] on F.Cu - B.Cu
[via_dangling]: Via is not connected or connected on only one layer
    Local override; warning
    @(35.0000 mm, 97.0000 mm): Via [/GND] on F.Cu - B.Cu
[via_dangling]: Via is not connected or connected on only one layer
    Local override; warning
    @(90.0000 mm, 97.0000 mm): Via [/GND] on F.Cu - B.Cu
[via_dangling]: Via is not connected or connected on only one layer
    Local override; warning
    @(65.0000 mm, 97.0000 mm): Via [/GND] on F.Cu - B.Cu
[via_dangling]: Via is not connected or connected on only one layer
    Local override; warning
    @(98.0000 mm, 36.0000 mm): Via [/GND] on F.Cu - B.Cu
[via_dangling]: Via is not connected or connected on only one layer
    Local override; warning
    @(86.0000 mm, 26.0000 mm): Via [/GND] on F.Cu - B.Cu
[via_dangling]: Via is not connected or connected on only one layer
    Local override; warning
    @(137.0000 mm, 38.0000 mm): Via [/GND] on F.Cu - B.Cu
[via_dangling]: Via is not connected or connected on only one layer
    Local override; warning
    @(70.0000 mm, 97.0000 mm): Via [/GND] on F.Cu - B.Cu
[via_dangling]: Via is not connected or connected on only one layer
    Local override; warning
    @(45.0000 mm, 97.0000 mm): Via [/GND] on F.Cu - B.Cu
[via_dangling]: Via is not connected or connected on only one layer
    Local override; warning
    @(88.0000 mm, 26.0000 mm): Via [/GND] on F.Cu - B.Cu
[via_dangling]: Via is not connected or connected on only one layer
    Local override; warning
    @(77.0000 mm, 63.0000 mm): Via [/GND] on F.Cu - B.Cu
[via_dangling]: Via is not connected or connected on only one layer
    Local override; warning
    @(119.0000 mm, 36.0000 mm): Via [/GND] on F.Cu - B.Cu
[via_dangling]: Via is not connected or connected on only one layer
    Local override; warning
    @(125.0000 mm, 3.0000 mm): Via [/GND] on F.Cu - B.Cu
[via_dangling]: Via is not connected or connected on only one layer
    Local override; warning
    @(80.0000 mm, 12.0000 mm): Via [/GND] on F.Cu - B.Cu
[via_dangling]: Via is not connected or connected on only one layer
    Local override; warning
    @(80.0000 mm, 3.0000 mm): Via [/GND] on F.Cu - B.Cu
[via_dangling]: Via is not connected or connected on only one layer
    Local override; warning
    @(30.0000 mm, 97.0000 mm): Via [/GND] on F.Cu - B.Cu
[via_dangling]: Via is not connected or connected on only one layer
    Local override; warning
    @(90.0000 mm, 26.0000 mm): Via [/GND] on F.Cu - B.Cu
[via_dangling]: Via is not connected or connected on only one layer
    Local override; warning
    @(20.0000 mm, 97.0000 mm): Via [/GND] on F.Cu - B.Cu
[via_dangling]: Via is not connected or connected on only one layer
    Local override; warning
    @(70.0000 mm, 3.0000 mm): Via [/GND] on F.Cu - B.Cu
[via_dangling]: Via is not connected or connected on only one layer
    Local override; warning
    @(60.0000 mm, 3.0000 mm): Via [/GND] on F.Cu - B.Cu
[via_dangling]: Via is not connected or connected on only one layer
    Local override; warning
    @(77.0000 mm, 23.0000 mm): Via [/GND] on F.Cu - B.Cu
[via_dangling]: Via is not connected or connected on only one layer
    Local override; warning
    @(101.0000 mm, 36.0000 mm): Via [/GND] on F.Cu - B.Cu
[via_dangling]: Via is not connected or connected on only one layer
    Local override; warning
    @(100.0000 mm, 97.0000 mm): Via [/GND] on F.Cu - B.Cu
[via_dangling]: Via is not connected or connected on only one layer
    Local override; warning
    @(55.0000 mm, 97.0000 mm): Via [/GND] on F.Cu - B.Cu
[via_dangling]: Via is not connected or connected on only one layer
    Local override; warning
    @(84.0000 mm, 26.0000 mm): Via [/GND] on F.Cu - B.Cu
[via_dangling]: Via is not connected or connected on only one layer
    Local override; warning
    @(137.0000 mm, 48.0000 mm): Via [/GND] on F.Cu - B.Cu
[via_dangling]: Via is not connected or connected on only one layer
    Local override; warning
    @(10.0000 mm, 97.0000 mm): Via [/GND] on F.Cu - B.Cu
[via_dangling]: Via is not connected or connected on only one layer
    Local override; warning
    @(30.0000 mm, 3.0000 mm): Via [/GND] on F.Cu - B.Cu
[via_dangling]: Via is not connected or connected on only one layer
    Local override; warning
    @(40.0000 mm, 97.0000 mm): Via [/GND] on F.Cu - B.Cu
[via_dangling]: Via is not connected or connected on only one layer
    Local override; warning
    @(94.0000 mm, 26.0000 mm): Via [/GND] on F.Cu - B.Cu
[via_dangling]: Via is not connected or connected on only one layer
    Local override; warning
    @(75.0000 mm, 3.0000 mm): Via [/GND] on F.Cu - B.Cu
[via_dangling]: Via is not connected or connected on only one layer
    Local override; warning
    @(88.0000 mm, 12.0000 mm): Via [/GND] on F.Cu - B.Cu
[via_dangling]: Via is not connected or connected on only one layer
    Local override; warning
    @(80.0000 mm, 97.0000 mm): Via [/GND] on F.Cu - B.Cu
[via_dangling]: Via is not connected or connected on only one layer
    Local override; warning
    @(104.0000 mm, 36.0000 mm): Via [/GND] on F.Cu - B.Cu
[via_dangling]: Via is not connected or connected on only one layer
    Local override; warning
    @(45.0000 mm, 3.0000 mm): Via [/GND] on F.Cu - B.Cu
[via_dangling]: Via is not connected or connected on only one layer
    Local override; warning
    @(137.0000 mm, 83.0000 mm): Via [/GND] on F.Cu - B.Cu
[via_dangling]: Via is not connected or connected on only one layer
    Local override; warning
    @(25.0000 mm, 97.0000 mm): Via [/GND] on F.Cu - B.Cu
[via_dangling]: Via is not connected or connected on only one layer
    Local override; warning
    @(105.0000 mm, 97.0000 mm): Via [/GND] on F.Cu - B.Cu
[via_dangling]: Via is not connected or connected on only one layer
    Local override; warning
    @(115.0000 mm, 97.0000 mm): Via [/GND] on F.Cu - B.Cu
[via_dangling]: Via is not connected or connected on only one layer
    Local override; warning
    @(83.0000 mm, 36.0000 mm): Via [/GND] on F.Cu - B.Cu
[via_dangling]: Via is not connected or connected on only one layer
    Local override; warning
    @(50.0000 mm, 3.0000 mm): Via [/GND] on F.Cu - B.Cu
[via_dangling]: Via is not connected or connected on only one layer
    Local override; warning
    @(77.0000 mm, 68.0000 mm): Via [/GND] on F.Cu - B.Cu
[via_dangling]: Via is not connected or connected on only one layer
    Local override; warning
    @(120.0000 mm, 97.0000 mm): Via [/GND] on F.Cu - B.Cu
[via_dangling]: Via is not connected or connected on only one layer
    Local override; warning
    @(92.0000 mm, 36.0000 mm): Via [/GND] on F.Cu - B.Cu
[via_dangling]: Via is not connected or connected on only one layer
    Local override; warning
    @(122.0000 mm, 36.0000 mm): Via [/GND] on F.Cu - B.Cu
[via_dangling]: Via is not connected or connected on only one layer
    Local override; warning
    @(55.0000 mm, 3.0000 mm): Via [/GND] on F.Cu - B.Cu
[via_dangling]: Via is not connected or connected on only one layer
    Local override; warning
    @(107.0000 mm, 36.0000 mm): Via [/GND] on F.Cu - B.Cu
[via_dangling]: Via is not connected or connected on only one layer
    Local override; warning
    @(84.0000 mm, 12.0000 mm): Via [/GND] on F.Cu - B.Cu
[via_dangling]: Via is not connected or connected on only one layer
    Local override; warning
    @(137.0000 mm, 43.0000 mm): Via [/GND] on F.Cu - B.Cu
[via_dangling]: Via is not connected or connected on only one layer
    Local override; warning
    @(25.0000 mm, 3.0000 mm): Via [/GND] on F.Cu - B.Cu
[via_dangling]: Via is not connected or connected on only one layer
    Local override; warning
    @(137.0000 mm, 53.0000 mm): Via [/GND] on F.Cu - B.Cu
[via_dangling]: Via is not connected or connected on only one layer
    Local override; warning
    @(77.0000 mm, 93.0000 mm): Via [/GND] on F.Cu - B.Cu
[via_dangling]: Via is not connected or connected on only one layer
    Local override; warning
    @(137.0000 mm, 63.0000 mm): Via [/GND] on F.Cu - B.Cu
[via_dangling]: Via is not connected or connected on only one layer
    Local override; warning
    @(131.0000 mm, 36.0000 mm): Via [/GND] on F.Cu - B.Cu
[via_dangling]: Via is not connected or connected on only one layer
    Local override; warning
    @(80.0000 mm, 26.0000 mm): Via [/GND] on F.Cu - B.Cu
[via_dangling]: Via is not connected or connected on only one layer
    Local override; warning
    @(20.0000 mm, 3.0000 mm): Via [/GND] on F.Cu - B.Cu
[via_dangling]: Via is not connected or connected on only one layer
    Local override; warning
    @(137.0000 mm, 88.0000 mm): Via [/GND] on F.Cu - B.Cu
[via_dangling]: Via is not connected or connected on only one layer
    Local override; warning
    @(77.0000 mm, 78.0000 mm): Via [/GND] on F.Cu - B.Cu
[via_dangling]: Via is not connected or connected on only one layer
    Local override; warning
    @(110.0000 mm, 36.0000 mm): Via [/GND] on F.Cu - B.Cu
[silk_edge_clearance]: Silkscreen clipped by board edge
    Rule: board setup constraints silk; warning
    @(140.0000 mm, 100.0000 mm): Segment on Edge.Cuts
    @(77.0000 mm, 36.0000 mm): Segment on F.Silkscreen
[silk_edge_clearance]: Silkscreen clipped by board edge
    Rule: board setup constraints silk; warning
    @(140.0000 mm, 0.0000 mm): Segment on Edge.Cuts
    @(77.0000 mm, 36.0000 mm): Segment on F.Silkscreen
[silk_over_copper]: Silkscreen clipped by solder mask
    Local override; warning
    @(30.5000 mm, 61.3000 mm): Reference field of D1
[silk_over_copper]: Silkscreen clipped by solder mask
    Local override; warning
    @(57.6500 mm, 81.4000 mm): Rectangle of U21 on F.Silkscreen
[silk_over_copper]: Silkscreen clipped by solder mask
    Local override; warning
    @(101.9000 mm, 60.2750 mm): Rectangle of FL40 on F.Silkscreen
[silk_over_copper]: Silkscreen clipped by solder mask
    Local override; warning
    @(109.4000 mm, 59.4000 mm): Rectangle of FL41 on F.Silkscreen
[silk_over_copper]: Silkscreen clipped by solder mask
    Local override; warning
    @(46.6500 mm, 81.4000 mm): Rectangle of U20 on F.Silkscreen
[silk_overlap]: Silkscreen overlap
    Rule: board setup constraints silk; warning
    @(103.0000 mm, 36.0000 mm): PCB text 'GNSS 50R / 3mm COURTYARD' on F.Silkscreen
    @(77.0000 mm, 36.0000 mm): Segment on F.Silkscreen

** Found 499 unconnected pads **
[unconnected_items]: Missing connection between items
    Local override; error
    @(15.5700 mm, 90.5500 mm): Pad 1 [/1V1] of R4 on F.Cu
    @(28.0125 mm, 85.1000 mm): Pad 2 [/1V1] of L1 on F.Cu
[unconnected_items]: Missing connection between items
    Local override; error
    @(17.7000 mm, 60.1000 mm): Pad 1 [/1V1] of C11 on F.Cu
    @(28.0125 mm, 85.1000 mm): Pad 2 [/1V1] of L1 on F.Cu
[unconnected_items]: Missing connection between items
    Local override; error
    @(17.7000 mm, 60.1000 mm): Pad 1 [/1V1] of C11 on F.Cu
    @(44.7800 mm, 60.1000 mm): Pad 1 [/1V1] of C38 on F.Cu
[unconnected_items]: Missing connection between items
    Local override; error
    @(44.7800 mm, 60.1000 mm): Pad 1 [/1V1] of C38 on F.Cu
    @(48.0500 mm, 60.1000 mm): Pad 1 [/1V1] of C39 on F.Cu
[unconnected_items]: Missing connection between items
    Local override; error
    @(48.0500 mm, 60.1000 mm): Pad 1 [/1V1] of C39 on F.Cu
    @(51.3200 mm, 60.1000 mm): Pad 1 [/1V1] of C40 on F.Cu
[unconnected_items]: Missing connection between items
    Local override; error
    @(54.5900 mm, 60.1000 mm): Pad 1 [/1V1] of C41 on F.Cu
    @(51.3200 mm, 60.1000 mm): Pad 1 [/1V1] of C40 on F.Cu
[unconnected_items]: Missing connection between items
    Local override; error
    @(54.5900 mm, 60.1000 mm): Pad 1 [/1V1] of C41 on F.Cu
    @(59.6000 mm, 54.9500 mm): Pad 32 [/1V1] of U10 on F.Cu
[unconnected_items]: Missing connection between items
    Local override; error
    @(59.6000 mm, 54.9500 mm): Pad 32 [/1V1] of U10 on F.Cu
    @(63.9500 mm, 49.8000 mm): Pad 51 [/1V1] of U10 on F.Cu
[unconnected_items]: Missing connection between items
    Local override; error
    @(59.6000 mm, 54.9500 mm): Pad 32 [/1V1] of U10 on F.Cu
    @(54.0500 mm, 49.8000 mm): Pad 10 [/1V1] of U10 on F.Cu
[unconnected_items]: Missing connection between items
    Local override; error
    @(63.9500 mm, 49.8000 mm): Pad 51 [/1V1] of U10 on F.Cu
    @(61.2000 mm, 45.0500 mm): Pad 65 [/1V1] of U10 on F.Cu
[unconnected_items]: Missing connection between items
    Local override; error
    @(74.2100 mm, 37.1000 mm): Pad 1 [/1V1] of C37 on F.Cu
    @(61.2000 mm, 45.0500 mm): Pad 65 [/1V1] of U10 on F.Cu
[unconnected_items]: Missing connection between items
    Local override; error
    @(36.5300 mm, 60.1000 mm): Pad 1 [/2V8_GNSS] of C4 on F.Cu
    @(35.1375 mm, 75.0500 mm): Pad 5 [/2V8_GNSS] of U3 on F.Cu
[unconnected_items]: Missing connection between items
    Local override; error
    @(36.5300 mm, 60.1000 mm): Pad 1 [/2V8_GNSS] of C4 on F.Cu
    @(104.2000 mm, 20.9500 mm): Pad 20 [/2V8_GNSS] of U30 on F.Cu
[unconnected_items]: Missing connection between items
    Local override; error
    @(114.5200 mm, 14.0000 mm): Pad 1 [/2V8_GNSS] of C73 on F.Cu
    @(104.2000 mm, 20.9500 mm): Pad 20 [/2V8_GNSS] of U30 on F.Cu
[unconnected_items]: Missing connection between items
    Local override; error
    @(133.3000 mm, 13.1000 mm): Pad 1 [/2V8_GNSS] of R34 on F.Cu
    @(114.5200 mm, 14.0000 mm): Pad 1 [/2V8_GNSS] of C73 on F.Cu
[unconnected_items]: Missing connection between items
    Local override; error
    @(14.4300 mm, 60.1000 mm): Pad 1 [/3V3] of C10 on F.Cu
    @(15.8500 mm, 63.4250 mm): Pad 1 [/3V3] of C6 on F.Cu
[unconnected_items]: Missing connection between items
    Local override; error
    @(16.4900 mm, 6.1000 mm): Pad 1 [/3V3] of C122 on F.Cu
    @(17.5250 mm, 18.6350 mm): Pad 3 [/3V3] of U50 on F.Cu
[unconnected_items]: Missing connection between items
    Local override; error
    @(19.2000 mm, 27.1000 mm): Pad 1 [/3V3] of R121 on F.Cu
    @(15.0000 mm, 27.1000 mm): Pad 1 [/3V3] of R120 on F.Cu
[unconnected_items]: Missing connection between items
    Local override; error
    @(19.2000 mm, 27.1000 mm): Pad 1 [/3V3] of R121 on F.Cu
    @(22.4750 mm, 19.9050 mm): Pad 5 [/3V3] of U50 on F.Cu
[unconnected_items]: Missing connection between items
    Local override; error
    @(20.6900 mm, 6.1000 mm): Pad 1 [/3V3] of C123 on F.Cu
    @(16.4900 mm, 6.1000 mm): Pad 1 [/3V3] of C122 on F.Cu
[unconnected_items]: Missing connection between items
    Local override; error
    @(21.6875 mm, 85.1000 mm): Pad 1 [/3V3] of FB1 on F.Cu
    @(15.8500 mm, 63.4250 mm): Pad 1 [/3V3] of C6 on F.Cu
[unconnected_items]: Missing connection between items
    Local override; error
    @(22.4750 mm, 19.9050 mm): Pad 5 [/3V3] of U50 on F.Cu
    @(17.5250 mm, 18.6350 mm): Pad 3 [/3V3] of U50 on F.Cu
[unconnected_items]: Missing connection between items
    Local override; error
    @(23.0800 mm, 90.5500 mm): Pad 1 [/3V3] of R6 on F.Cu
    @(21.6875 mm, 85.1000 mm): Pad 1 [/3V3] of FB1 on F.Cu
[unconnected_items]: Missing connection between items
    Local override; error
    @(23.0800 mm, 90.5500 mm): Pad 1 [/3V3] of R6 on F.Cu
    @(29.7000 mm, 90.5500 mm): Pad 1 [/3V3] of R8 on F.Cu
[unconnected_items]: Missing connection between items
    Local override; error
    @(27.7300 mm, 60.2250 mm): Pad 1 [/3V3] of C2 on F.Cu
    @(15.8500 mm, 63.4250 mm): Pad 1 [/3V3] of C6 on F.Cu
[unconnected_items]: Missing connection between items
    Local override; error
    @(27.7300 mm, 60.2250 mm): Pad 1 [/3V3] of C2 on F.Cu
    @(54.0500 mm, 51.8000 mm): Pad 15 [/3V3] of U10 on F.Cu
[unconnected_items]: Missing connection between items
    Local override; error
    @(31.5000 mm, 16.0500 mm): Pad 14 [/3V3] of U51 on F.Cu
    @(22.4750 mm, 19.9050 mm): Pad 5 [/3V3] of U50 on F.Cu
[unconnected_items]: Missing connection between items
    Local override; error
    @(33.7500 mm, 86.3500 mm): Pad 2 [/3V3] of L2 on F.Cu
    @(29.7000 mm, 90.5500 mm): Pad 1 [/3V3] of R8 on F.Cu
[unconnected_items]: Missing connection between items
    Local override; error
    @(49.1375 mm, 90.1000 mm): Pad 1 [/3V3] of FB20 on F.Cu
    @(33.7500 mm, 86.3500 mm): Pad 2 [/3V3] of L2 on F.Cu
[unconnected_items]: Missing connection between items
    Local override; error
    @(51.3200 mm, 37.1000 mm): Pad 1 [/3V3] of C30 on F.Cu
    @(54.5900 mm, 37.1000 mm): Pad 1 [/3V3] of C31 on F.Cu
[unconnected_items]: Missing connection between items
    Local override; error
    @(51.3200 mm, 37.1000 mm): Pad 1 [/3V3] of C30 on F.Cu
    @(31.5000 mm, 16.0500 mm): Pad 14 [/3V3] of U51 on F.Cu
[unconnected_items]: Missing connection between items
    Local override; error
    @(54.0500 mm, 47.8000 mm): Pad 5 [/3V3] of U10 on F.Cu
    @(54.0500 mm, 51.8000 mm): Pad 15 [/3V3] of U10 on F.Cu
[unconnected_items]: Missing connection between items
    Local override; error
    @(56.4000 mm, 54.9500 mm): Pad 24 [/3V3] of U10 on F.Cu
    @(54.0500 mm, 51.8000 mm): Pad 15 [/3V3] of U10 on F.Cu
[unconnected_items]: Missing connection between items
    Local override; error
    @(56.8000 mm, 45.0500 mm): Pad 76 [/3V3] of U10 on F.Cu
    @(54.0500 mm, 47.8000 mm): Pad 5 [/3V3] of U10 on F.Cu
[unconnected_items]: Missing connection between items
    Local override; error
    @(57.8600 mm, 37.1000 mm): Pad 1 [/3V3] of C32 on F.Cu
    @(54.5900 mm, 37.1000 mm): Pad 1 [/3V3] of C31 on F.Cu
[unconnected_items]: Missing connection between items
    Local override; error
    @(57.8600 mm, 37.1000 mm): Pad 1 [/3V3] of C32 on F.Cu
    @(61.1300 mm, 37.1000 mm): Pad 1 [/3V3] of C33 on F.Cu
[unconnected_items]: Missing connection between items
    Local override; error
    @(58.4000 mm, 54.9500 mm): Pad 29 [/3V3] of U10 on F.Cu
    @(56.4000 mm, 54.9500 mm): Pad 24 [/3V3] of U10 on F.Cu
[unconnected_items]: Missing connection between items
    Local override; error
    @(59.6000 mm, 45.0500 mm): Pad 69 [/3V3] of U10 on F.Cu
    @(56.8000 mm, 45.0500 mm): Pad 76 [/3V3] of U10 on F.Cu
[unconnected_items]: Missing connection between items
    Local override; error
    @(60.0000 mm, 45.0500 mm): Pad 68 [/3V3] of U10 on F.Cu
    @(59.6000 mm, 45.0500 mm): Pad 69 [/3V3] of U10 on F.Cu
[unconnected_items]: Missing connection between items
    Local override; error
    @(61.1300 mm, 37.1000 mm): Pad 1 [/3V3] of C33 on F.Cu
    @(64.4000 mm, 37.1000 mm): Pad 1 [/3V3] of C34 on F.Cu
[unconnected_items]: Missing connection between items
    Local override; error
    @(61.1300 mm, 37.1000 mm): Pad 1 [/3V3] of C33 on F.Cu
    @(61.6000 mm, 45.0500 mm): Pad 64 [/3V3] of U10 on F.Cu
[unconnected_items]: Missing connection between items
    Local override; error
    @(61.6000 mm, 45.0500 mm): Pad 64 [/3V3] of U10 on F.Cu
    @(60.0000 mm, 45.0500 mm): Pad 68 [/3V3] of U10 on F.Cu
[unconnected_items]: Missing connection between items
    Local override; error
    @(63.9500 mm, 46.2000 mm): Pad 60 [/3V3] of U10 on F.Cu
    @(61.6000 mm, 45.0500 mm): Pad 64 [/3V3] of U10 on F.Cu
[unconnected_items]: Missing connection between items
    Local override; error
    @(63.9500 mm, 46.2000 mm): Pad 60 [/3V3] of U10 on F.Cu
    @(63.9500 mm, 50.2000 mm): Pad 50 [/3V3] of U10 on F.Cu
[unconnected_items]: Missing connection between items
    Local override; error
    @(63.9500 mm, 53.8000 mm): Pad 41 [/3V3] of U10 on F.Cu
    @(63.9500 mm, 50.2000 mm): Pad 50 [/3V3] of U10 on F.Cu
[unconnected_items]: Missing connection between items
    Local override; error
    @(67.6700 mm, 37.1000 mm): Pad 1 [/3V3] of C35 on F.Cu
    @(64.4000 mm, 37.1000 mm): Pad 1 [/3V3] of C34 on F.Cu
[unconnected_items]: Missing connection between items
    Local override; error
    @(68.8000 mm, 60.1000 mm): Pad 1 [/3V3] of R12 on F.Cu
    @(63.9500 mm, 53.8000 mm): Pad 41 [/3V3] of U10 on F.Cu
[unconnected_items]: Missing connection between items
    Local override; error
    @(70.9400 mm, 37.1000 mm): Pad 1 [/3V3] of C36 on F.Cu
    @(67.6700 mm, 37.1000 mm): Pad 1 [/3V3] of C35 on F.Cu
[unconnected_items]: Missing connection between items
    Local override; error
    @(96.1450 mm, 73.1000 mm): Pad 1 [/3V3] of L40 on F.Cu
    @(112.6950 mm, 73.1000 mm): Pad 1 [/3V3] of L45 on F.Cu
[unconnected_items]: Missing connection between items
    Local override; error
    @(96.1450 mm, 73.1000 mm): Pad 1 [/3V3] of L40 on F.Cu
    @(68.8000 mm, 60.1000 mm): Pad 1 [/3V3] of R12 on F.Cu
[unconnected_items]: Missing connection between items
    Local override; error
    @(111.2125 mm, 19.0000 mm): Pad 1 [/3V3] of FB30 on F.Cu
    @(70.9400 mm, 37.1000 mm): Pad 1 [/3V3] of C36 on F.Cu
[unconnected_items]: Missing connection between items
    Local override; error
    @(24.2400 mm, 60.1000 mm): Pad 1 [/3V3_ADC] of C13 on F.Cu
    @(23.2625 mm, 85.1000 mm): Pad 2 [/3V3_ADC] of FB1 on F.Cu
[unconnected_items]: Missing connection between items
    Local override; error
    @(63.9500 mm, 46.6000 mm): Pad 59 [/3V3_ADC] of U10 on F.Cu
    @(24.2400 mm, 60.1000 mm): Pad 1 [/3V3_ADC] of C13 on F.Cu
[unconnected_items]: Missing connection between items
    Local override; error
    @(24.6500 mm, 63.3000 mm): Pad 1 [/3V3_GNSS] of C8 on F.Cu
    @(40.1375 mm, 75.0500 mm): Pad 5 [/3V3_GNSS] of U4 on F.Cu
[unconnected_items]: Missing connection between items
    Local override; error
    @(40.1375 mm, 75.0500 mm): Pad 5 [/3V3_GNSS] of U4 on F.Cu
    @(104.2000 mm, 21.6000 mm): Pad 19 [/3V3_GNSS] of U30 on F.Cu
[unconnected_items]: Missing connection between items
    Local override; error
    @(110.0800 mm, 27.0000 mm): Pad 1 [/3V3_GNSS] of D31 on F.Cu
    @(114.0500 mm, 23.0000 mm): Pad 1 [/3V3_GNSS] of C70 on F.Cu
[unconnected_items]: Missing connection between items
    Local override; error
    @(110.0800 mm, 27.0000 mm): Pad 1 [/3V3_GNSS] of D31 on F.Cu
    @(104.2000 mm, 21.6000 mm): Pad 19 [/3V3_GNSS] of U30 on F.Cu
[unconnected_items]: Missing connection between items
    Local override; error
    @(114.0500 mm, 23.0000 mm): Pad 1 [/3V3_GNSS] of C70 on F.Cu
    @(114.5200 mm, 20.0000 mm): Pad 1 [/3V3_GNSS] of C71 on F.Cu
[unconnected_items]: Missing connection between items
    Local override; error
    @(114.5200 mm, 20.0000 mm): Pad 1 [/3V3_GNSS] of C71 on F.Cu
    @(114.5200 mm, 17.0000 mm): Pad 1 [/3V3_GNSS] of C72 on F.Cu
[unconnected_items]: Missing connection between items
    Local override; error
    @(92.8600 mm, 73.1000 mm): Pad 1 [/915 MHz RF/ANT_915] of C96 on F.Cu
    @(127.7950 mm, 73.1000 mm): Pad 2 [/915 MHz RF/ANT_915] of L49 on F.Cu
[unconnected_items]: Missing connection between items
    Local override; error
    @(127.7950 mm, 73.1000 mm): Pad 2 [/915 MHz RF/ANT_915] of L49 on F.Cu
    @(134.9500 mm, 61.0000 mm): Pad 1 [/915 MHz RF/ANT_915] of J40 on F.Cu
[unconnected_items]: Missing connection between items
    Local override; error
    @(103.2500 mm, 60.3750 mm): Pad 2 [/915 MHz RF/CC1121_RF] of FL40 on F.Cu
    @(112.2000 mm, 61.0000 mm): Pad 5 [/915 MHz RF/CC1121_RF] of FL41 on F.Cu
[unconnected_items]: Missing connection between items
    Local override; error
    @(99.6300 mm, 76.0500 mm): Pad 1 [/915 MHz RF/CC1190_BIAS] of R50 on F.Cu
    @(121.3250 mm, 59.1375 mm): Pad 14 [/915 MHz RF/CC1190_BIAS] of U41 on F.Cu
[unconnected_items]: Missing connection between items
    Local override; error
    @(107.0450 mm, 73.1000 mm): Pad 2 [/915 MHz RF/CC1190_VDD13] of L43 on F.Cu
    @(121.9750 mm, 59.1375 mm): Pad 13 [/915 MHz RF/CC1190_VDD13] of U41 on F.Cu
[unconnected_items]: Missing connection between items
    Local override; error
    @(121.9750 mm, 59.1375 mm): Pad 13 [/915 MHz RF/CC1190_VDD13] of U41 on F.Cu
    @(96.1300 mm, 42.0500 mm): Pad 1 [/915 MHz RF/CC1190_VDD13] of C89 on F.Cu
[unconnected_items]: Missing connection between items
    Local override; error
    @(103.9600 mm, 76.0500 mm): Pad 2 [/915 MHz RF/CC1190_VDD15] of R51 on F.Cu
    @(120.6750 mm, 59.1375 mm): Pad 15 [/915 MHz RF/CC1190_VDD15] of U41 on F.Cu
[unconnected_items]: Missing connection between items
    Local override; error
    @(110.3550 mm, 73.1000 mm): Pad 2 [/915 MHz RF/CC1190_VDD16] of L44 on F.Cu
    @(120.0250 mm, 59.1375 mm): Pad 16 [/915 MHz RF/CC1190_VDD16] of U41 on F.Cu
[unconnected_items]: Missing connection between items
    Local override; error
    @(89.5625 mm, 61.7500 mm): Pad 6 [/915 MHz RF/CC_DCPL] of U40 on F.Cu
    @(125.0800 mm, 39.1000 mm): Pad 1 [/915 MHz RF/CC_DCPL] of C80 on F.Cu
[unconnected_items]: Missing connection between items
    Local override; error
    @(93.2500 mm, 58.5625 mm): Pad 26 [/915 MHz RF/CC_DCPL_PFD] of U40 on F.Cu
    @(131.6200 mm, 39.1000 mm): Pad 1 [/915 MHz RF/CC_DCPL_PFD] of C82 on F.Cu
[unconnected_items]: Missing connection between items
    Local override; error
    @(94.4375 mm, 60.7500 mm): Pad 21 [/915 MHz RF/CC_DCPL_VCO] of U40 on F.Cu
    @(128.3500 mm, 39.1000 mm): Pad 1 [/915 MHz RF/CC_DCPL_VCO] of C81 on F.Cu
[unconnected_items]: Missing connection between items
    Local override; error
    @(91.7500 mm, 58.5625 mm): Pad 29 [/915 MHz RF/CC_DCPL_XOSC] of U40 on F.Cu
    @(134.8900 mm, 39.1000 mm): Pad 1 [/915 MHz RF/CC_DCPL_XOSC] of C83 on F.Cu
[unconnected_items]: Missing connection between items
    Local override; error
    @(80.7400 mm, 42.0500 mm): Pad 2 [/915 MHz RF/CC_EXTCLK] of C84 on F.Cu
    @(90.2500 mm, 58.5625 mm): Pad 32 [/915 MHz RF/CC_EXTCLK] of U40 on F.Cu
[unconnected_items]: Missing connection between items
    Local override; error
    @(94.4375 mm, 61.2500 mm): Pad 20 [/915 MHz RF/CC_LNA_N] of U40 on F.Cu
    @(102.2500 mm, 61.6250 mm): Pad 6 [/915 MHz RF/CC_LNA_N] of FL40 on F.Cu
[unconnected_items]: Missing connection between items
    Local override; error
    @(94.4375 mm, 61.7500 mm): Pad 19 [/915 MHz RF/CC_LNA_P] of U40 on F.Cu
    @(102.7500 mm, 61.6250 mm): Pad 7 [/915 MHz RF/CC_LNA_P] of FL40 on F.Cu
[unconnected_items]: Missing connection between items
    Local override; error
    @(89.5900 mm, 42.0500 mm): Pad 1 [/915 MHz RF/CC_LPF0] of C87 on F.Cu
    @(94.4375 mm, 59.7500 mm): Pad 23 [/915 MHz RF/CC_LPF0] of U40 on F.Cu
[unconnected_items]: Missing connection between items
    Local override; error
    @(90.5500 mm, 42.0500 mm): Pad 2 [/915 MHz RF/CC_LPF1] of C87 on F.Cu
    @(94.4375 mm, 59.2500 mm): Pad 24 [/915 MHz RF/CC_LPF1] of U40 on F.Cu
[unconnected_items]: Missing connection between items
    Local override; error
    @(86.3200 mm, 42.0500 mm): Pad 1 [/915 MHz RF/CC_PA] of C86 on F.Cu
    @(94.4375 mm, 62.7500 mm): Pad 17 [/915 MHz RF/CC_PA] of U40 on F.Cu
[unconnected_items]: Missing connection between items
    Local override; error
    @(94.4375 mm, 62.7500 mm): Pad 17 [/915 MHz RF/CC_PA] of U40 on F.Cu
    @(99.4550 mm, 73.1000 mm): Pad 1 [/915 MHz RF/CC_PA] of L41 on F.Cu
[unconnected_items]: Missing connection between items
    Local override; error
    @(83.0500 mm, 42.0500 mm): Pad 1 [/915 MHz RF/CC_PA_BIAS] of C85 on F.Cu
    @(100.4250 mm, 73.1000 mm): Pad 2 [/915 MHz RF/CC_PA_BIAS] of L41 on F.Cu
[unconnected_items]: Missing connection between items
    Local override; error
    @(100.4250 mm, 73.1000 mm): Pad 2 [/915 MHz RF/CC_PA_BIAS] of L41 on F.Cu
    @(133.4200 mm, 73.1000 mm): Pad 1 [/915 MHz RF/CC_PA_BIAS] of R41 on F.Cu
[unconnected_items]: Missing connection between items
    Local override; error
    @(92.7500 mm, 63.4375 mm): Pad 14 [/915 MHz RF/CC_RBIAS] of U40 on F.Cu
    @(130.1100 mm, 73.1000 mm): Pad 1 [/915 MHz RF/CC_RBIAS] of R40 on F.Cu
[unconnected_items]: Missing connection between items
    Local override; error
    @(94.4375 mm, 62.2500 mm): Pad 18 [/915 MHz RF/CC_TRX_SW] of U40 on F.Cu
    @(103.2500 mm, 61.6250 mm): Pad 8 [/915 MHz RF/CC_TRX_SW] of FL40 on F.Cu
[unconnected_items]: Missing connection between items
    Local override; error
    @(80.7900 mm, 76.0500 mm): Pad 2 [/915 MHz RF/CC_TXPA] of R42 on F.Cu
    @(103.7500 mm, 61.6250 mm): Pad 9 [/915 MHz RF/CC_TXPA] of FL40 on F.Cu
[unconnected_items]: Missing connection between items
    Local override; error
    @(79.7700 mm, 76.0500 mm): Pad 1 [/915 MHz RF/CC_TX_PRE] of R42 on F.Cu
    @(87.2800 mm, 42.0500 mm): Pad 2 [/915 MHz RF/CC_TX_PRE] of C86 on F.Cu
[unconnected_items]: Missing connection between items
    Local override; error
    @(86.3200 mm, 73.1000 mm): Pad 1 [/915 MHz RF/MATCH_A] of C94 on F.Cu
    @(120.2050 mm, 73.1000 mm): Pad 1 [/915 MHz RF/MATCH_A] of L47 on F.Cu
[unconnected_items]: Missing connection between items
    Local override; error
    @(100.3600 mm, 42.0500 mm): Pad 2 [/915 MHz RF/MATCH_A] of C90 on F.Cu
    @(86.3200 mm, 73.1000 mm): Pad 1 [/915 MHz RF/MATCH_A] of C94 on F.Cu
[unconnected_items]: Missing connection between items
    Local override; error
    @(102.6700 mm, 42.0500 mm): Pad 1 [/915 MHz RF/MATCH_A] of C91 on F.Cu
    @(100.3600 mm, 42.0500 mm): Pad 2 [/915 MHz RF/MATCH_A] of C90 on F.Cu
[unconnected_items]: Missing connection between items
    Local override; error
    @(120.2050 mm, 73.1000 mm): Pad 1 [/915 MHz RF/MATCH_A] of L47 on F.Cu
    @(123.5150 mm, 73.1000 mm): Pad 1 [/915 MHz RF/MATCH_A] of L48 on F.Cu
[unconnected_items]: Missing connection between items
    Local override; error
    @(87.2800 mm, 73.1000 mm): Pad 2 [/915 MHz RF/MATCH_B] of C94 on F.Cu
    @(89.5900 mm, 73.1000 mm): Pad 1 [/915 MHz RF/MATCH_B] of C95 on F.Cu
[unconnected_items]: Missing connection between items
    Local override; error
    @(89.5900 mm, 73.1000 mm): Pad 1 [/915 MHz RF/MATCH_B] of C95 on F.Cu
    @(124.4850 mm, 73.1000 mm): Pad 2 [/915 MHz RF/MATCH_B] of L48 on F.Cu
[unconnected_items]: Missing connection between items
    Local override; error
    @(124.4850 mm, 73.1000 mm): Pad 2 [/915 MHz RF/MATCH_B] of L48 on F.Cu
    @(126.8250 mm, 73.1000 mm): Pad 1 [/915 MHz RF/MATCH_B] of L49 on F.Cu
[unconnected_items]: Missing connection between items
    Local override; error
    @(84.0100 mm, 73.1000 mm): Pad 2 [/915 MHz RF/RF_LNA_IN] of C93 on F.Cu
    @(120.0250 mm, 62.8625 mm): Pad 5 [/915 MHz RF/RF_LNA_IN] of U41 on F.Cu
[unconnected_items]: Missing connection between items
    Local override; error
    @(103.7350 mm, 73.1000 mm): Pad 2 [/915 MHz RF/RF_PA_INOUT] of L42 on F.Cu
    @(122.8625 mm, 61.3250 mm): Pad 10 [/915 MHz RF/RF_PA_INOUT] of U41 on F.Cu
[unconnected_items]: Missing connection between items
    Local override; error
    @(122.8625 mm, 61.3250 mm): Pad 10 [/915 MHz RF/RF_PA_INOUT] of U41 on F.Cu
    @(122.8625 mm, 60.6750 mm): Pad 11 [/915 MHz RF/RF_PA_INOUT] of U41 on F.Cu
[unconnected_items]: Missing connection between items
    Local override; error
    @(117.7225 mm, 73.1000 mm): Pad 2 [/915 MHz RF/RF_PA_OUT] of L46 on F.Cu
    @(119.1375 mm, 60.6750 mm): Pad 2 [/915 MHz RF/RF_PA_OUT] of U41 on F.Cu
[unconnected_items]: Missing connection between items
    Local override; error
    @(119.1375 mm, 60.6750 mm): Pad 2 [/915 MHz RF/RF_PA_OUT] of U41 on F.Cu
    @(99.4000 mm, 42.0500 mm): Pad 1 [/915 MHz RF/RF_PA_OUT] of C90 on F.Cu
[unconnected_items]: Missing connection between items
    Local override; error
    @(80.7400 mm, 73.1000 mm): Pad 2 [/915 MHz RF/RF_TR_SW] of C92 on F.Cu
    @(83.0500 mm, 73.1000 mm): Pad 1 [/915 MHz RF/RF_TR_SW] of C93 on F.Cu
[unconnected_items]: Missing connection between items
    Local override; error
    @(83.0500 mm, 73.1000 mm): Pad 1 [/915 MHz RF/RF_TR_SW] of C93 on F.Cu
    @(119.1375 mm, 61.9750 mm): Pad 4 [/915 MHz RF/RF_TR_SW] of U41 on F.Cu
[unconnected_items]: Missing connection between items
    Local override; error
    @(79.7800 mm, 73.1000 mm): Pad 1 [/915 MHz RF/RX_COMBINE] of C92 on F.Cu
    @(121.1750 mm, 73.1000 mm): Pad 2 [/915 MHz RF/RX_COMBINE] of L47 on F.Cu
[unconnected_items]: Missing connection between items
    Local override; error
    @(102.7650 mm, 73.1000 mm): Pad 1 [/915 MHz RF/SAW_PA] of L42 on F.Cu
    @(109.8000 mm, 61.0000 mm): Pad 2 [/915 MHz RF/SAW_PA] of FL41 on F.Cu
[unconnected_items]: Missing connection between items
    Local override; error
    @(109.8000 mm, 61.0000 mm): Pad 2 [/915 MHz RF/SAW_PA] of FL41 on F.Cu
    @(92.8600 mm, 42.0500 mm): Pad 1 [/915 MHz RF/SAW_PA] of C88 on F.Cu
[unconnected_items]: Missing connection between items
    Local override; error
    @(79.7800 mm, 42.0500 mm): Pad 1 [/915 MHz RF/TCXO_RAW] of C84 on F.Cu
    @(92.7500 mm, 50.4000 mm): Pad 3 [/915 MHz RF/TCXO_RAW] of Y40 on F.Cu
[unconnected_items]: Missing connection between items
    Local override; error
    @(83.0800 mm, 76.0500 mm): Pad 1 [/915 MHz RF/VDD_CC112] of R43 on F.Cu
    @(86.3900 mm, 76.0500 mm): Pad 1 [/915 MHz RF/VDD_CC112] of R44 on F.Cu
[unconnected_items]: Missing connection between items
    Local override; error
    @(83.9800 mm, 39.1000 mm): Pad 1 [/915 MHz RF/VDD_CC112] of C101 on F.Cu
    @(84.0100 mm, 42.0500 mm): Pad 2 [/915 MHz RF/VDD_CC112] of C85 on F.Cu
[unconnected_items]: Missing connection between items
    Local override; error
    @(83.9800 mm, 39.1000 mm): Pad 1 [/915 MHz RF/VDD_CC112] of C101 on F.Cu
    @(79.9500 mm, 39.1000 mm): Pad 1 [/915 MHz RF/VDD_CC112] of C100 on F.Cu
[unconnected_items]: Missing connection between items
    Local override; error
    @(84.0100 mm, 42.0500 mm): Pad 2 [/915 MHz RF/VDD_CC112] of C85 on F.Cu
    @(91.2500 mm, 50.4000 mm): Pad 4 [/915 MHz RF/VDD_CC112] of Y40 on F.Cu
[unconnected_items]: Missing connection between items
    Local override; error
    @(86.3900 mm, 76.0500 mm): Pad 1 [/915 MHz RF/VDD_CC112] of R44 on F.Cu
    @(97.1150 mm, 73.1000 mm): Pad 2 [/915 MHz RF/VDD_CC112] of L40 on F.Cu
[unconnected_items]: Missing connection between items
    Local override; error
    @(87.2500 mm, 39.1000 mm): Pad 1 [/915 MHz RF/VDD_CC112] of C102 on F.Cu
    @(83.9800 mm, 39.1000 mm): Pad 1 [/915 MHz RF/VDD_CC112] of C101 on F.Cu
[unconnected_items]: Missing connection between items
    Local override; error
    @(89.5625 mm, 61.2500 mm): Pad 5 [/915 MHz RF/VDD_CC112] of U40 on F.Cu
    @(89.5625 mm, 59.2500 mm): Pad 1 [/915 MHz RF/VDD_CC112] of U40 on F.Cu
[unconnected_items]: Missing connection between items
    Local override; error
    @(89.5625 mm, 61.2500 mm): Pad 5 [/915 MHz RF/VDD_CC112] of U40 on F.Cu
    @(91.7500 mm, 63.4375 mm): Pad 12 [/915 MHz RF/VDD_CC112] of U40 on F.Cu
[unconnected_items]: Missing connection between items
    Local override; error
    @(90.5200 mm, 39.1000 mm): Pad 1 [/915 MHz RF/VDD_CC112] of C103 on F.Cu
    @(87.2500 mm, 39.1000 mm): Pad 1 [/915 MHz RF/VDD_CC112] of C102 on F.Cu
[unconnected_items]: Missing connection between items
    Local override; error
    @(91.2500 mm, 50.4000 mm): Pad 4 [/915 MHz RF/VDD_CC112] of Y40 on F.Cu
    @(92.2500 mm, 58.5625 mm): Pad 28 [/915 MHz RF/VDD_CC112] of U40 on F.Cu
[unconnected_items]: Missing connection between items
    Local override; error
    @(91.7500 mm, 63.4375 mm): Pad 12 [/915 MHz RF/VDD_CC112] of U40 on F.Cu
    @(92.2500 mm, 63.4375 mm): Pad 13 [/915 MHz RF/VDD_CC112] of U40 on F.Cu
[unconnected_items]: Missing connection between items
    Local override; error
    @(92.2500 mm, 58.5625 mm): Pad 28 [/915 MHz RF/VDD_CC112] of U40 on F.Cu
    @(89.5625 mm, 59.2500 mm): Pad 1 [/915 MHz RF/VDD_CC112] of U40 on F.Cu
[unconnected_items]: Missing connection between items
    Local override; error
    @(92.2500 mm, 63.4375 mm): Pad 13 [/915 MHz RF/VDD_CC112] of U40 on F.Cu
    @(93.2500 mm, 63.4375 mm): Pad 15 [/915 MHz RF/VDD_CC112] of U40 on F.Cu
[unconnected_items]: Missing connection between items
    Local override; error
    @(92.7500 mm, 58.5625 mm): Pad 27 [/915 MHz RF/VDD_CC112] of U40 on F.Cu
    @(92.2500 mm, 58.5625 mm): Pad 28 [/915 MHz RF/VDD_CC112] of U40 on F.Cu
[unconnected_items]: Missing connection between items
    Local override; error
    @(92.7500 mm, 58.5625 mm): Pad 27 [/915 MHz RF/VDD_CC112] of U40 on F.Cu
    @(93.7500 mm, 58.5625 mm): Pad 25 [/915 MHz RF/VDD_CC112] of U40 on F.Cu
[unconnected_items]: Missing connection between items
    Local override; error
    @(93.2500 mm, 63.4375 mm): Pad 15 [/915 MHz RF/VDD_CC112] of U40 on F.Cu
    @(97.1150 mm, 73.1000 mm): Pad 2 [/915 MHz RF/VDD_CC112] of L40 on F.Cu
[unconnected_items]: Missing connection between items
    Local override; error
    @(93.7900 mm, 39.1000 mm): Pad 1 [/915 MHz RF/VDD_CC112] of C104 on F.Cu
    @(90.5200 mm, 39.1000 mm): Pad 1 [/915 MHz RF/VDD_CC112] of C103 on F.Cu
[unconnected_items]: Missing connection between items
    Local override; error
    @(94.4375 mm, 60.2500 mm): Pad 22 [/915 MHz RF/VDD_CC112] of U40 on F.Cu
    @(93.7500 mm, 58.5625 mm): Pad 25 [/915 MHz RF/VDD_CC112] of U40 on F.Cu
[unconnected_items]: Missing connection between items
    Local override; error
    @(97.0600 mm, 39.1000 mm): Pad 1 [/915 MHz RF/VDD_CC112] of C105 on F.Cu
    @(93.7900 mm, 39.1000 mm): Pad 1 [/915 MHz RF/VDD_CC112] of C104 on F.Cu
[unconnected_items]: Missing connection between items
    Local override; error
    @(97.1150 mm, 73.1000 mm): Pad 2 [/915 MHz RF/VDD_CC112] of L40 on F.Cu
    @(134.4400 mm, 73.1000 mm): Pad 2 [/915 MHz RF/VDD_CC112] of R41 on F.Cu
[unconnected_items]: Missing connection between items
    Local override; error
    @(100.3300 mm, 39.1000 mm): Pad 1 [/915 MHz RF/VDD_CC112] of C106 on F.Cu
    @(97.0600 mm, 39.1000 mm): Pad 1 [/915 MHz RF/VDD_CC112] of C105 on F.Cu
[unconnected_items]: Missing connection between items
    Local override; error
    @(106.0750 mm, 73.1000 mm): Pad 1 [/915 MHz RF/VDD_CC119] of L43 on F.Cu
    @(102.9400 mm, 76.0500 mm): Pad 1 [/915 MHz RF/VDD_CC119] of R51 on F.Cu
[unconnected_items]: Missing connection between items
    Local override; error
    @(107.8000 mm, 39.1000 mm): Pad 1 [/915 MHz RF/VDD_CC119] of C111 on F.Cu
    @(103.7700 mm, 39.1000 mm): Pad 1 [/915 MHz RF/VDD_CC119] of C110 on F.Cu
[unconnected_items]: Missing connection between items
    Local override; error
    @(109.3850 mm, 73.1000 mm): Pad 1 [/915 MHz RF/VDD_CC119] of L44 on F.Cu
    @(106.0750 mm, 73.1000 mm): Pad 1 [/915 MHz RF/VDD_CC119] of L43 on F.Cu
[unconnected_items]: Missing connection between items
    Local override; error
    @(109.3850 mm, 73.1000 mm): Pad 1 [/915 MHz RF/VDD_CC119] of L44 on F.Cu
    @(113.6650 mm, 73.1000 mm): Pad 2 [/915 MHz RF/VDD_CC119] of L45 on F.Cu
[unconnected_items]: Missing connection between items
    Local override; error
    @(111.0700 mm, 39.1000 mm): Pad 1 [/915 MHz RF/VDD_CC119] of C112 on F.Cu
    @(107.8000 mm, 39.1000 mm): Pad 1 [/915 MHz RF/VDD_CC119] of C111 on F.Cu
[unconnected_items]: Missing connection between items
    Local override; error
    @(113.6650 mm, 73.1000 mm): Pad 2 [/915 MHz RF/VDD_CC119] of L45 on F.Cu
    @(116.1475 mm, 73.1000 mm): Pad 1 [/915 MHz RF/VDD_CC119] of L46 on F.Cu
[unconnected_items]: Missing connection between items
    Local override; error
    @(114.3400 mm, 39.1000 mm): Pad 1 [/915 MHz RF/VDD_CC119] of C113 on F.Cu
    @(111.0700 mm, 39.1000 mm): Pad 1 [/915 MHz RF/VDD_CC119] of C112 on F.Cu
[unconnected_items]: Missing connection between items
    Local override; error
    @(114.3400 mm, 39.1000 mm): Pad 1 [/915 MHz RF/VDD_CC119] of C113 on F.Cu
    @(113.6650 mm, 73.1000 mm): Pad 2 [/915 MHz RF/VDD_CC119] of L45 on F.Cu
[unconnected_items]: Missing connection between items
    Local override; error
    @(117.7800 mm, 39.1000 mm): Pad 1 [/915 MHz RF/VDD_CC119] of C114 on F.Cu
    @(114.3400 mm, 39.1000 mm): Pad 1 [/915 MHz RF/VDD_CC119] of C113 on F.Cu
[unconnected_items]: Missing connection between items
    Local override; error
    @(121.8100 mm, 39.1000 mm): Pad 1 [/915 MHz RF/VDD_CC119] of C115 on F.Cu
    @(117.7800 mm, 39.1000 mm): Pad 1 [/915 MHz RF/VDD_CC119] of C114 on F.Cu
[unconnected_items]: Missing connection between items
    Local override; error
    @(54.0500 mm, 49.4000 mm): Pad 9 [/BARO_DRDY] of U10 on F.Cu
    @(70.7625 mm, 82.7500 mm): Pad 7 [/BARO_DRDY] of U22 on F.Cu
[unconnected_items]: Missing connection between items
    Local override; error
    @(54.9500 mm, 90.1000 mm): Pad 2 [/BARO_SCL] of R20 on F.Cu
    @(69.2375 mm, 83.2500 mm): Pad 2 [/BARO_SCL] of U22 on F.Cu
[unconnected_items]: Missing connection between items
    Local override; error
    @(69.2375 mm, 83.2500 mm): Pad 2 [/BARO_SCL] of U22 on F.Cu
    @(54.0500 mm, 48.6000 mm): Pad 7 [/BARO_SCL] of U10 on F.Cu
[unconnected_items]: Missing connection between items
    Local override; error
    @(59.1500 mm, 90.1000 mm): Pad 2 [/BARO_SDA] of R21 on F.Cu
    @(70.0000 mm, 83.7625 mm): Pad 4 [/BARO_SDA] of U22 on F.Cu
[unconnected_items]: Missing connection between items
    Local override; error
    @(70.0000 mm, 83.7625 mm): Pad 4 [/BARO_SDA] of U22 on F.Cu
    @(54.0500 mm, 49.0000 mm): Pad 8 [/BARO_SDA] of U10 on F.Cu
[unconnected_items]: Missing connection between items
    Local override; error
    @(22.4750 mm, 17.3650 mm): Pad 7 [/CAN interface/U50_CANH] of U50 on F.Cu
    @(11.1750 mm, 16.8750 mm): Pad 1 [/CAN interface/U50_CANH] of FL50 on F.Cu
[unconnected_items]: Missing connection between items
    Local override; error
    @(23.4000 mm, 27.1000 mm): Pad 1 [/CAN interface/U50_CANH] of R122 on F.Cu
    @(22.4750 mm, 17.3650 mm): Pad 7 [/CAN interface/U50_CANH] of U50 on F.Cu
[unconnected_items]: Missing connection between items
    Local override; error
    @(22.4750 mm, 18.6350 mm): Pad 6 [/CAN interface/U50_CANL] of U50 on F.Cu
    @(14.8250 mm, 19.1250 mm): Pad 3 [/CAN interface/U50_CANL] of FL50 on F.Cu
[unconnected_items]: Missing connection between items
    Local override; error
    @(25.0500 mm, 27.1000 mm): Pad 2 [/CAN interface/U50_CANL] of R122 on F.Cu
    @(22.4750 mm, 18.6350 mm): Pad 6 [/CAN interface/U50_CANL] of U50 on F.Cu
[unconnected_items]: Missing connection between items
    Local override; error
    @(9.7800 mm, 6.1000 mm): Pad 1 [/CAN interface/U51_OSC1] of C120 on F.Cu
    @(28.5000 mm, 19.3000 mm): Pad 6 [/CAN interface/U51_OSC1] of U51 on F.Cu
[unconnected_items]: Missing connection between items
    Local override; error
    @(28.5000 mm, 19.3000 mm): Pad 6 [/CAN interface/U51_OSC1] of U51 on F.Cu
    @(36.9000 mm, 18.8500 mm): Pad 1 [/CAN interface/U51_OSC1] of Y50 on F.Cu
[unconnected_items]: Missing connection between items
    Local override; error
    @(13.0500 mm, 6.1000 mm): Pad 1 [/CAN interface/U51_OSC2] of C121 on F.Cu
    @(28.5000 mm, 18.6500 mm): Pad 5 [/CAN interface/U51_OSC2] of U51 on F.Cu
[unconnected_items]: Missing connection between items
    Local override; error
    @(28.5000 mm, 18.6500 mm): Pad 5 [/CAN interface/U51_OSC2] of U51 on F.Cu
    @(39.1000 mm, 18.8500 mm): Pad 2 [/CAN interface/U51_OSC2] of Y50 on F.Cu
[unconnected_items]: Missing connection between items
    Local override; error
    @(17.5250 mm, 19.9050 mm): Pad 4 [/CAN interface/U51_RXCAN] of U50 on F.Cu
    @(28.5000 mm, 16.7000 mm): Pad 2 [/CAN interface/U51_RXCAN] of U51 on F.Cu
[unconnected_items]: Missing connection between items
    Local override; error
    @(17.5250 mm, 16.0950 mm): Pad 1 [/CAN interface/U51_TXCAN] of U50 on F.Cu
    @(28.5000 mm, 16.0500 mm): Pad 1 [/CAN interface/U51_TXCAN] of U51 on F.Cu
[unconnected_items]: Missing connection between items
    Local override; error
    @(10.2375 mm, 26.8000 mm): Pad 1 [/CANH] of D50 on F.Cu
    @(11.1750 mm, 19.1250 mm): Pad 2 [/CANH] of FL50 on F.Cu
[unconnected_items]: Missing connection between items
    Local override; error
    @(11.1750 mm, 19.1250 mm): Pad 2 [/CANH] of FL50 on F.Cu
    @(4.1500 mm, 19.3750 mm): Pad 3 [/CANH] of J2 on F.Cu
[unconnected_items]: Missing connection between items
    Local override; error
    @(4.1500 mm, 18.1250 mm): Pad 4 [/CANL] of J2 on F.Cu
    @(10.2375 mm, 28.7000 mm): Pad 2 [/CANL] of D50 on F.Cu
[unconnected_items]: Missing connection between items
    Local override; error
    @(14.8250 mm, 16.8750 mm): Pad 4 [/CANL] of FL50 on F.Cu
    @(4.1500 mm, 18.1250 mm): Pad 4 [/CANL] of J2 on F.Cu
[unconnected_items]: Missing connection between items
    Local override; error
    @(4.1500 mm, 21.8750 mm): Pad 1 [/CAN_5V] of J2 on F.Cu
    @(16.0750 mm, 85.3750 mm): Pad 1 [/CAN_5V] of F1 on F.Cu
[unconnected_items]: Missing connection between items
    Local override; error
    @(4.1500 mm, 20.6250 mm): Pad 2 [/CAN_GND] of J2 on F.Cu
    @(10.0625 mm, 90.8250 mm): Pad 1 [/CAN_GND] of R3 on F.Cu
[unconnected_items]: Missing connection between items
    Local override; error
    @(20.8500 mm, 27.1000 mm): Pad 2 [/CAN_INT] of R121 on F.Cu
    @(62.4000 mm, 54.9500 mm): Pad 39 [/CAN_INT] of U10 on F.Cu
[unconnected_items]: Missing connection between items
    Local override; error
    @(28.5000 mm, 18.0000 mm): Pad 4 [/CAN_INT] of U51 on F.Cu
    @(20.8500 mm, 27.1000 mm): Pad 2 [/CAN_INT] of R121 on F.Cu
[unconnected_items]: Missing connection between items
    Local override; error
    @(31.5000 mm, 17.3500 mm): Pad 12 [/CAN_MISO] of U51 on F.Cu
    @(61.6000 mm, 54.9500 mm): Pad 37 [/CAN_MISO] of U10 on F.Cu
[unconnected_items]: Missing connection between items
    Local override; error
    @(31.5000 mm, 18.0000 mm): Pad 11 [/CAN_MOSI] of U51 on F.Cu
    @(61.2000 mm, 54.9500 mm): Pad 36 [/CAN_MOSI] of U10 on F.Cu
[unconnected_items]: Missing connection between items
    Local override; error
    @(31.5000 mm, 18.6500 mm): Pad 10 [/CAN_SCK] of U51 on F.Cu
    @(58.0000 mm, 54.9500 mm): Pad 28 [/CAN_SCK] of U10 on F.Cu
[unconnected_items]: Missing connection between items
    Local override; error
    @(31.5000 mm, 16.7000 mm): Pad 13 [/CAN_nCS] of U51 on F.Cu
    @(16.6500 mm, 27.1000 mm): Pad 2 [/CAN_nCS] of R120 on F.Cu
[unconnected_items]: Missing connection between items
    Local override; error
    @(62.0000 mm, 54.9500 mm): Pad 38 [/CAN_nCS] of U10 on F.Cu
    @(31.5000 mm, 16.7000 mm): Pad 13 [/CAN_nCS] of U51 on F.Cu
[unconnected_items]: Missing connection between items
    Local override; error
    @(2.3200 mm, 72.8000 mm): Pad B1 [/GND] of J1 on F.Cu
    @(2.3200 mm, 79.2000 mm): Pad B12 [/GND] of J1 on F.Cu
[unconnected_items]: Missing connection between items
    Local override; error
    @(10.0000 mm, 97.0000 mm): Via [/GND] on F.Cu - B.Cu
    @(15.0000 mm, 97.0000 mm): Via [/GND] on F.Cu - B.Cu
[unconnected_items]: Missing connection between items
    Local override; error
    @(10.7400 mm, 6.1000 mm): Pad 2 [/GND] of C120 on F.Cu
    @(10.0000 mm, 3.0000 mm): Via [/GND] on F.Cu - B.Cu
[unconnected_items]: Missing connection between items
    Local override; error
    @(10.7400 mm, 6.1000 mm): Pad 2 [/GND] of C120 on F.Cu
    @(14.0100 mm, 6.1000 mm): Pad 2 [/GND] of C121 on F.Cu
[unconnected_items]: Missing connection between items
    Local override; error
    @(13.0250 mm, 63.6000 mm): Pad 2 [/GND] of C5 on F.Cu
    @(11.9000 mm, 60.2250 mm): Pad 2 [/GND] of C1 on F.Cu
[unconnected_items]: Missing connection between items
    Local override; error
    @(13.0250 mm, 63.6000 mm): Pad 2 [/GND] of C5 on F.Cu
    @(2.3200 mm, 72.8000 mm): Pad B1 [/GND] of J1 on F.Cu
[unconnected_items]: Missing connection between items
    Local override; error
    @(15.0000 mm, 3.0000 mm): Via [/GND] on F.Cu - B.Cu
    @(14.0100 mm, 6.1000 mm): Pad 2 [/GND] of C121 on F.Cu
[unconnected_items]: Missing connection between items
    Local override; error
    @(15.0000 mm, 97.0000 mm): Via [/GND] on F.Cu - B.Cu
    @(20.0000 mm, 97.0000 mm): Via [/GND] on F.Cu - B.Cu
[unconnected_items]: Missing connection between items
    Local override; error
    @(15.0000 mm, 97.0000 mm): Via [/GND] on F.Cu - B.Cu
    @(12.9875 mm, 90.8250 mm): Pad 2 [/GND] of R3 on F.Cu
[unconnected_items]: Missing connection between items
    Local override; error
    @(15.3900 mm, 60.1000 mm): Pad 2 [/GND] of C10 on F.Cu
    @(18.6600 mm, 60.1000 mm): Pad 2 [/GND] of C11 on F.Cu
[unconnected_items]: Missing connection between items
    Local override; error
    @(15.3900 mm, 60.1000 mm): Pad 2 [/GND] of C10 on F.Cu
    @(11.9000 mm, 60.2250 mm): Pad 2 [/GND] of C1 on F.Cu
[unconnected_items]: Missing connection between items
    Local override; error
    @(16.8625 mm, 76.0000 mm): Pad 2 [/GND] of U1 on F.Cu
    @(24.8625 mm, 76.0000 mm): Pad 2 [/GND] of U2 on F.Cu
[unconnected_items]: Missing connection between items
    Local override; error
    @(17.5250 mm, 17.3650 mm): Pad 2 [/GND] of U50 on F.Cu
    @(22.4750 mm, 16.0950 mm): Pad 8 [/GND] of U50 on F.Cu
[unconnected_items]: Missing connection between items
    Local override; error
    @(17.5250 mm, 17.3650 mm): Pad 2 [/GND] of U50 on F.Cu
    @(12.1125 mm, 27.7500 mm): Pad 3 [/GND] of D50 on F.Cu
[unconnected_items]: Missing connection between items
    Local override; error
    @(17.7500 mm, 63.4250 mm): Pad 2 [/GND] of C6 on F.Cu
    @(18.6600 mm, 60.1000 mm): Pad 2 [/GND] of C11 on F.Cu
[unconnected_items]: Missing connection between items
    Local override; error
    @(18.0400 mm, 6.1000 mm): Pad 2 [/GND] of C122 on F.Cu
    @(14.0100 mm, 6.1000 mm): Pad 2 [/GND] of C121 on F.Cu
[unconnected_items]: Missing connection between items
    Local override; error
    @(20.0000 mm, 3.0000 mm): Via [/GND] on F.Cu - B.Cu
    @(18.0400 mm, 6.1000 mm): Pad 2 [/GND] of C122 on F.Cu
[unconnected_items]: Missing connection between items
    Local override; error
    @(20.0000 mm, 3.0000 mm): Via [/GND] on F.Cu - B.Cu
    @(22.2400 mm, 6.1000 mm): Pad 2 [/GND] of C123 on F.Cu
[unconnected_items]: Missing connection between items
    Local override; error
    @(20.0000 mm, 97.0000 mm): Via [/GND] on F.Cu - B.Cu
    @(25.0000 mm, 97.0000 mm): Via [/GND] on F.Cu - B.Cu
[unconnected_items]: Missing connection between items
    Local override; error
    @(20.6600 mm, 90.5500 mm): Pad 2 [/GND] of R5 on F.Cu
    @(20.0000 mm, 97.0000 mm): Via [/GND] on F.Cu - B.Cu
[unconnected_items]: Missing connection between items
    Local override; error
    @(21.9300 mm, 60.1000 mm): Pad 2 [/GND] of C12 on F.Cu
    @(25.2000 mm, 60.1000 mm): Pad 2 [/GND] of C13 on F.Cu
[unconnected_items]: Missing connection between items
    Local override; error
    @(21.9300 mm, 60.1000 mm): Pad 2 [/GND] of C12 on F.Cu
    @(18.6600 mm, 60.1000 mm): Pad 2 [/GND] of C11 on F.Cu
[unconnected_items]: Missing connection between items
    Local override; error
    @(22.0000 mm, 63.3000 mm): Pad 2 [/GND] of C7 on F.Cu
    @(21.9300 mm, 60.1000 mm): Pad 2 [/GND] of C12 on F.Cu
[unconnected_items]: Missing connection between items
    Local override; error
    @(22.2400 mm, 6.1000 mm): Pad 2 [/GND] of C123 on F.Cu
    @(25.0000 mm, 3.0000 mm): Via [/GND] on F.Cu - B.Cu
[unconnected_items]: Missing connection between items
    Local override; error
    @(22.4750 mm, 16.0950 mm): Pad 8 [/GND] of U50 on F.Cu
    @(28.5000 mm, 19.9500 mm): Pad 7 [/GND] of U51 on F.Cu
[unconnected_items]: Missing connection between items
    Local override; error
    @(22.4750 mm, 16.0950 mm): Pad 8 [/GND] of U50 on F.Cu
    @(22.2400 mm, 6.1000 mm): Pad 2 [/GND] of C123 on F.Cu
[unconnected_items]: Missing connection between items
    Local override; error
    @(25.0000 mm, 97.0000 mm): Via [/GND] on F.Cu - B.Cu
    @(30.0000 mm, 97.0000 mm): Via [/GND] on F.Cu - B.Cu
[unconnected_items]: Missing connection between items
    Local override; error
    @(25.2000 mm, 60.1000 mm): Pad 2 [/GND] of C13 on F.Cu
    @(29.6300 mm, 60.2250 mm): Pad 2 [/GND] of C2 on F.Cu
[unconnected_items]: Missing connection between items
    Local override; error
    @(26.2000 mm, 63.3000 mm): Pad 2 [/GND] of C8 on F.Cu
    @(25.2000 mm, 60.1000 mm): Pad 2 [/GND] of C13 on F.Cu
[unconnected_items]: Missing connection between items
    Local override; error
    @(27.4100 mm, 90.5500 mm): Pad 2 [/GND] of R7 on F.Cu
    @(20.6600 mm, 90.5500 mm): Pad 2 [/GND] of R5 on F.Cu
[unconnected_items]: Missing connection between items
    Local override; error
    @(29.6300 mm, 60.2250 mm): Pad 2 [/GND] of C2 on F.Cu
    @(33.8800 mm, 60.1000 mm): Pad 2 [/GND] of C3 on F.Cu
[unconnected_items]: Missing connection between items
    Local override; error
    @(30.0000 mm, 3.0000 mm): Via [/GND] on F.Cu - B.Cu
    @(25.0000 mm, 3.0000 mm): Via [/GND] on F.Cu - B.Cu
[unconnected_items]: Missing connection between items
    Local override; error
    @(30.0000 mm, 18.0000 mm): Pad 15 [/GND] of U51 on F.Cu
    @(28.5000 mm, 19.9500 mm): Pad 7 [/GND] of U51 on F.Cu
[unconnected_items]: Missing connection between items
    Local override; error
    @(30.0000 mm, 97.0000 mm): Via [/GND] on F.Cu - B.Cu
    @(35.0000 mm, 97.0000 mm): Via [/GND] on F.Cu - B.Cu
[unconnected_items]: Missing connection between items
    Local override; error
    @(32.8625 mm, 76.0000 mm): Pad 2 [/GND] of U3 on F.Cu
    @(37.8625 mm, 76.0000 mm): Pad 2 [/GND] of U4 on F.Cu
[unconnected_items]: Missing connection between items
    Local override; error
    @(32.8625 mm, 76.0000 mm): Pad 2 [/GND] of U3 on F.Cu
    @(24.8625 mm, 76.0000 mm): Pad 2 [/GND] of U2 on F.Cu
[unconnected_items]: Missing connection between items
    Local override; error
    @(33.8800 mm, 60.1000 mm): Pad 2 [/GND] of C3 on F.Cu
    @(38.0800 mm, 60.1000 mm): Pad 2 [/GND] of C4 on F.Cu
[unconnected_items]: Missing connection between items
    Local override; error
    @(35.0000 mm, 3.0000 mm): Via [/GND] on F.Cu - B.Cu
    @(30.0000 mm, 3.0000 mm): Via [/GND] on F.Cu - B.Cu
[unconnected_items]: Missing connection between items
    Local override; error
    @(35.0000 mm, 97.0000 mm): Via [/GND] on F.Cu - B.Cu
    @(40.0000 mm, 97.0000 mm): Via [/GND] on F.Cu - B.Cu
[unconnected_items]: Missing connection between items
    Local override; error
    @(37.8625 mm, 76.0000 mm): Pad 2 [/GND] of U4 on F.Cu
    @(45.7400 mm, 74.1000 mm): Pad 2 [/GND] of C50 on F.Cu
[unconnected_items]: Missing connection between items
    Local override; error
    @(38.1000 mm, 85.1000 mm): Pad 2 [/GND] of R1 on F.Cu
    @(42.3000 mm, 85.1000 mm): Pad 2 [/GND] of R2 on F.Cu
[unconnected_items]: Missing connection between items
    Local override; error
    @(40.0000 mm, 3.0000 mm): Via [/GND] on F.Cu - B.Cu
    @(35.0000 mm, 3.0000 mm): Via [/GND] on F.Cu - B.Cu
[unconnected_items]: Missing connection between items
    Local override; error
    @(40.0000 mm, 97.0000 mm): Via [/GND] on F.Cu - B.Cu
    @(45.0000 mm, 97.0000 mm): Via [/GND] on F.Cu - B.Cu
[unconnected_items]: Missing connection between items
    Local override; error
    @(42.3000 mm, 85.1000 mm): Pad 2 [/GND] of R2 on F.Cu
    @(48.0000 mm, 84.4125 mm): Pad 6 [/GND] of U20 on F.Cu
[unconnected_items]: Missing connection between items
    Local override; error
    @(45.0000 mm, 3.0000 mm): Via [/GND] on F.Cu - B.Cu
    @(40.0000 mm, 3.0000 mm): Via [/GND] on F.Cu - B.Cu
[unconnected_items]: Missing connection between items
    Local override; error
    @(45.0000 mm, 97.0000 mm): Via [/GND] on F.Cu - B.Cu
    @(50.0000 mm, 97.0000 mm): Via [/GND] on F.Cu - B.Cu
[unconnected_items]: Missing connection between items
    Local override; error
    @(45.7400 mm, 60.1000 mm): Pad 2 [/GND] of C38 on F.Cu
    @(49.0100 mm, 60.1000 mm): Pad 2 [/GND] of C39 on F.Cu
[unconnected_items]: Missing connection between items
    Local override; error
    @(45.7400 mm, 60.1000 mm): Pad 2 [/GND] of C38 on F.Cu
    @(38.0800 mm, 60.1000 mm): Pad 2 [/GND] of C4 on F.Cu
[unconnected_items]: Missing connection between items
    Local override; error
    @(45.7400 mm, 74.1000 mm): Pad 2 [/GND] of C50 on F.Cu
    @(49.7700 mm, 74.1000 mm): Pad 2 [/GND] of C51 on F.Cu
[unconnected_items]: Missing connection between items
    Local override; error
    @(46.5000 mm, 90.1000 mm): Pad 2 [/GND] of C57 on F.Cu
    @(45.0000 mm, 97.0000 mm): Via [/GND] on F.Cu - B.Cu
[unconnected_items]: Missing connection between items
    Local override; error
    @(48.0000 mm, 84.4125 mm): Pad 6 [/GND] of U20 on F.Cu
    @(48.5000 mm, 84.4125 mm): Pad 7 [/GND] of U20 on F.Cu
[unconnected_items]: Missing connection between items
    Local override; error
    @(48.0000 mm, 84.4125 mm): Pad 6 [/GND] of U20 on F.Cu
    @(46.5000 mm, 90.1000 mm): Pad 2 [/GND] of C57 on F.Cu
[unconnected_items]: Missing connection between items
    Local override; error
    @(49.0100 mm, 37.1000 mm): Pad 2 [/GND] of C21 on F.Cu
    @(52.2800 mm, 37.1000 mm): Pad 2 [/GND] of C30 on F.Cu
[unconnected_items]: Missing connection between items
    Local override; error
    @(49.0100 mm, 37.1000 mm): Pad 2 [/GND] of C21 on F.Cu
    @(45.7400 mm, 37.1000 mm): Pad 2 [/GND] of C20 on F.Cu
[unconnected_items]: Missing connection between items
    Local override; error
    @(49.0100 mm, 60.1000 mm): Pad 2 [/GND] of C39 on F.Cu
    @(52.2800 mm, 60.1000 mm): Pad 2 [/GND] of C40 on F.Cu
[unconnected_items]: Missing connection between items
    Local override; error
    @(50.0000 mm, 3.0000 mm): Via [/GND] on F.Cu - B.Cu
    @(45.0000 mm, 3.0000 mm): Via [/GND] on F.Cu - B.Cu
[unconnected_items]: Missing connection between items
    Local override; error
    @(50.0000 mm, 97.0000 mm): Via [/GND] on F.Cu - B.Cu
    @(55.0000 mm, 97.0000 mm): Via [/GND] on F.Cu - B.Cu
[unconnected_items]: Missing connection between items
    Local override; error
    @(53.2100 mm, 74.1000 mm): Pad 2 [/GND] of C52 on F.Cu
    @(49.7700 mm, 74.1000 mm): Pad 2 [/GND] of C51 on F.Cu
[unconnected_items]: Missing connection between items
    Local override; error
    @(53.2100 mm, 74.1000 mm): Pad 2 [/GND] of C52 on F.Cu
    @(57.2400 mm, 74.1000 mm): Pad 2 [/GND] of C53 on F.Cu
[unconnected_items]: Missing connection between items
    Local override; error
    @(55.0000 mm, 3.0000 mm): Via [/GND] on F.Cu - B.Cu
    @(50.0000 mm, 3.0000 mm): Via [/GND] on F.Cu - B.Cu
[unconnected_items]: Missing connection between items
    Local override; error
    @(55.0000 mm, 97.0000 mm): Via [/GND] on F.Cu - B.Cu
    @(60.0000 mm, 97.0000 mm): Via [/GND] on F.Cu - B.Cu
[unconnected_items]: Missing connection between items
    Local override; error
    @(55.5500 mm, 37.1000 mm): Pad 2 [/GND] of C31 on F.Cu
    @(58.8200 mm, 37.1000 mm): Pad 2 [/GND] of C32 on F.Cu
[unconnected_items]: Missing connection between items
    Local override; error
    @(55.5500 mm, 37.1000 mm): Pad 2 [/GND] of C31 on F.Cu
    @(52.2800 mm, 37.1000 mm): Pad 2 [/GND] of C30 on F.Cu
[unconnected_items]: Missing connection between items
    Local override; error
    @(55.5500 mm, 60.1000 mm): Pad 2 [/GND] of C41 on F.Cu
    @(52.2800 mm, 60.1000 mm): Pad 2 [/GND] of C40 on F.Cu
[unconnected_items]: Missing connection between items
    Local override; error
    @(58.0175 mm, 60.1000 mm): Pad 1 [/GND] of D10 on F.Cu
    @(55.5500 mm, 60.1000 mm): Pad 2 [/GND] of C41 on F.Cu
[unconnected_items]: Missing connection between items
    Local override; error
    @(58.8200 mm, 37.1000 mm): Pad 2 [/GND] of C32 on F.Cu
    @(62.0900 mm, 37.1000 mm): Pad 2 [/GND] of C33 on F.Cu
[unconnected_items]: Missing connection between items
    Local override; error
    @(58.8200 mm, 37.1000 mm): Pad 2 [/GND] of C32 on F.Cu
    @(60.0000 mm, 30.0000 mm): Pad 3 [/GND] of J10 on F.Cu
[unconnected_items]: Missing connection between items
    Local override; error
    @(59.0000 mm, 50.0000 mm): Pad 81 [/GND] of U10 on F.Cu
    @(58.0175 mm, 60.1000 mm): Pad 1 [/GND] of D10 on F.Cu
[unconnected_items]: Missing connection between items
    Local override; error
    @(59.5000 mm, 84.4125 mm): Pad 7 [/GND] of U21 on F.Cu
    @(59.0000 mm, 84.4125 mm): Pad 6 [/GND] of U21 on F.Cu
[unconnected_items]: Missing connection between items
    Local override; error
    @(59.5000 mm, 84.4125 mm): Pad 7 [/GND] of U21 on F.Cu
    @(69.5000 mm, 83.7625 mm): Pad 3 [/GND] of U22 on F.Cu
[unconnected_items]: Missing connection between items
    Local override; error
    @(60.0000 mm, 3.0000 mm): Via [/GND] on F.Cu - B.Cu
    @(55.0000 mm, 3.0000 mm): Via [/GND] on F.Cu - B.Cu
[unconnected_items]: Missing connection between items
    Local override; error
    @(60.0000 mm, 97.0000 mm): Via [/GND] on F.Cu - B.Cu
    @(65.0000 mm, 97.0000 mm): Via [/GND] on F.Cu - B.Cu
[unconnected_items]: Missing connection between items
    Local override; error
    @(60.6800 mm, 74.1000 mm): Pad 2 [/GND] of C54 on F.Cu
    @(57.2400 mm, 74.1000 mm): Pad 2 [/GND] of C53 on F.Cu
[unconnected_items]: Missing connection between items
    Local override; error
    @(62.4000 mm, 45.0500 mm): Pad 62 [/GND] of U10 on F.Cu
    @(59.0000 mm, 50.0000 mm): Pad 81 [/GND] of U10 on F.Cu
[unconnected_items]: Missing connection between items
    Local override; error
    @(62.4000 mm, 45.0500 mm): Pad 62 [/GND] of U10 on F.Cu
    @(62.0900 mm, 37.1000 mm): Pad 2 [/GND] of C33 on F.Cu
[unconnected_items]: Missing connection between items
    Local override; error
    @(64.7100 mm, 74.1000 mm): Pad 2 [/GND] of C55 on F.Cu
    @(68.1500 mm, 74.1000 mm): Pad 2 [/GND] of C56 on F.Cu
[unconnected_items]: Missing connection between items
    Local override; error
    @(64.7100 mm, 74.1000 mm): Pad 2 [/GND] of C55 on F.Cu
    @(60.6800 mm, 74.1000 mm): Pad 2 [/GND] of C54 on F.Cu
[unconnected_items]: Missing connection between items
    Local override; error
    @(65.0000 mm, 3.0000 mm): Via [/GND] on F.Cu - B.Cu
    @(60.0000 mm, 3.0000 mm): Via [/GND] on F.Cu - B.Cu
[unconnected_items]: Missing connection between items
    Local override; error
    @(65.0000 mm, 97.0000 mm): Via [/GND] on F.Cu - B.Cu
    @(70.0000 mm, 97.0000 mm): Via [/GND] on F.Cu - B.Cu
[unconnected_items]: Missing connection between items
    Local override; error
    @(65.3600 mm, 37.1000 mm): Pad 2 [/GND] of C34 on F.Cu
    @(62.0900 mm, 37.1000 mm): Pad 2 [/GND] of C33 on F.Cu
[unconnected_items]: Missing connection between items
    Local override; error
    @(68.6300 mm, 37.1000 mm): Pad 2 [/GND] of C35 on F.Cu
    @(65.3600 mm, 37.1000 mm): Pad 2 [/GND] of C34 on F.Cu
[unconnected_items]: Missing connection between items
    Local override; error
    @(69.5000 mm, 83.7625 mm): Pad 3 [/GND] of U22 on F.Cu
    @(70.5000 mm, 83.7625 mm): Pad 5 [/GND] of U22 on F.Cu
[unconnected_items]: Missing connection between items
    Local override; error
    @(70.0000 mm, 3.0000 mm): Via [/GND] on F.Cu - B.Cu
    @(65.0000 mm, 3.0000 mm): Via [/GND] on F.Cu - B.Cu
[unconnected_items]: Missing connection between items
    Local override; error
    @(70.0000 mm, 82.2375 mm): Pad 9 [/GND] of U22 on F.Cu
    @(68.1500 mm, 74.1000 mm): Pad 2 [/GND] of C56 on F.Cu
[unconnected_items]: Missing connection between items
    Local override; error
    @(70.0000 mm, 97.0000 mm): Via [/GND] on F.Cu - B.Cu
    @(75.0000 mm, 97.0000 mm): Via [/GND] on F.Cu - B.Cu
[unconnected_items]: Missing connection between items
    Local override; error
    @(70.5000 mm, 82.2375 mm): Pad 8 [/GND] of U22 on F.Cu
    @(70.0000 mm, 82.2375 mm): Pad 9 [/GND] of U22 on F.Cu
[unconnected_items]: Missing connection between items
    Local override; error
    @(70.5000 mm, 82.2375 mm): Pad 8 [/GND] of U22 on F.Cu
    @(70.5000 mm, 83.7625 mm): Pad 5 [/GND] of U22 on F.Cu
[unconnected_items]: Missing connection between items
    Local override; error
    @(70.5000 mm, 83.7625 mm): Pad 5 [/GND] of U22 on F.Cu
    @(77.0000 mm, 83.0000 mm): Via [/GND] on F.Cu - B.Cu
[unconnected_items]: Missing connection between items
    Local override; error
    @(71.9000 mm, 37.1000 mm): Pad 2 [/GND] of C36 on F.Cu
    @(68.6300 mm, 37.1000 mm): Pad 2 [/GND] of C35 on F.Cu
[unconnected_items]: Missing connection between items
    Local override; error
    @(75.0000 mm, 3.0000 mm): Via [/GND] on F.Cu - B.Cu
    @(70.0000 mm, 3.0000 mm): Via [/GND] on F.Cu - B.Cu
[unconnected_items]: Missing connection between items
    Local override; error
    @(75.1700 mm, 37.1000 mm): Pad 2 [/GND] of C37 on F.Cu
    @(77.0000 mm, 38.0000 mm): Via [/GND] on F.Cu - B.Cu
[unconnected_items]: Missing connection between items
    Local override; error
    @(75.1700 mm, 37.1000 mm): Pad 2 [/GND] of C37 on F.Cu
    @(71.9000 mm, 37.1000 mm): Pad 2 [/GND] of C36 on F.Cu
[unconnected_items]: Missing connection between items
    Local override; error
    @(77.0000 mm, 13.0000 mm): Via [/GND] on F.Cu - B.Cu
    @(80.0000 mm, 12.0000 mm): Via [/GND] on F.Cu - B.Cu
[unconnected_items]: Missing connection between items
    Local override; error
    @(77.0000 mm, 18.0000 mm): Via [/GND] on F.Cu - B.Cu
    @(77.0000 mm, 13.0000 mm): Via [/GND] on F.Cu - B.Cu
[unconnected_items]: Missing connection between items
    Local override; error
    @(77.0000 mm, 18.0000 mm): Via [/GND] on F.Cu - B.Cu
    @(77.0000 mm, 23.0000 mm): Via [/GND] on F.Cu - B.Cu
[unconnected_items]: Missing connection between items
    Local override; error
    @(77.0000 mm, 28.0000 mm): Via [/GND] on F.Cu - B.Cu
    @(80.0000 mm, 26.0000 mm): Via [/GND] on F.Cu - B.Cu
[unconnected_items]: Missing connection between items
    Local override; error
    @(77.0000 mm, 28.0000 mm): Via [/GND] on F.Cu - B.Cu
    @(77.0000 mm, 33.0000 mm): Via [/GND] on F.Cu - B.Cu
[unconnected_items]: Missing connection between items
    Local override; error
    @(77.0000 mm, 33.0000 mm): Via [/GND] on F.Cu - B.Cu
    @(80.0000 mm, 36.0000 mm): Via [/GND] on F.Cu - B.Cu
[unconnected_items]: Missing connection between items
    Local override; error
    @(77.0000 mm, 38.0000 mm): Via [/GND] on F.Cu - B.Cu
    @(77.0000 mm, 43.0000 mm): Via [/GND] on F.Cu - B.Cu
[unconnected_items]: Missing connection between items
    Local override; error
    @(77.0000 mm, 43.0000 mm): Via [/GND] on F.Cu - B.Cu
    @(77.0000 mm, 48.0000 mm): Via [/GND] on F.Cu - B.Cu
[unconnected_items]: Missing connection between items
    Local override; error
    @(77.0000 mm, 48.0000 mm): Via [/GND] on F.Cu - B.Cu
    @(77.0000 mm, 53.0000 mm): Via [/GND] on F.Cu - B.Cu
[unconnected_items]: Missing connection between items
    Local override; error
    @(77.0000 mm, 58.0000 mm): Via [/GND] on F.Cu - B.Cu
    @(77.0000 mm, 53.0000 mm): Via [/GND] on F.Cu - B.Cu
[unconnected_items]: Missing connection between items
    Local override; error
    @(77.0000 mm, 63.0000 mm): Via [/GND] on F.Cu - B.Cu
    @(77.0000 mm, 68.0000 mm): Via [/GND] on F.Cu - B.Cu
[unconnected_items]: Missing connection between items
    Local override; error
    @(77.0000 mm, 63.0000 mm): Via [/GND] on F.Cu - B.Cu
    @(77.0000 mm, 58.0000 mm): Via [/GND] on F.Cu - B.Cu
[unconnected_items]: Missing connection between items
    Local override; error
    @(77.0000 mm, 73.0000 mm): Via [/GND] on F.Cu - B.Cu
    @(77.0000 mm, 68.0000 mm): Via [/GND] on F.Cu - B.Cu
[unconnected_items]: Missing connection between items
    Local override; error
    @(77.0000 mm, 78.0000 mm): Via [/GND] on F.Cu - B.Cu
    @(77.0000 mm, 83.0000 mm): Via [/GND] on F.Cu - B.Cu
[unconnected_items]: Missing connection between items
    Local override; error
    @(77.0000 mm, 78.0000 mm): Via [/GND] on F.Cu - B.Cu
    @(77.0000 mm, 73.0000 mm): Via [/GND] on F.Cu - B.Cu
[unconnected_items]: Missing connection between items
    Local override; error
    @(77.0000 mm, 88.0000 mm): Via [/GND] on F.Cu - B.Cu
    @(77.0000 mm, 83.0000 mm): Via [/GND] on F.Cu - B.Cu
[unconnected_items]: Missing connection between items
    Local override; error
    @(77.0000 mm, 93.0000 mm): Via [/GND] on F.Cu - B.Cu
    @(75.0000 mm, 97.0000 mm): Via [/GND] on F.Cu - B.Cu
[unconnected_items]: Missing connection between items
    Local override; error
    @(77.0000 mm, 93.0000 mm): Via [/GND] on F.Cu - B.Cu
    @(77.0000 mm, 88.0000 mm): Via [/GND] on F.Cu - B.Cu
[unconnected_items]: Missing connection between items
    Local override; error
    @(77.0000 mm, 93.0000 mm): Via [/GND] on F.Cu - B.Cu
    @(80.0000 mm, 97.0000 mm): Via [/GND] on F.Cu - B.Cu
[unconnected_items]: Missing connection between items
    Local override; error
    @(80.0000 mm, 3.0000 mm): Via [/GND] on F.Cu - B.Cu
    @(75.0000 mm, 3.0000 mm): Via [/GND] on F.Cu - B.Cu
[unconnected_items]: Missing connection between items
    Local override; error
    @(80.0000 mm, 12.0000 mm): Via [/GND] on F.Cu - B.Cu
    @(82.0000 mm, 12.0000 mm): Via [/GND] on F.Cu - B.Cu
[unconnected_items]: Missing connection between items
    Local override; error
    @(80.0000 mm, 26.0000 mm): Via [/GND] on F.Cu - B.Cu
    @(82.0000 mm, 26.0000 mm): Via [/GND] on F.Cu - B.Cu
[unconnected_items]: Missing connection between items
    Local override; error
    @(80.0000 mm, 26.0000 mm): Via [/GND] on F.Cu - B.Cu
    @(77.0000 mm, 23.0000 mm): Via [/GND] on F.Cu - B.Cu
[unconnected_items]: Missing connection between items
    Local override; error
    @(80.0000 mm, 36.0000 mm): Via [/GND] on F.Cu - B.Cu
    @(77.0000 mm, 38.0000 mm): Via [/GND] on F.Cu - B.Cu
[unconnected_items]: Missing connection between items
    Local override; error
    @(80.0000 mm, 97.0000 mm): Via [/GND] on F.Cu - B.Cu
    @(85.0000 mm, 97.0000 mm): Via [/GND] on F.Cu - B.Cu
[unconnected_items]: Missing connection between items
    Local override; error
    @(81.2375 mm, 7.7000 mm): Pad 2 [/GND] of Q30 on F.Cu
    @(77.0000 mm, 8.0000 mm): Via [/GND] on F.Cu - B.Cu
[unconnected_items]: Missing connection between items
    Local override; error
    @(81.2375 mm, 7.7000 mm): Pad 2 [/GND] of Q30 on F.Cu
    @(80.0000 mm, 3.0000 mm): Via [/GND] on F.Cu - B.Cu
[unconnected_items]: Missing connection between items
    Local override; error
    @(82.0000 mm, 12.0000 mm): Via [/GND] on F.Cu - B.Cu
    @(81.2375 mm, 7.7000 mm): Pad 2 [/GND] of Q30 on F.Cu
[unconnected_items]: Missing connection between items
    Local override; error
    @(82.0000 mm, 26.0000 mm): Via [/GND] on F.Cu - B.Cu
    @(84.0000 mm, 26.0000 mm): Via [/GND] on F.Cu - B.Cu
[unconnected_items]: Missing connection between items
    Local override; error
    @(83.0000 mm, 36.0000 mm): Via [/GND] on F.Cu - B.Cu
    @(80.0000 mm, 36.0000 mm): Via [/GND] on F.Cu - B.Cu
[unconnected_items]: Missing connection between items
    Local override; error
    @(84.0000 mm, 12.0000 mm): Via [/GND] on F.Cu - B.Cu
    @(82.0000 mm, 12.0000 mm): Via [/GND] on F.Cu - B.Cu
[unconnected_items]: Missing connection between items
    Local override; error
    @(84.4750 mm, 17.5250 mm): Pad 2 [/GND] of J30 on F.Cu
    @(84.4750 mm, 20.4750 mm): Pad 2 [/GND] of J30 on F.Cu
[unconnected_items]: Missing connection between items
    Local override; error
    @(84.9400 mm, 39.1000 mm): Pad 2 [/GND] of C101 on F.Cu
    @(81.5000 mm, 39.1000 mm): Pad 2 [/GND] of C100 on F.Cu
[unconnected_items]: Missing connection between items
    Local override; error
    @(85.0000 mm, 3.0000 mm): Via [/GND] on F.Cu - B.Cu
    @(80.0000 mm, 3.0000 mm): Via [/GND] on F.Cu - B.Cu
[unconnected_items]: Missing connection between items
    Local override; error
    @(85.0000 mm, 97.0000 mm): Via [/GND] on F.Cu - B.Cu
    @(90.0000 mm, 97.0000 mm): Via [/GND] on F.Cu - B.Cu
[unconnected_items]: Missing connection between items
    Local override; error
    @(86.0000 mm, 12.0000 mm): Via [/GND] on F.Cu - B.Cu
    @(84.0000 mm, 12.0000 mm): Via [/GND] on F.Cu - B.Cu
[unconnected_items]: Missing connection between items
    Local override; error
    @(86.0000 mm, 26.0000 mm): Via [/GND] on F.Cu - B.Cu
    @(84.0000 mm, 26.0000 mm): Via [/GND] on F.Cu - B.Cu
[unconnected_items]: Missing connection between items
    Local override; error
    @(86.0000 mm, 26.0000 mm): Via [/GND] on F.Cu - B.Cu
    @(88.0000 mm, 26.0000 mm): Via [/GND] on F.Cu - B.Cu
[unconnected_items]: Missing connection between items
    Local override; error
    @(86.0000 mm, 36.0000 mm): Via [/GND] on F.Cu - B.Cu
    @(83.0000 mm, 36.0000 mm): Via [/GND] on F.Cu - B.Cu
[unconnected_items]: Missing connection between items
    Local override; error
    @(88.0000 mm, 12.0000 mm): Via [/GND] on F.Cu - B.Cu
    @(86.0000 mm, 12.0000 mm): Via [/GND] on F.Cu - B.Cu
[unconnected_items]: Missing connection between items
    Local override; error
    @(88.0000 mm, 26.0000 mm): Via [/GND] on F.Cu - B.Cu
    @(90.0000 mm, 26.0000 mm): Via [/GND] on F.Cu - B.Cu
[unconnected_items]: Missing connection between items
    Local override; error
    @(88.2100 mm, 39.1000 mm): Pad 2 [/GND] of C102 on F.Cu
    @(84.9400 mm, 39.1000 mm): Pad 2 [/GND] of C101 on F.Cu
[unconnected_items]: Missing connection between items
    Local override; error
    @(89.0000 mm, 36.0000 mm): Via [/GND] on F.Cu - B.Cu
    @(86.0000 mm, 36.0000 mm): Via [/GND] on F.Cu - B.Cu
[unconnected_items]: Missing connection between items
    Local override; error
    @(89.0000 mm, 36.0000 mm): Via [/GND] on F.Cu - B.Cu
    @(92.0000 mm, 36.0000 mm): Via [/GND] on F.Cu - B.Cu
[unconnected_items]: Missing connection between items
    Local override; error
    @(89.0000 mm, 36.0000 mm): Via [/GND] on F.Cu - B.Cu
    @(88.2100 mm, 39.1000 mm): Pad 2 [/GND] of C102 on F.Cu
[unconnected_items]: Missing connection between items
    Local override; error
    @(89.3500 mm, 23.0000 mm): Pad 2 [/GND] of D30 on F.Cu
    @(90.0000 mm, 26.0000 mm): Via [/GND] on F.Cu - B.Cu
[unconnected_items]: Missing connection between items
    Local override; error
    @(89.3500 mm, 23.0000 mm): Pad 2 [/GND] of D30 on F.Cu
    @(84.4750 mm, 20.4750 mm): Pad 2 [/GND] of J30 on F.Cu
[unconnected_items]: Missing connection between items
    Local override; error
    @(89.4800 mm, 15.0000 mm): Pad 2 [/GND] of C77 on F.Cu
    @(90.0000 mm, 12.0000 mm): Via [/GND] on F.Cu - B.Cu
[unconnected_items]: Missing connection between items
    Local override; error
    @(90.0000 mm, 3.0000 mm): Via [/GND] on F.Cu - B.Cu
    @(91.8500 mm, 6.1000 mm): Pad 2 [/GND] of R31 on F.Cu
[unconnected_items]: Missing connection between items
    Local override; error
    @(90.0000 mm, 3.0000 mm): Via [/GND] on F.Cu - B.Cu
    @(85.0000 mm, 3.0000 mm): Via [/GND] on F.Cu - B.Cu
[unconnected_items]: Missing connection between items
    Local override; error
    @(90.0000 mm, 12.0000 mm): Via [/GND] on F.Cu - B.Cu
    @(88.0000 mm, 12.0000 mm): Via [/GND] on F.Cu - B.Cu
[unconnected_items]: Missing connection between items
    Local override; error
    @(90.0000 mm, 12.0000 mm): Via [/GND] on F.Cu - B.Cu
    @(92.0000 mm, 12.0000 mm): Via [/GND] on F.Cu - B.Cu
[unconnected_items]: Missing connection between items
    Local override; error
    @(90.0000 mm, 26.0000 mm): Via [/GND] on F.Cu - B.Cu
    @(92.0000 mm, 26.0000 mm): Via [/GND] on F.Cu - B.Cu
[unconnected_items]: Missing connection between items
    Local override; error
    @(90.0000 mm, 97.0000 mm): Via [/GND] on F.Cu - B.Cu
    @(95.0000 mm, 97.0000 mm): Via [/GND] on F.Cu - B.Cu
[unconnected_items]: Missing connection between items
    Local override; error
    @(90.5500 mm, 73.1000 mm): Pad 2 [/GND] of C95 on F.Cu
    @(90.7200 mm, 76.0500 mm): Pad 2 [/GND] of R45 on F.Cu
[unconnected_items]: Missing connection between items
    Local override; error
    @(90.5500 mm, 73.1000 mm): Pad 2 [/GND] of C95 on F.Cu
    @(93.8200 mm, 73.1000 mm): Pad 2 [/GND] of C96 on F.Cu
[unconnected_items]: Missing connection between items
    Local override; error
    @(90.5500 mm, 73.1000 mm): Pad 2 [/GND] of C95 on F.Cu
    @(91.0000 mm, 62.0000 mm): PTH pad 33 [/GND] of U40
[unconnected_items]: Missing connection between items
    Local override; error
    @(91.4800 mm, 39.1000 mm): Pad 2 [/GND] of C103 on F.Cu
    @(92.0000 mm, 36.0000 mm): Via [/GND] on F.Cu - B.Cu
[unconnected_items]: Missing connection between items
    Local override; error
    @(92.0000 mm, 12.0000 mm): Via [/GND] on F.Cu - B.Cu
    @(94.0000 mm, 12.0000 mm): Via [/GND] on F.Cu - B.Cu
[unconnected_items]: Missing connection between items
    Local override; error
    @(92.0000 mm, 26.0000 mm): Via [/GND] on F.Cu - B.Cu
    @(94.0000 mm, 26.0000 mm): Via [/GND] on F.Cu - B.Cu
[unconnected_items]: Missing connection between items
    Local override; error
    @(92.0000 mm, 26.0000 mm): Via [/GND] on F.Cu - B.Cu
    @(92.4800 mm, 23.0000 mm): Pad 2 [/GND] of C78 on F.Cu
[unconnected_items]: Missing connection between items
    Local override; error
    @(92.0000 mm, 36.0000 mm): Via [/GND] on F.Cu - B.Cu
    @(95.0000 mm, 36.0000 mm): Via [/GND] on F.Cu - B.Cu
[unconnected_items]: Missing connection between items
    Local override; error
    @(92.7500 mm, 51.6000 mm): Pad 2 [/GND] of Y40 on F.Cu
    @(93.8200 mm, 42.0500 mm): Pad 2 [/GND] of C88 on F.Cu
[unconnected_items]: Missing connection between items
    Local override; error
    @(93.0000 mm, 60.0000 mm): PTH pad 33 [/GND] of U40
    @(92.7500 mm, 51.6000 mm): Pad 2 [/GND] of Y40 on F.Cu
[unconnected_items]: Missing connection between items
    Local override; error
    @(93.0000 mm, 61.0000 mm): PTH pad 33 [/GND] of U40
    @(102.0000 mm, 61.0000 mm): Pad 5 [/GND] of FL40 on F.Cu
[unconnected_items]: Missing connection between items
    Local override; error
    @(93.8200 mm, 42.0500 mm): Pad 2 [/GND] of C88 on F.Cu
    @(94.7500 mm, 39.1000 mm): Pad 2 [/GND] of C104 on F.Cu
[unconnected_items]: Missing connection between items
    Local override; error
    @(94.0300 mm, 76.0500 mm): Pad 2 [/GND] of R46 on F.Cu
    @(93.8200 mm, 73.1000 mm): Pad 2 [/GND] of C96 on F.Cu
[unconnected_items]: Missing connection between items
    Local override; error
    @(94.0300 mm, 76.0500 mm): Pad 2 [/GND] of R46 on F.Cu
    @(97.3400 mm, 76.0500 mm): Pad 2 [/GND] of R47 on F.Cu
[unconnected_items]: Missing connection between items
    Local override; error
    @(95.0000 mm, 3.0000 mm): Via [/GND] on F.Cu - B.Cu
    @(91.8500 mm, 6.1000 mm): Pad 2 [/GND] of R31 on F.Cu
[unconnected_items]: Missing connection between items
    Local override; error
    @(95.0000 mm, 36.0000 mm): Via [/GND] on F.Cu - B.Cu
    @(98.0000 mm, 36.0000 mm): Via [/GND] on F.Cu - B.Cu
[unconnected_items]: Missing connection between items
    Local override; error
    @(95.0000 mm, 36.0000 mm): Via [/GND] on F.Cu - B.Cu
    @(94.7500 mm, 39.1000 mm): Pad 2 [/GND] of C104 on F.Cu
[unconnected_items]: Missing connection between items
    Local override; error
    @(95.0000 mm, 97.0000 mm): Via [/GND] on F.Cu - B.Cu
    @(100.0000 mm, 97.0000 mm): Via [/GND] on F.Cu - B.Cu
[unconnected_items]: Missing connection between items
    Local override; error
    @(97.8000 mm, 17.0500 mm): Pad 2 [/GND] of U30 on F.Cu
    @(94.0000 mm, 12.0000 mm): Via [/GND] on F.Cu - B.Cu
[unconnected_items]: Missing connection between items
    Local override; error
    @(98.0200 mm, 39.1000 mm): Pad 2 [/GND] of C105 on F.Cu
    @(97.0900 mm, 42.0500 mm): Pad 2 [/GND] of C89 on F.Cu
[unconnected_items]: Missing connection between items
    Local override; error
    @(98.0200 mm, 39.1000 mm): Pad 2 [/GND] of C105 on F.Cu
    @(98.0000 mm, 36.0000 mm): Via [/GND] on F.Cu - B.Cu
[unconnected_items]: Missing connection between items
    Local override; error
    @(99.7000 mm, 17.7000 mm): Pad 37 [/GND] of U30 on F.Cu
    @(97.8000 mm, 17.0500 mm): Pad 2 [/GND] of U30 on F.Cu
[unconnected_items]: Missing connection between items
    Local override; error
    @(99.7000 mm, 19.0000 mm): Pad 39 [/GND] of U30 on F.Cu
    @(99.7000 mm, 17.7000 mm): Pad 37 [/GND] of U30 on F.Cu
[unconnected_items]: Missing connection between items
    Local override; error
    @(99.7000 mm, 20.3000 mm): Pad 41 [/GND] of U30 on F.Cu
    @(99.7000 mm, 19.0000 mm): Pad 39 [/GND] of U30 on F.Cu
[unconnected_items]: Missing connection between items
    Local override; error
    @(100.0000 mm, 3.0000 mm): Via [/GND] on F.Cu - B.Cu
    @(95.0000 mm, 3.0000 mm): Via [/GND] on F.Cu - B.Cu
[unconnected_items]: Missing connection between items
    Local override; error
    @(100.0000 mm, 97.0000 mm): Via [/GND] on F.Cu - B.Cu
    @(105.0000 mm, 97.0000 mm): Via [/GND] on F.Cu - B.Cu
[unconnected_items]: Missing connection between items
    Local override; error
    @(100.6500 mm, 76.0500 mm): Pad 2 [/GND] of R50 on F.Cu
    @(97.3400 mm, 76.0500 mm): Pad 2 [/GND] of R47 on F.Cu
[unconnected_items]: Missing connection between items
    Local override; error
    @(101.0000 mm, 17.7000 mm): Pad 38 [/GND] of U30 on F.Cu
    @(101.0000 mm, 19.0000 mm): Pad 40 [/GND] of U30 on F.Cu
[unconnected_items]: Missing connection between items
    Local override; error
    @(101.0000 mm, 19.0000 mm): Pad 40 [/GND] of U30 on F.Cu
    @(99.7000 mm, 19.0000 mm): Pad 39 [/GND] of U30 on F.Cu
[unconnected_items]: Missing connection between items
    Local override; error
    @(101.0000 mm, 20.3000 mm): Pad 42 [/GND] of U30 on F.Cu
    @(101.0000 mm, 19.0000 mm): Pad 40 [/GND] of U30 on F.Cu
[unconnected_items]: Missing connection between items
    Local override; error
    @(101.0000 mm, 36.0000 mm): Via [/GND] on F.Cu - B.Cu
    @(104.0000 mm, 36.0000 mm): Via [/GND] on F.Cu - B.Cu
[unconnected_items]: Missing connection between items
    Local override; error
    @(101.0000 mm, 36.0000 mm): Via [/GND] on F.Cu - B.Cu
    @(98.0000 mm, 36.0000 mm): Via [/GND] on F.Cu - B.Cu
[unconnected_items]: Missing connection between items
    Local override; error
    @(101.0000 mm, 36.0000 mm): Via [/GND] on F.Cu - B.Cu
    @(101.2900 mm, 39.1000 mm): Pad 2 [/GND] of C106 on F.Cu
[unconnected_items]: Missing connection between items
    Local override; error
    @(102.2500 mm, 60.3750 mm): Pad 4 [/GND] of FL40 on F.Cu
    @(102.0000 mm, 61.0000 mm): Pad 5 [/GND] of FL40 on F.Cu
[unconnected_items]: Missing connection between items
    Local override; error
    @(102.3000 mm, 20.3000 mm): Pad 43 [/GND] of U30 on F.Cu
    @(101.0000 mm, 20.3000 mm): Pad 42 [/GND] of U30 on F.Cu
[unconnected_items]: Missing connection between items
    Local override; error
    @(103.6000 mm, 22.2000 mm): Pad 18 [/GND] of U30 on F.Cu
    @(102.3000 mm, 20.3000 mm): Pad 43 [/GND] of U30 on F.Cu
[unconnected_items]: Missing connection between items
    Local override; error
    @(103.7500 mm, 60.3750 mm): Pad 1 [/GND] of FL40 on F.Cu
    @(102.2500 mm, 60.3750 mm): Pad 4 [/GND] of FL40 on F.Cu
[unconnected_items]: Missing connection between items
    Local override; error
    @(104.0000 mm, 36.0000 mm): Via [/GND] on F.Cu - B.Cu
    @(105.3200 mm, 39.1000 mm): Pad 2 [/GND] of C110 on F.Cu
[unconnected_items]: Missing connection between items
    Local override; error
    @(104.0000 mm, 61.0000 mm): Pad 10 [/GND] of FL40 on F.Cu
    @(103.7500 mm, 60.3750 mm): Pad 1 [/GND] of FL40 on F.Cu
[unconnected_items]: Missing connection between items
    Local override; error
    @(105.0000 mm, 3.0000 mm): Via [/GND] on F.Cu - B.Cu
    @(100.0000 mm, 3.0000 mm): Via [/GND] on F.Cu - B.Cu
[unconnected_items]: Missing connection between items
    Local override; error
    @(105.0000 mm, 97.0000 mm): Via [/GND] on F.Cu - B.Cu
    @(110.0000 mm, 97.0000 mm): Via [/GND] on F.Cu - B.Cu
[unconnected_items]: Missing connection between items
    Local override; error
    @(105.3200 mm, 39.1000 mm): Pad 2 [/GND] of C110 on F.Cu
    @(103.6300 mm, 42.0500 mm): Pad 2 [/GND] of C91 on F.Cu
[unconnected_items]: Missing connection between items
    Local override; error
    @(107.0000 mm, 36.0000 mm): Via [/GND] on F.Cu - B.Cu
    @(104.0000 mm, 36.0000 mm): Via [/GND] on F.Cu - B.Cu
[unconnected_items]: Missing connection between items
    Local override; error
    @(110.0000 mm, 3.0000 mm): Via [/GND] on F.Cu - B.Cu
    @(105.0000 mm, 3.0000 mm): Via [/GND] on F.Cu - B.Cu
[unconnected_items]: Missing connection between items
    Local override; error
    @(110.0000 mm, 36.0000 mm): Via [/GND] on F.Cu - B.Cu
    @(107.0000 mm, 36.0000 mm): Via [/GND] on F.Cu - B.Cu
[unconnected_items]: Missing connection between items
    Local override; error
    @(110.0000 mm, 36.0000 mm): Via [/GND] on F.Cu - B.Cu
    @(113.0000 mm, 36.0000 mm): Via [/GND] on F.Cu - B.Cu
[unconnected_items]: Missing connection between items
    Local override; error
    @(110.0000 mm, 97.0000 mm): Via [/GND] on F.Cu - B.Cu
    @(115.0000 mm, 97.0000 mm): Via [/GND] on F.Cu - B.Cu
[unconnected_items]: Missing connection between items
    Local override; error
    @(110.1000 mm, 59.8000 mm): Pad 1 [/GND] of FL41 on F.Cu
    @(111.9000 mm, 59.8000 mm): Pad 3 [/GND] of FL41 on F.Cu
[unconnected_items]: Missing connection between items
    Local override; error
    @(110.1000 mm, 59.8000 mm): Pad 1 [/GND] of FL41 on F.Cu
    @(104.0000 mm, 61.0000 mm): Pad 10 [/GND] of FL40 on F.Cu
[unconnected_items]: Missing connection between items
    Local override; error
    @(110.9200 mm, 11.0000 mm): Pad 2 [/GND] of D32 on F.Cu
    @(110.0000 mm, 3.0000 mm): Via [/GND] on F.Cu - B.Cu
[unconnected_items]: Missing connection between items
    Local override; error
    @(110.9200 mm, 27.0000 mm): Pad 2 [/GND] of D31 on F.Cu
    @(115.9500 mm, 23.0000 mm): Pad 2 [/GND] of C70 on F.Cu
[unconnected_items]: Missing connection between items
    Local override; error
    @(111.9000 mm, 59.8000 mm): Pad 3 [/GND] of FL41 on F.Cu
    @(119.1375 mm, 60.0250 mm): Pad 1 [/GND] of U41 on F.Cu
[unconnected_items]: Missing connection between items
    Local override; error
    @(111.9000 mm, 62.2000 mm): Pad 4 [/GND] of FL41 on F.Cu
    @(110.1000 mm, 62.2000 mm): Pad 6 [/GND] of FL41 on F.Cu
[unconnected_items]: Missing connection between items
    Local override; error
    @(111.9000 mm, 62.2000 mm): Pad 4 [/GND] of FL41 on F.Cu
    @(111.9000 mm, 59.8000 mm): Pad 3 [/GND] of FL41 on F.Cu
[unconnected_items]: Missing connection between items
    Local override; error
    @(112.0300 mm, 39.1000 mm): Pad 2 [/GND] of C112 on F.Cu
    @(108.7600 mm, 39.1000 mm): Pad 2 [/GND] of C111 on F.Cu
[unconnected_items]: Missing connection between items
    Local override; error
    @(113.0000 mm, 36.0000 mm): Via [/GND] on F.Cu - B.Cu
    @(116.0000 mm, 36.0000 mm): Via [/GND] on F.Cu - B.Cu
[unconnected_items]: Missing connection between items
    Local override; error
    @(113.0000 mm, 36.0000 mm): Via [/GND] on F.Cu - B.Cu
    @(112.0300 mm, 39.1000 mm): Pad 2 [/GND] of C112 on F.Cu
[unconnected_items]: Missing connection between items
    Local override; error
    @(115.0000 mm, 3.0000 mm): Via [/GND] on F.Cu - B.Cu
    @(110.0000 mm, 3.0000 mm): Via [/GND] on F.Cu - B.Cu
[unconnected_items]: Missing connection between items
    Local override; error
    @(115.0000 mm, 97.0000 mm): Via [/GND] on F.Cu - B.Cu
    @(120.0000 mm, 97.0000 mm): Via [/GND] on F.Cu - B.Cu
[unconnected_items]: Missing connection between items
    Local override; error
    @(115.4800 mm, 14.0000 mm): Pad 2 [/GND] of C73 on F.Cu
    @(110.9200 mm, 11.0000 mm): Pad 2 [/GND] of D32 on F.Cu
[unconnected_items]: Missing connection between items
    Local override; error
    @(115.4800 mm, 17.0000 mm): Pad 2 [/GND] of C72 on F.Cu
    @(115.4800 mm, 20.0000 mm): Pad 2 [/GND] of C71 on F.Cu
[unconnected_items]: Missing connection between items
    Local override; error
    @(115.4800 mm, 17.0000 mm): Pad 2 [/GND] of C72 on F.Cu
    @(115.4800 mm, 14.0000 mm): Pad 2 [/GND] of C73 on F.Cu
[unconnected_items]: Missing connection between items
    Local override; error
    @(115.4800 mm, 17.0000 mm): Pad 2 [/GND] of C72 on F.Cu
    @(120.4800 mm, 17.0000 mm): Pad 2 [/GND] of C76 on F.Cu
[unconnected_items]: Missing connection between items
    Local override; error
    @(115.9500 mm, 23.0000 mm): Pad 2 [/GND] of C70 on F.Cu
    @(115.4800 mm, 20.0000 mm): Pad 2 [/GND] of C71 on F.Cu
[unconnected_items]: Missing connection between items
    Local override; error
    @(116.0000 mm, 36.0000 mm): Via [/GND] on F.Cu - B.Cu
    @(115.3000 mm, 39.1000 mm): Pad 2 [/GND] of C113 on F.Cu
[unconnected_items]: Missing connection between items
    Local override; error
    @(119.0000 mm, 36.0000 mm): Via [/GND] on F.Cu - B.Cu
    @(116.0000 mm, 36.0000 mm): Via [/GND] on F.Cu - B.Cu
[unconnected_items]: Missing connection between items
    Local override; error
    @(119.0000 mm, 36.0000 mm): Via [/GND] on F.Cu - B.Cu
    @(122.0000 mm, 36.0000 mm): Via [/GND] on F.Cu - B.Cu
[unconnected_items]: Missing connection between items
    Local override; error
    @(119.1375 mm, 60.0250 mm): Pad 1 [/GND] of U41 on F.Cu
    @(120.2000 mm, 60.2000 mm): PTH pad 17 [/GND] of U41
[unconnected_items]: Missing connection between items
    Local override; error
    @(119.1375 mm, 61.3250 mm): Pad 3 [/GND] of U41 on F.Cu
    @(120.2000 mm, 61.0000 mm): PTH pad 17 [/GND] of U41
[unconnected_items]: Missing connection between items
    Local override; error
    @(119.3300 mm, 39.1000 mm): Pad 2 [/GND] of C114 on F.Cu
    @(119.0000 mm, 36.0000 mm): Via [/GND] on F.Cu - B.Cu
[unconnected_items]: Missing connection between items
    Local override; error
    @(120.0000 mm, 3.0000 mm): Via [/GND] on F.Cu - B.Cu
    @(115.0000 mm, 3.0000 mm): Via [/GND] on F.Cu - B.Cu
[unconnected_items]: Missing connection between items
    Local override; error
    @(120.0000 mm, 97.0000 mm): Via [/GND] on F.Cu - B.Cu
    @(125.0000 mm, 97.0000 mm): Via [/GND] on F.Cu - B.Cu
[unconnected_items]: Missing connection between items
    Local override; error
    @(120.4800 mm, 17.0000 mm): Pad 2 [/GND] of C76 on F.Cu
    @(120.4800 mm, 20.0000 mm): Pad 2 [/GND] of C75 on F.Cu
[unconnected_items]: Missing connection between items
    Local override; error
    @(120.9500 mm, 23.0000 mm): Pad 2 [/GND] of C74 on F.Cu
    @(120.4800 mm, 20.0000 mm): Pad 2 [/GND] of C75 on F.Cu
[unconnected_items]: Missing connection between items
    Local override; error
    @(121.8000 mm, 60.2000 mm): PTH pad 17 [/GND] of U41
    @(122.8625 mm, 60.0250 mm): Pad 12 [/GND] of U41 on F.Cu
[unconnected_items]: Missing connection between items
    Local override; error
    @(121.8000 mm, 61.8000 mm): PTH pad 17 [/GND] of U41
    @(122.8625 mm, 61.9750 mm): Pad 9 [/GND] of U41 on F.Cu
[unconnected_items]: Missing connection between items
    Local override; error
    @(122.7700 mm, 39.1000 mm): Pad 2 [/GND] of C115 on F.Cu
    @(122.0000 mm, 36.0000 mm): Via [/GND] on F.Cu - B.Cu
[unconnected_items]: Missing connection between items
    Local override; error
    @(125.0000 mm, 3.0000 mm): Via [/GND] on F.Cu - B.Cu
    @(120.0000 mm, 3.0000 mm): Via [/GND] on F.Cu - B.Cu
[unconnected_items]: Missing connection between items
    Local override; error
    @(125.0000 mm, 36.0000 mm): Via [/GND] on F.Cu - B.Cu
    @(122.0000 mm, 36.0000 mm): Via [/GND] on F.Cu - B.Cu
[unconnected_items]: Missing connection between items
    Local override; error
    @(126.0400 mm, 39.1000 mm): Pad 2 [/GND] of C80 on F.Cu
    @(125.0000 mm, 36.0000 mm): Via [/GND] on F.Cu - B.Cu
[unconnected_items]: Missing connection between items
    Local override; error
    @(126.0400 mm, 39.1000 mm): Pad 2 [/GND] of C80 on F.Cu
    @(129.3100 mm, 39.1000 mm): Pad 2 [/GND] of C81 on F.Cu
[unconnected_items]: Missing connection between items
    Local override; error
    @(128.0000 mm, 36.0000 mm): Via [/GND] on F.Cu - B.Cu
    @(125.0000 mm, 36.0000 mm): Via [/GND] on F.Cu - B.Cu
[unconnected_items]: Missing connection between items
    Local override; error
    @(128.0000 mm, 36.0000 mm): Via [/GND] on F.Cu - B.Cu
    @(131.0000 mm, 36.0000 mm): Via [/GND] on F.Cu - B.Cu
[unconnected_items]: Missing connection between items
    Local override; error
    @(129.3100 mm, 39.1000 mm): Pad 2 [/GND] of C81 on F.Cu
    @(132.5800 mm, 39.1000 mm): Pad 2 [/GND] of C82 on F.Cu
[unconnected_items]: Missing connection between items
    Local override; error
    @(130.7500 mm, 13.1000 mm): Pad 2 [/GND] of R33 on F.Cu
    @(137.0000 mm, 13.0000 mm): Via [/GND] on F.Cu - B.Cu
[unconnected_items]: Missing connection between items
    Local override; error
    @(131.0000 mm, 36.0000 mm): Via [/GND] on F.Cu - B.Cu
    @(134.0000 mm, 36.0000 mm): Via [/GND] on F.Cu - B.Cu
[unconnected_items]: Missing connection between items
    Local override; error
    @(131.1300 mm, 73.1000 mm): Pad 2 [/GND] of R40 on F.Cu
    @(137.0000 mm, 73.0000 mm): Via [/GND] on F.Cu - B.Cu
[unconnected_items]: Missing connection between items
    Local override; error
    @(134.0000 mm, 36.0000 mm): Via [/GND] on F.Cu - B.Cu
    @(137.0000 mm, 33.0000 mm): Via [/GND] on F.Cu - B.Cu
[unconnected_items]: Missing connection between items
    Local override; error
    @(135.8500 mm, 39.1000 mm): Pad 2 [/GND] of C83 on F.Cu
    @(137.0000 mm, 38.0000 mm): Via [/GND] on F.Cu - B.Cu
[unconnected_items]: Missing connection between items
    Local override; error
    @(135.8500 mm, 39.1000 mm): Pad 2 [/GND] of C83 on F.Cu
    @(132.5800 mm, 39.1000 mm): Pad 2 [/GND] of C82 on F.Cu
[unconnected_items]: Missing connection between items
    Local override; error
    @(135.8500 mm, 39.1000 mm): Pad 2 [/GND] of C83 on F.Cu
    @(137.0000 mm, 43.0000 mm): Via [/GND] on F.Cu - B.Cu
[unconnected_items]: Missing connection between items
    Local override; error
    @(136.4750 mm, 59.5250 mm): Pad 2 [/GND] of J40 on F.Cu
    @(137.0000 mm, 58.0000 mm): Via [/GND] on F.Cu - B.Cu
[unconnected_items]: Missing connection between items
    Local override; error
    @(136.4750 mm, 62.4750 mm): Pad 2 [/GND] of J40 on F.Cu
    @(136.4750 mm, 59.5250 mm): Pad 2 [/GND] of J40 on F.Cu
[unconnected_items]: Missing connection between items
    Local override; error
    @(137.0000 mm, 13.0000 mm): Via [/GND] on F.Cu - B.Cu
    @(137.0000 mm, 8.0000 mm): Via [/GND] on F.Cu - B.Cu
[unconnected_items]: Missing connection between items
    Local override; error
    @(137.0000 mm, 18.0000 mm): Via [/GND] on F.Cu - B.Cu
    @(137.0000 mm, 13.0000 mm): Via [/GND] on F.Cu - B.Cu
[unconnected_items]: Missing connection between items
    Local override; error
    @(137.0000 mm, 23.0000 mm): Via [/GND] on F.Cu - B.Cu
    @(137.0000 mm, 18.0000 mm): Via [/GND] on F.Cu - B.Cu
[unconnected_items]: Missing connection between items
    Local override; error
    @(137.0000 mm, 28.0000 mm): Via [/GND] on F.Cu - B.Cu
    @(137.0000 mm, 23.0000 mm): Via [/GND] on F.Cu - B.Cu
[unconnected_items]: Missing connection between items
    Local override; error
    @(137.0000 mm, 33.0000 mm): Via [/GND] on F.Cu - B.Cu
    @(137.0000 mm, 28.0000 mm): Via [/GND] on F.Cu - B.Cu
[unconnected_items]: Missing connection between items
    Local override; error
    @(137.0000 mm, 48.0000 mm): Via [/GND] on F.Cu - B.Cu
    @(137.0000 mm, 43.0000 mm): Via [/GND] on F.Cu - B.Cu
[unconnected_items]: Missing connection between items
    Local override; error
    @(137.0000 mm, 53.0000 mm): Via [/GND] on F.Cu - B.Cu
    @(137.0000 mm, 48.0000 mm): Via [/GND] on F.Cu - B.Cu
[unconnected_items]: Missing connection between items
    Local override; error
    @(137.0000 mm, 58.0000 mm): Via [/GND] on F.Cu - B.Cu
    @(137.0000 mm, 53.0000 mm): Via [/GND] on F.Cu - B.Cu
[unconnected_items]: Missing connection between items
    Local override; error
    @(137.0000 mm, 68.0000 mm): Via [/GND] on F.Cu - B.Cu
    @(137.0000 mm, 63.0000 mm): Via [/GND] on F.Cu - B.Cu
[unconnected_items]: Missing connection between items
    Local override; error
    @(137.0000 mm, 73.0000 mm): Via [/GND] on F.Cu - B.Cu
    @(137.0000 mm, 68.0000 mm): Via [/GND] on F.Cu - B.Cu
[unconnected_items]: Missing connection between items
    Local override; error
    @(137.0000 mm, 78.0000 mm): Via [/GND] on F.Cu - B.Cu
    @(137.0000 mm, 73.0000 mm): Via [/GND] on F.Cu - B.Cu
[unconnected_items]: Missing connection between items
    Local override; error
    @(137.0000 mm, 83.0000 mm): Via [/GND] on F.Cu - B.Cu
    @(137.0000 mm, 78.0000 mm): Via [/GND] on F.Cu - B.Cu
[unconnected_items]: Missing connection between items
    Local override; error
    @(137.0000 mm, 88.0000 mm): Via [/GND] on F.Cu - B.Cu
    @(137.0000 mm, 83.0000 mm): Via [/GND] on F.Cu - B.Cu
[unconnected_items]: Missing connection between items
    Local override; error
    @(137.0000 mm, 93.0000 mm): Via [/GND] on F.Cu - B.Cu
    @(137.0000 mm, 88.0000 mm): Via [/GND] on F.Cu - B.Cu
[unconnected_items]: Missing connection between items
    Local override; error
    @(83.1125 mm, 6.7500 mm): Pad 3 [/GNSS/GNSS_RESET_OD] of Q30 on F.Cu
    @(101.0000 mm, 22.2000 mm): Pad 14 [/GNSS/GNSS_RESET_OD] of U30 on F.Cu
[unconnected_items]: Missing connection between items
    Local override; error
    @(101.0000 mm, 22.2000 mm): Pad 14 [/GNSS/GNSS_RESET_OD] of U30 on F.Cu
    @(134.9500 mm, 13.1000 mm): Pad 2 [/GNSS/GNSS_RESET_OD] of R34 on F.Cu
[unconnected_items]: Missing connection between items
    Local override; error
    @(88.5200 mm, 15.0000 mm): Pad 1 [/GNSS/GNSS_RF_ANT] of C77 on F.Cu
    @(82.9500 mm, 19.0000 mm): Pad 1 [/GNSS/GNSS_RF_ANT] of J30 on F.Cu
[unconnected_items]: Missing connection between items
    Local override; error
    @(88.6500 mm, 23.0000 mm): Pad 1 [/GNSS/GNSS_RF_ANT] of D30 on F.Cu
    @(90.9900 mm, 19.0000 mm): Pad 1 [/GNSS/GNSS_RF_ANT] of R35 on F.Cu
[unconnected_items]: Missing connection between items
    Local override; error
    @(90.9900 mm, 19.0000 mm): Pad 1 [/GNSS/GNSS_RF_ANT] of R35 on F.Cu
    @(88.5200 mm, 15.0000 mm): Pad 1 [/GNSS/GNSS_RF_ANT] of C77 on F.Cu
[unconnected_items]: Missing connection between items
    Local override; error
    @(92.0100 mm, 19.0000 mm): Pad 2 [/GNSS/GNSS_RF_IN] of R35 on F.Cu
    @(91.5200 mm, 23.0000 mm): Pad 1 [/GNSS/GNSS_RF_IN] of C78 on F.Cu
[unconnected_items]: Missing connection between items
    Local override; error
    @(97.8000 mm, 16.4000 mm): Pad 1 [/GNSS/GNSS_RF_IN] of U30 on F.Cu
    @(92.0100 mm, 19.0000 mm): Pad 2 [/GNSS/GNSS_RF_IN] of R35 on F.Cu
[unconnected_items]: Missing connection between items
    Local override; error
    @(90.2000 mm, 6.1000 mm): Pad 1 [/GNSS/GNSS_UART_RX_2V8] of R31 on F.Cu
    @(87.6500 mm, 6.1000 mm): Pad 2 [/GNSS/GNSS_UART_RX_2V8] of R30 on F.Cu
[unconnected_items]: Missing connection between items
    Local override; error
    @(101.6500 mm, 22.2000 mm): Pad 15 [/GNSS/GNSS_UART_RX_2V8] of U30 on F.Cu
    @(90.2000 mm, 6.1000 mm): Pad 1 [/GNSS/GNSS_UART_RX_2V8] of R31 on F.Cu
[unconnected_items]: Missing connection between items
    Local override; error
    @(102.3000 mm, 22.2000 mm): Pad 16 [/GNSS/GNSS_UART_TX_2V8] of U30 on F.Cu
    @(124.9000 mm, 13.1000 mm): Pad 1 [/GNSS/GNSS_UART_TX_2V8] of R32 on F.Cu
[unconnected_items]: Missing connection between items
    Local override; error
    @(104.2000 mm, 20.3000 mm): Pad 21 [/GNSS/GNSS_VBCKP] of U30 on F.Cu
    @(112.7875 mm, 19.0000 mm): Pad 2 [/GNSS/GNSS_VBCKP] of FB30 on F.Cu
[unconnected_items]: Missing connection between items
    Local override; error
    @(110.0800 mm, 11.0000 mm): Pad 1 [/GNSS/GNSS_VBCKP] of D32 on F.Cu
    @(112.7875 mm, 19.0000 mm): Pad 2 [/GNSS/GNSS_VBCKP] of FB30 on F.Cu
[unconnected_items]: Missing connection between items
    Local override; error
    @(112.7875 mm, 19.0000 mm): Pad 2 [/GNSS/GNSS_VBCKP] of FB30 on F.Cu
    @(119.5200 mm, 20.0000 mm): Pad 1 [/GNSS/GNSS_VBCKP] of C75 on F.Cu
[unconnected_items]: Missing connection between items
    Local override; error
    @(119.0500 mm, 23.0000 mm): Pad 1 [/GNSS/GNSS_VBCKP] of C74 on F.Cu
    @(119.5200 mm, 20.0000 mm): Pad 1 [/GNSS/GNSS_VBCKP] of C75 on F.Cu
[unconnected_items]: Missing connection between items
    Local override; error
    @(119.5200 mm, 20.0000 mm): Pad 1 [/GNSS/GNSS_VBCKP] of C75 on F.Cu
    @(119.5200 mm, 17.0000 mm): Pad 1 [/GNSS/GNSS_VBCKP] of C76 on F.Cu
[unconnected_items]: Missing connection between items
    Local override; error
    @(54.0500 mm, 51.0000 mm): Pad 13 [/GNSS_PPS] of U10 on F.Cu
    @(101.6500 mm, 15.8000 mm): Pad 31 [/GNSS_PPS] of U30 on F.Cu
[unconnected_items]: Missing connection between items
    Local override; error
    @(32.8625 mm, 76.9500 mm): Pad 3 [/GNSS_PWR_EN] of U3 on F.Cu
    @(30.7200 mm, 90.5500 mm): Pad 2 [/GNSS_PWR_EN] of R8 on F.Cu
[unconnected_items]: Missing connection between items
    Local override; error
    @(37.8625 mm, 76.9500 mm): Pad 3 [/GNSS_PWR_EN] of U4 on F.Cu
    @(32.8625 mm, 76.9500 mm): Pad 3 [/GNSS_PWR_EN] of U3 on F.Cu
[unconnected_items]: Missing connection between items
    Local override; error
    @(37.8625 mm, 76.9500 mm): Pad 3 [/GNSS_PWR_EN] of U4 on F.Cu
    @(63.9500 mm, 53.4000 mm): Pad 42 [/GNSS_PWR_EN] of U10 on F.Cu
[unconnected_items]: Missing connection between items
    Local override; error
    @(81.2375 mm, 5.8000 mm): Pad 1 [/GNSS_RESET_N] of Q30 on F.Cu
    @(54.0500 mm, 51.4000 mm): Pad 14 [/GNSS_RESET_N] of U10 on F.Cu
[unconnected_items]: Missing connection between items
    Local override; error
    @(129.1000 mm, 13.1000 mm): Pad 1 [/GNSS_RESET_N] of R33 on F.Cu
    @(81.2375 mm, 5.8000 mm): Pad 1 [/GNSS_RESET_N] of Q30 on F.Cu
[unconnected_items]: Missing connection between items
    Local override; error
    @(54.0500 mm, 50.6000 mm): Pad 12 [/GNSS_RX] of U10 on F.Cu
    @(126.5500 mm, 13.1000 mm): Pad 2 [/GNSS_RX] of R32 on F.Cu
[unconnected_items]: Missing connection between items
    Local override; error
    @(54.0500 mm, 50.2000 mm): Pad 11 [/GNSS_TX] of U10 on F.Cu
    @(86.0000 mm, 6.1000 mm): Pad 1 [/GNSS_TX] of R30 on F.Cu
[unconnected_items]: Missing connection between items
    Local override; error
    @(57.6000 mm, 54.9500 mm): Pad 27 [/HGM] of U10 on F.Cu
    @(96.3200 mm, 76.0500 mm): Pad 1 [/HGM] of R47 on F.Cu
[unconnected_items]: Missing connection between items
    Local override; error
    @(96.3200 mm, 76.0500 mm): Pad 1 [/HGM] of R47 on F.Cu
    @(120.6750 mm, 62.8625 mm): Pad 6 [/HGM] of U41 on F.Cu
[unconnected_items]: Missing connection between items
    Local override; error
    @(46.8375 mm, 83.7500 mm): Pad 4 [/ICM_INT1] of U20 on F.Cu
    @(54.0500 mm, 46.6000 mm): Pad 2 [/ICM_INT1] of U10 on F.Cu
[unconnected_items]: Missing connection between items
    Local override; error
    @(49.1625 mm, 83.2500 mm): Pad 9 [/ICM_INT2] of U20 on F.Cu
    @(54.0500 mm, 47.0000 mm): Pad 3 [/ICM_INT2] of U10 on F.Cu
[unconnected_items]: Missing connection between items
    Local override; error
    @(48.5000 mm, 81.5875 mm): Pad 12 [/ICM_nCS] of U20 on F.Cu
    @(63.3500 mm, 90.1000 mm): Pad 2 [/ICM_nCS] of R22 on F.Cu
[unconnected_items]: Missing connection between items
    Local override; error
    @(55.2000 mm, 45.0500 mm): Pad 80 [/ICM_nCS] of U10 on F.Cu
    @(48.5000 mm, 81.5875 mm): Pad 12 [/ICM_nCS] of U20 on F.Cu
[unconnected_items]: Missing connection between items
    Local override; error
    @(57.2000 mm, 54.9500 mm): Pad 26 [/LNA_EN] of U10 on F.Cu
    @(93.0100 mm, 76.0500 mm): Pad 1 [/LNA_EN] of R46 on F.Cu
[unconnected_items]: Missing connection between items
    Local override; error
    @(93.0100 mm, 76.0500 mm): Pad 1 [/LNA_EN] of R46 on F.Cu
    @(121.3250 mm, 62.8625 mm): Pad 7 [/LNA_EN] of U41 on F.Cu
[unconnected_items]: Missing connection between items
    Local override; error
    @(54.0500 mm, 47.4000 mm): Pad 4 [/LSM_INT1] of U10 on F.Cu
    @(57.8375 mm, 83.7500 mm): Pad 4 [/LSM_INT1] of U21 on F.Cu
[unconnected_items]: Missing connection between items
    Local override; error
    @(54.0500 mm, 48.2000 mm): Pad 6 [/LSM_INT2] of U10 on F.Cu
    @(60.1625 mm, 83.2500 mm): Pad 9 [/LSM_INT2] of U21 on F.Cu
[unconnected_items]: Missing connection between items
    Local override; error
    @(54.0500 mm, 46.2000 mm): Pad 1 [/LSM_nCS] of U10 on F.Cu
    @(59.5000 mm, 81.5875 mm): Pad 12 [/LSM_nCS] of U21 on F.Cu
[unconnected_items]: Missing connection between items
    Local override; error
    @(59.5000 mm, 81.5875 mm): Pad 12 [/LSM_nCS] of U21 on F.Cu
    @(67.5500 mm, 90.1000 mm): Pad 2 [/LSM_nCS] of R23 on F.Cu
[unconnected_items]: Missing connection between items
    Local override; error
    @(56.8000 mm, 54.9500 mm): Pad 25 [/PA_EN] of U10 on F.Cu
    @(89.7000 mm, 76.0500 mm): Pad 1 [/PA_EN] of R45 on F.Cu
[unconnected_items]: Missing connection between items
    Local override; error
    @(89.7000 mm, 76.0500 mm): Pad 1 [/PA_EN] of R45 on F.Cu
    @(121.9750 mm, 62.8625 mm): Pad 8 [/PA_EN] of U41 on F.Cu
[unconnected_items]: Missing connection between items
    Local override; error
    @(24.1000 mm, 90.5500 mm): Pad 2 [/Power and USB/BUCK_FB] of R6 on F.Cu
    @(26.3900 mm, 90.5500 mm): Pad 1 [/Power and USB/BUCK_FB] of R7 on F.Cu
[unconnected_items]: Missing connection between items
    Local override; error
    @(26.3900 mm, 90.5500 mm): Pad 1 [/Power and USB/BUCK_FB] of R7 on F.Cu
    @(27.1375 mm, 75.0500 mm): Pad 5 [/Power and USB/BUCK_FB] of U2 on F.Cu
[unconnected_items]: Missing connection between items
    Local override; error
    @(24.8625 mm, 76.9500 mm): Pad 3 [/Power and USB/BUCK_SW] of U2 on F.Cu
    @(30.7500 mm, 86.3500 mm): Pad 1 [/Power and USB/BUCK_SW] of L2 on F.Cu
[unconnected_items]: Missing connection between items
    Local override; error
    @(9.9500 mm, 85.1000 mm): Pad 1 [/Power and USB/CAN_5V_FUSED] of D2 on F.Cu
    @(18.8750 mm, 85.3750 mm): Pad 2 [/Power and USB/CAN_5V_FUSED] of F1 on F.Cu
[unconnected_items]: Missing connection between items
    Local override; error
    @(2.8950 mm, 71.6800 mm): PTH pad S1 [/Power and USB/CHASSIS] of J1
    @(2.8950 mm, 80.3200 mm): PTH pad S1 [/Power and USB/CHASSIS] of J1
[unconnected_items]: Missing connection between items
    Local override; error
    @(2.8950 mm, 80.3200 mm): PTH pad S1 [/Power and USB/CHASSIS] of J1
    @(7.0750 mm, 80.3200 mm): PTH pad S1 [/Power and USB/CHASSIS] of J1
[unconnected_items]: Missing connection between items
    Local override; error
    @(7.0750 mm, 71.6800 mm): PTH pad S1 [/Power and USB/CHASSIS] of J1
    @(2.8950 mm, 71.6800 mm): PTH pad S1 [/Power and USB/CHASSIS] of J1
[unconnected_items]: Missing connection between items
    Local override; error
    @(10.0750 mm, 63.6000 mm): Pad 1 [/Power and USB/CHASSIS] of C5 on F.Cu
    @(7.0750 mm, 71.6800 mm): PTH pad S1 [/Power and USB/CHASSIS] of J1
[unconnected_items]: Missing connection between items
    Local override; error
    @(19.0100 mm, 90.5500 mm): Pad 1 [/Power and USB/CHASSIS] of R5 on F.Cu
    @(7.0750 mm, 80.3200 mm): PTH pad S1 [/Power and USB/CHASSIS] of J1
[unconnected_items]: Missing connection between items
    Local override; error
    @(2.3200 mm, 77.2500 mm): Pad A5 [/Power and USB/USB_CC1] of J1 on F.Cu
    @(36.4500 mm, 85.1000 mm): Pad 1 [/Power and USB/USB_CC1] of R1 on F.Cu
[unconnected_items]: Missing connection between items
    Local override; error
    @(2.3200 mm, 74.2500 mm): Pad B5 [/Power and USB/USB_CC2] of J1 on F.Cu
    @(40.6500 mm, 85.1000 mm): Pad 1 [/Power and USB/USB_CC2] of R2 on F.Cu
[unconnected_items]: Missing connection between items
    Local override; error
    @(2.3200 mm, 75.7500 mm): Pad A7 [/Power and USB/USB_DN_CONN] of J1 on F.Cu
    @(2.3200 mm, 76.7500 mm): Pad B7 [/Power and USB/USB_DN_CONN] of J1 on F.Cu
[unconnected_items]: Missing connection between items
    Local override; error
    @(16.8625 mm, 75.0500 mm): Pad 1 [/Power and USB/USB_DN_CONN] of U1 on F.Cu
    @(2.3200 mm, 75.7500 mm): Pad A7 [/Power and USB/USB_DN_CONN] of J1 on F.Cu
[unconnected_items]: Missing connection between items
    Local override; error
    @(2.3200 mm, 75.2500 mm): Pad B6 [/Power and USB/USB_DP_CONN] of J1 on F.Cu
    @(2.3200 mm, 76.2500 mm): Pad A6 [/Power and USB/USB_DP_CONN] of J1 on F.Cu
[unconnected_items]: Missing connection between items
    Local override; error
    @(2.3200 mm, 76.2500 mm): Pad A6 [/Power and USB/USB_DP_CONN] of J1 on F.Cu
    @(16.8625 mm, 76.9500 mm): Pad 3 [/Power and USB/USB_DP_CONN] of U1 on F.Cu
[unconnected_items]: Missing connection between items
    Local override; error
    @(2.3200 mm, 73.6000 mm): Pad B4 [/Power and USB/USB_VBUS] of J1 on F.Cu
    @(2.3200 mm, 78.4000 mm): Pad A4 [/Power and USB/USB_VBUS] of J1 on F.Cu
[unconnected_items]: Missing connection between items
    Local override; error
    @(2.3200 mm, 73.6000 mm): Pad B4 [/Power and USB/USB_VBUS] of J1 on F.Cu
    @(19.1375 mm, 76.0000 mm): Pad 5 [/Power and USB/USB_VBUS] of U1 on F.Cu
[unconnected_items]: Missing connection between items
    Local override; error
    @(19.1375 mm, 76.0000 mm): Pad 5 [/Power and USB/USB_VBUS] of U1 on F.Cu
    @(28.8500 mm, 63.3000 mm): Pad 1 [/Power and USB/USB_VBUS] of D1 on F.Cu
[unconnected_items]: Missing connection between items
    Local override; error
    @(55.2000 mm, 54.9500 mm): Pad 21 [/RF_GPIO0] of U10 on F.Cu
    @(90.7500 mm, 63.4375 mm): Pad 10 [/RF_GPIO0] of U40 on F.Cu
[unconnected_items]: Missing connection between items
    Local override; error
    @(55.6000 mm, 54.9500 mm): Pad 22 [/RF_GPIO2] of U10 on F.Cu
    @(89.5625 mm, 60.7500 mm): Pad 4 [/RF_GPIO2] of U40 on F.Cu
[unconnected_items]: Missing connection between items
    Local override; error
    @(56.0000 mm, 54.9500 mm): Pad 23 [/RF_GPIO3] of U10 on F.Cu
    @(89.5625 mm, 60.2500 mm): Pad 3 [/RF_GPIO3] of U40 on F.Cu
[unconnected_items]: Missing connection between items
    Local override; error
    @(54.0500 mm, 53.0000 mm): Pad 18 [/RF_MISO] of U10 on F.Cu
    @(90.2500 mm, 63.4375 mm): Pad 9 [/RF_MISO] of U40 on F.Cu
[unconnected_items]: Missing connection between items
    Local override; error
    @(54.0500 mm, 52.6000 mm): Pad 17 [/RF_MOSI] of U10 on F.Cu
    @(89.5625 mm, 62.2500 mm): Pad 7 [/RF_MOSI] of U40 on F.Cu
[unconnected_items]: Missing connection between items
    Local override; error
    @(87.4100 mm, 76.0500 mm): Pad 2 [/RF_RESET_N] of R44 on F.Cu
    @(89.5625 mm, 59.7500 mm): Pad 2 [/RF_RESET_N] of U40 on F.Cu
[unconnected_items]: Missing connection between items
    Local override; error
    @(89.5625 mm, 59.7500 mm): Pad 2 [/RF_RESET_N] of U40 on F.Cu
    @(54.0500 mm, 53.8000 mm): Pad 20 [/RF_RESET_N] of U10 on F.Cu
[unconnected_items]: Missing connection between items
    Local override; error
    @(54.0500 mm, 52.2000 mm): Pad 16 [/RF_SCLK] of U10 on F.Cu
    @(89.5625 mm, 62.7500 mm): Pad 8 [/RF_SCLK] of U40 on F.Cu
[unconnected_items]: Missing connection between items
    Local override; error
    @(54.0500 mm, 53.4000 mm): Pad 19 [/RF_nCS] of U10 on F.Cu
    @(84.1000 mm, 76.0500 mm): Pad 2 [/RF_nCS] of R43 on F.Cu
[unconnected_items]: Missing connection between items
    Local override; error
    @(84.1000 mm, 76.0500 mm): Pad 2 [/RF_nCS] of R43 on F.Cu
    @(91.2500 mm, 63.4375 mm): Pad 11 [/RF_nCS] of U40 on F.Cu
[unconnected_items]: Missing connection between items
    Local override; error
    @(59.5925 mm, 60.1000 mm): Pad 2 [/RP2354B MCU/MAIN_LED_A] of D10 on F.Cu
    @(74.6500 mm, 60.1000 mm): Pad 2 [/RP2354B MCU/MAIN_LED_A] of R13 on F.Cu
[unconnected_items]: Missing connection between items
    Local override; error
    @(60.8000 mm, 54.9500 mm): Pad 35 [/RP2354B MCU/RUN] of U10 on F.Cu
    @(70.4500 mm, 60.1000 mm): Pad 2 [/RP2354B MCU/RUN] of R12 on F.Cu
[unconnected_items]: Missing connection between items
    Local override; error
    @(62.8000 mm, 54.9500 mm): Pad 40 [/RP2354B MCU/STATUS_LED] of U10 on F.Cu
    @(73.0000 mm, 60.1000 mm): Pad 1 [/RP2354B MCU/STATUS_LED] of R13 on F.Cu
[unconnected_items]: Missing connection between items
    Local override; error
    @(58.0000 mm, 30.0000 mm): Pad 1 [/RP2354B MCU/SWCLK] of J10 on F.Cu
    @(60.0000 mm, 54.9500 mm): Pad 33 [/RP2354B MCU/SWCLK] of U10 on F.Cu
[unconnected_items]: Missing connection between items
    Local override; error
    @(59.0000 mm, 30.0000 mm): Pad 2 [/RP2354B MCU/SWDIO] of J10 on F.Cu
    @(60.4000 mm, 54.9500 mm): Pad 34 [/RP2354B MCU/SWDIO] of U10 on F.Cu
[unconnected_items]: Missing connection between items
    Local override; error
    @(60.8000 mm, 45.0500 mm): Pad 66 [/RP2354B MCU/USB_DM_MCU] of U10 on F.Cu
    @(66.3800 mm, 60.1000 mm): Pad 2 [/RP2354B MCU/USB_DM_MCU] of R11 on F.Cu
[unconnected_items]: Missing connection between items
    Local override; error
    @(60.4000 mm, 45.0500 mm): Pad 67 [/RP2354B MCU/USB_DP_MCU] of U10 on F.Cu
    @(63.0700 mm, 60.1000 mm): Pad 2 [/RP2354B MCU/USB_DP_MCU] of R10 on F.Cu
[unconnected_items]: Missing connection between items
    Local override; error
    @(44.7800 mm, 37.1000 mm): Pad 1 [/RP2354B MCU/XIN] of C20 on F.Cu
    @(58.8000 mm, 54.9500 mm): Pad 30 [/RP2354B MCU/XIN] of U10 on F.Cu
[unconnected_items]: Missing connection between items
    Local override; error
    @(58.8000 mm, 54.9500 mm): Pad 30 [/RP2354B MCU/XIN] of U10 on F.Cu
    @(68.9000 mm, 50.8500 mm): Pad 1 [/RP2354B MCU/XIN] of Y1 on F.Cu
[unconnected_items]: Missing connection between items
    Local override; error
    @(48.0500 mm, 37.1000 mm): Pad 1 [/RP2354B MCU/XOUT] of C21 on F.Cu
    @(59.2000 mm, 54.9500 mm): Pad 31 [/RP2354B MCU/XOUT] of U10 on F.Cu
[unconnected_items]: Missing connection between items
    Local override; error
    @(59.2000 mm, 54.9500 mm): Pad 31 [/RP2354B MCU/XOUT] of U10 on F.Cu
    @(71.1000 mm, 50.8500 mm): Pad 2 [/RP2354B MCU/XOUT] of Y1 on F.Cu
[unconnected_items]: Missing connection between items
    Local override; error
    @(44.9500 mm, 90.1000 mm): Pad 1 [/Redundant sensors/3V3_SENS] of C57 on F.Cu
    @(50.7125 mm, 90.1000 mm): Pad 2 [/Redundant sensors/3V3_SENS] of FB20 on F.Cu
[unconnected_items]: Missing connection between items
    Local override; error
    @(44.9500 mm, 90.1000 mm): Pad 1 [/Redundant sensors/3V3_SENS] of C57 on F.Cu
    @(47.5000 mm, 84.4125 mm): Pad 5 [/Redundant sensors/3V3_SENS] of U20 on F.Cu
[unconnected_items]: Missing connection between items
    Local override; error
    @(47.5000 mm, 84.4125 mm): Pad 5 [/Redundant sensors/3V3_SENS] of U20 on F.Cu
    @(49.1625 mm, 83.7500 mm): Pad 8 [/Redundant sensors/3V3_SENS] of U20 on F.Cu
[unconnected_items]: Missing connection between items
    Local override; error
    @(48.2200 mm, 74.1000 mm): Pad 1 [/Redundant sensors/3V3_SENS] of C51 on F.Cu
    @(44.7800 mm, 74.1000 mm): Pad 1 [/Redundant sensors/3V3_SENS] of C50 on F.Cu
[unconnected_items]: Missing connection between items
    Local override; error
    @(50.7125 mm, 90.1000 mm): Pad 2 [/Redundant sensors/3V3_SENS] of FB20 on F.Cu
    @(53.3000 mm, 90.1000 mm): Pad 1 [/Redundant sensors/3V3_SENS] of R20 on F.Cu
[unconnected_items]: Missing connection between items
    Local override; error
    @(52.2500 mm, 74.1000 mm): Pad 1 [/Redundant sensors/3V3_SENS] of C52 on F.Cu
    @(48.2200 mm, 74.1000 mm): Pad 1 [/Redundant sensors/3V3_SENS] of C51 on F.Cu
[unconnected_items]: Missing connection between items
    Local override; error
    @(53.3000 mm, 90.1000 mm): Pad 1 [/Redundant sensors/3V3_SENS] of R20 on F.Cu
    @(57.5000 mm, 90.1000 mm): Pad 1 [/Redundant sensors/3V3_SENS] of R21 on F.Cu
[unconnected_items]: Missing connection between items
    Local override; error
    @(55.6900 mm, 74.1000 mm): Pad 1 [/Redundant sensors/3V3_SENS] of C53 on F.Cu
    @(52.2500 mm, 74.1000 mm): Pad 1 [/Redundant sensors/3V3_SENS] of C52 on F.Cu
[unconnected_items]: Missing connection between items
    Local override; error
    @(57.5000 mm, 90.1000 mm): Pad 1 [/Redundant sensors/3V3_SENS] of R21 on F.Cu
    @(61.7000 mm, 90.1000 mm): Pad 1 [/Redundant sensors/3V3_SENS] of R22 on F.Cu

** Found 0 Footprint errors **

** End of Report **
